,Nameplayerid,Seasonplayerid,playeridplayerid,RBIsPredicted,AVGPredicted,HRsPredicted,opsPredicted,runsPredicted
0,Victor Martinez,2019,393,63.62,0.267,14.48,0.785,55.21
1,Juan Uribe,2019,454,35.82,0.206,6.44,0.678,19.20
2,Carlos Beltran,2019,589,66.63,0.260,20.39,0.759,60.05
3,Adrian Beltre,2019,639,78.93,0.284,18.50,0.792,58.44
4,David Ortiz,2019,745,103.03,0.310,38.73,0.902,79.13
5,A.J. Pierzynski,2019,746,31.10,0.232,0.32,0.619,17.09
6,Todd Frazier,2019,785,86.23,0.215,25.04,0.806,62.49
7,Brandon Phillips,2019,791,59.03,0.273,10.66,0.727,66.03
8,Ichiro Suzuki,2019,1101,32.24,0.264,4.99,0.683,43.56
9,Andrew Romine,2019,1159,32.85,0.233,-0.04,0.701,35.32
10,Albert Pujols,2019,1177,65.33,0.251,21.41,0.790,60.24
11,Chris Johnson,2019,1191,15.19,0.224,3.41,0.710,22.35
12,Alex Rodriguez,2019,1274,37.80,0.185,9.49,0.658,15.42
13,Mark Teixeira,2019,1281,46.47,0.198,20.02,0.763,45.71
14,Jayson Werth,2019,1327,55.09,0.247,17.19,0.763,57.52
15,Wilson Ramos,2019,1433,44.78,0.284,16.51,0.725,38.00
16,David Ross,2019,1551,52.26,0.216,16.81,0.753,25.15
17,Coco Crisp,2019,1572,51.24,0.230,13.89,0.732,58.51
18,Chase Utley,2019,1679,47.56,0.256,17.35,0.760,56.40
19,Jose Reyes,2019,1736,32.15,0.226,11.48,0.688,36.23
20,Justin Morneau,2019,1737,29.54,0.253,10.84,0.645,21.78
21,Jhonny Peralta,2019,1738,40.61,0.260,16.45,0.706,31.25
22,Miguel Cabrera,2019,1744,65.07,0.270,15.61,0.816,65.26
23,Rickie Weeks Jr.,2019,1849,27.64,0.240,15.89,0.728,25.43
24,Joe Mauer,2019,1857,52.15,0.293,-0.37,0.834,73.55
25,Matt Holliday,2019,1873,55.12,0.243,14.98,0.747,51.59
26,Jose Bautista,2019,1887,58.15,0.218,22.63,0.826,61.06
27,Andres Blanco,2019,1907,20.95,0.254,5.96,0.631,21.57
28,Adrian Gonzalez,2019,1908,57.54,0.262,12.02,0.747,51.40
29,Desmond Jennings,2019,1965,23.66,0.195,7.19,0.660,20.10
30,David Peralta,2019,2136,63.35,0.291,17.19,0.819,80.96
31,Edwin Encarnacion,2019,2151,93.71,0.243,27.85,0.859,74.28
32,Ryan Howard,2019,2154,59.20,0.166,21.40,0.796,30.26
33,Ryan Raburn,2019,2218,41.10,0.227,12.16,0.734,28.59
34,Kelly Johnson,2019,2234,35.90,0.242,10.92,0.692,37.74
35,Carlos Santana,2019,2396,89.11,0.247,26.41,0.839,90.32
36,Darwin Barney,2019,2430,38.07,0.252,9.50,0.695,44.54
37,Nelson Cruz,2019,2434,84.29,0.257,24.95,0.832,76.03
38,Pedro Alvarez,2019,2495,51.63,0.235,24.83,0.763,46.43
39,Lucas Duda,2019,2502,52.79,0.233,21.21,0.790,42.17
40,Yonder Alonso,2019,2530,65.08,0.254,19.80,0.810,66.98
41,Peter Bourjos,2019,2578,38.13,0.247,11.78,0.685,40.46
42,Carlos Ruiz,2019,2579,7.84,0.281,4.27,0.721,31.65
43,Zack Cozart,2019,2616,49.47,0.253,23.42,0.738,42.52
44,Brandon Guyer,2019,2636,22.16,0.231,18.26,0.699,28.03
45,Manny Pina,2019,2829,46.50,0.262,15.40,0.719,37.05
46,Roberto Perez,2019,2900,24.15,0.196,2.32,0.716,15.30
47,Angel Pagan,2019,2918,56.63,0.272,13.39,0.729,71.22
48,Tommy Pham,2019,2967,62.29,0.285,16.41,0.855,84.14
49,Mike Napoli,2019,3057,66.79,0.227,23.06,0.787,60.37
50,Mitch Moreland,2019,3086,68.56,0.245,16.34,0.787,56.98
51,Gregor Blanco,2019,3123,15.59,0.233,-0.72,0.674,22.78
52,Robinson Chirinos,2019,3142,45.66,0.244,27.80,0.797,45.48
53,Shin-Soo Choo,2019,3174,61.33,0.263,14.71,0.857,83.60
54,Dioner Navarro,2019,3179,40.14,0.216,8.42,0.686,28.24
55,Franklin Gutierrez,2019,3255,44.78,0.244,20.89,0.787,34.93
56,Welington Castillo,2019,3256,52.44,0.264,17.70,0.763,49.33
57,Robinson Cano,2019,3269,52.13,0.294,14.28,0.785,63.90
58,Charlie Culberson,2019,3298,34.25,0.263,16.00,0.686,39.60
59,Martin Prado,2019,3312,25.52,0.269,1.06,0.691,37.80
60,Matt Joyce,2019,3353,47.99,0.220,15.06,0.777,41.86
61,Miguel Montero,2019,3364,38.67,0.235,10.26,0.716,37.83
62,Alejandro De Aza,2019,3371,22.53,0.218,8.70,0.789,25.25
63,Nick Hundley,2019,3376,29.34,0.250,17.09,0.739,29.10
64,Cliff Pennington,2019,3395,37.04,0.262,1.75,0.670,22.49
65,Ryan Braun,2019,3410,60.66,0.255,16.76,0.779,56.09
66,Nolan Reimold,2019,3441,22.25,0.220,7.95,0.667,19.67
67,Jeff Mathis,2019,3448,17.42,0.228,7.25,0.720,14.11
68,Anthony Rizzo,2019,3473,95.48,0.277,25.60,0.829,85.58
69,Eric Hosmer,2019,3516,59.93,0.265,6.74,0.791,85.78
70,Troy Tulowitzki,2019,3531,48.86,0.254,15.69,0.730,48.15
71,Rene Rivera,2019,3648,36.51,0.243,13.07,0.715,33.46
72,Rajai Davis,2019,3708,20.51,0.238,-0.19,0.652,32.50
73,Eric Thames,2019,3711,39.42,0.228,25.57,0.806,42.62
74,J.J. Hardy,2019,3797,46.30,0.254,12.31,0.710,42.65
75,Gregorio Petit,2019,3812,16.72,0.250,0.34,0.654,18.72
76,Chris Young,2019,3882,36.27,0.262,21.69,0.738,40.76
77,Josh Reddick,2019,3892,66.45,0.269,17.31,0.758,63.80
78,Melky Cabrera,2019,4022,61.95,0.278,10.79,0.751,51.70
79,Dexter Fowler,2019,4062,54.65,0.221,13.49,0.767,50.04
80,Erick Aybar,2019,4082,47.01,0.245,9.74,0.697,49.21
81,Michael Brantley,2019,4106,72.34,0.301,16.53,0.789,78.10
82,Gorkys Hernandez,2019,4146,49.84,0.248,9.63,0.726,48.80
83,Yunel Escobar,2019,4191,45.81,0.275,9.10,0.728,57.08
84,Ryan Zimmerman,2019,4220,58.71,0.266,14.03,0.759,53.47
85,Howie Kendrick,2019,4229,48.04,0.271,6.72,0.736,58.35
86,Matt Wieters,2019,4298,40.19,0.243,11.95,0.730,37.51
87,Joey Votto,2019,4314,73.51,0.302,17.18,0.903,90.15
88,Daniel Murphy,2019,4316,56.17,0.301,16.84,0.734,57.69
89,Erik Kratz,2019,4403,24.83,0.254,10.63,0.716,17.32
90,Jed Lowrie,2019,4418,66.57,0.279,18.58,0.848,81.36
91,Brandon Moss,2019,4467,60.09,0.224,22.99,0.773,50.71
92,James Loney,2019,4556,30.79,0.269,8.88,0.690,40.63
93,Starlin Castro,2019,4579,72.04,0.283,14.64,0.764,75.57
94,Prince Fielder,2019,4613,55.10,0.219,8.98,0.708,36.79
95,Russell Martin,2019,4616,29.94,0.206,8.18,0.751,43.52
96,Ben Revere,2019,4712,38.91,0.252,5.34,0.679,46.45
97,Chase Headley,2019,4720,66.10,0.258,13.29,0.770,66.66
98,Jacoby Ellsbury,2019,4727,47.26,0.262,12.72,0.746,64.56
99,Curtis Granderson,2019,4747,52.32,0.232,25.94,0.819,57.24
100,Jeff Francoeur,2019,4792,39.53,0.258,10.04,0.676,35.95
101,Brian McCann,2019,4810,39.86,0.223,15.98,0.700,30.58
102,Jarrod Dyson,2019,4866,21.91,0.224,2.04,0.649,35.97
103,Carlos Gomez,2019,4881,40.63,0.235,13.13,0.734,48.33
104,Mike Moustakas,2019,4892,90.92,0.257,24.97,0.810,72.31
105,Ender Inciarte,2019,4922,67.39,0.279,9.30,0.766,91.63
106,Jason Heyward,2019,4940,45.16,0.271,14.20,0.725,64.75
107,Giancarlo Stanton,2019,4949,106.32,0.257,26.13,0.851,88.13
108,Asdrubal Cabrera,2019,4962,63.57,0.274,24.94,0.791,69.66
109,Luis Valbuena,2019,4969,45.33,0.205,16.89,0.741,29.01
110,Stephen Vogt,2019,5000,50.85,0.250,14.67,0.734,48.57
111,Melvin Upton Jr.,2019,5015,78.71,0.228,8.59,0.734,67.50
112,Josh Donaldson,2019,5038,42.94,0.256,21.42,0.794,48.33
113,Jefry Marte,2019,5107,26.10,0.221,20.20,0.658,20.48
114,Alexei Ramirez,2019,5133,44.29,0.245,9.62,0.676,52.76
115,Alex Gordon,2019,5209,53.26,0.235,11.35,0.797,66.33
116,Justin Upton,2019,5222,78.46,0.260,24.45,0.853,82.39
117,Cameron Maybin,2019,5223,33.62,0.256,5.26,0.729,50.84
118,Jon Jay,2019,5227,43.64,0.280,0.42,0.744,68.18
119,Justin Turner,2019,5235,63.53,0.319,22.89,0.831,71.30
120,Brett Lawrie,2019,5247,36.16,0.252,15.73,0.712,47.19
121,Robbie Grossman,2019,5254,50.24,0.277,10.35,0.788,56.40
122,Sandy Leon,2019,5273,29.24,0.210,9.12,0.673,21.89
123,Francisco Cervelli,2019,5275,44.46,0.267,12.69,0.747,49.82
124,Aaron Hicks,2019,5297,73.77,0.244,21.61,0.813,70.95
125,Alex Presley,2019,5305,11.32,0.302,4.51,0.661,32.46
126,Brandon Crawford,2019,5343,82.84,0.259,10.04,0.790,72.20
127,Yangervis Solarte,2019,5352,58.75,0.242,15.49,0.727,53.26
128,Freddie Freeman,2019,5361,82.34,0.302,25.04,0.874,92.37
129,Juan Lagares,2019,5384,21.87,0.256,10.22,0.659,31.26
130,Jake Smolinski,2019,5408,30.81,0.243,10.00,0.688,30.92
131,Pablo Sandoval,2019,5409,30.34,0.240,5.89,0.709,24.95
132,Jose Altuve,2019,5417,59.95,0.319,19.75,0.792,95.14
133,Daniel Nava,2019,5450,21.30,0.300,14.07,0.734,31.91
134,Ji-Man Choi,2019,5452,37.39,0.264,20.02,0.772,27.05
135,Jose Pirela,2019,5485,41.51,0.269,7.24,0.730,47.52
136,Austin Romine,2019,5491,36.80,0.232,-1.32,0.688,23.39
137,Marwin Gonzalez,2019,5497,53.84,0.267,19.96,0.792,66.20
138,Jarrod Saltalamacchia,2019,5557,56.26,0.169,18.65,0.776,27.25
139,Matt Kemp,2019,5631,76.73,0.278,20.51,0.793,60.29
140,Devin Mesoraco,2019,5666,29.73,0.226,23.85,0.701,27.78
141,Steven Souza Jr.,2019,5667,34.54,0.239,14.93,0.792,49.34
142,Hernan Perez,2019,5751,40.85,0.259,9.59,0.703,42.62
143,Avisail Garcia,2019,5760,58.27,0.254,19.63,0.739,53.67
144,Wilmer Flores,2019,5827,77.21,0.274,17.85,0.720,42.33
145,John Jaso,2019,5887,42.11,0.251,16.31,0.750,48.70
146,Leury Garcia,2019,5913,24.95,0.264,2.08,0.661,30.71
147,Nick Markakis,2019,5930,91.04,0.294,9.52,0.843,90.62
148,Jean Segura,2019,5933,66.46,0.299,8.08,0.726,83.84
149,Didi Gregorius,2019,6012,97.19,0.265,20.58,0.756,73.69
150,Cristhian Adames,2019,6013,11.48,0.218,-1.72,0.622,25.66
151,Aaron Hill,2019,6104,50.90,0.272,14.64,0.757,55.76
152,Eduardo Escobar,2019,6153,82.41,0.262,20.39,0.791,70.25
153,J.D. Martinez,2019,6184,95.59,0.305,29.34,0.862,80.04
154,Ian Kinsler,2019,6195,56.28,0.251,17.60,0.776,72.69
155,Alcides Escobar,2019,6310,61.86,0.250,8.76,0.727,69.44
156,Danny Valencia,2019,6364,60.54,0.255,14.17,0.722,39.91
157,Adam Jones,2019,6368,72.08,0.277,16.72,0.751,80.24
158,Michael Bourn,2019,6387,37.03,0.265,4.68,0.688,49.67
159,Kirk Nieuwenhuis,2019,6400,32.12,0.216,18.60,0.779,46.22
160,Jordy Mercer,2019,6547,49.84,0.256,13.68,0.742,59.84
161,Bobby Wilson,2019,6564,39.07,0.225,19.33,0.645,20.76
162,Sean Rodriguez,2019,6589,52.25,0.269,22.00,0.791,41.84
163,Freddy Galvis,2019,6609,78.98,0.258,12.91,0.794,77.80
164,Chase d'Arnaud,2019,6652,30.02,0.258,3.59,0.678,30.40
165,JB Shuck,2019,6677,18.75,0.219,-0.65,0.603,16.84
166,Johnny Giavotella,2019,6740,41.48,0.259,2.38,0.658,36.80
167,Eduardo Nunez,2019,6848,53.88,0.282,8.87,0.686,58.04
168,Derek Norris,2019,6867,53.45,0.185,12.16,0.761,48.45
169,Mark Trumbo,2019,6876,48.33,0.244,13.14,0.761,52.95
170,Chris Coghlan,2019,6878,27.14,0.189,3.71,0.713,31.11
171,Ian Desmond,2019,6885,65.31,0.244,4.41,0.735,70.35
172,Martin Maldonado,2019,6887,39.16,0.225,12.36,0.692,40.18
173,Clint Robinson,2019,6908,40.32,0.242,2.38,0.666,17.62
174,Yadier Molina,2019,7007,79.77,0.273,22.30,0.788,59.70
175,Caleb Joseph,2019,7087,21.83,0.231,5.39,0.638,21.64
176,Logan Forsythe,2019,7185,38.43,0.250,3.45,0.770,56.02
177,Matt Davidson,2019,7226,64.02,0.227,16.99,0.784,52.10
178,Tyler Moore,2019,7244,41.92,0.239,19.81,0.658,14.96
179,Carlos Gonzalez,2019,7287,64.48,0.278,14.50,0.758,67.41
180,Salvador Perez,2019,7304,75.92,0.245,27.69,0.785,55.85
181,Chris Gimenez,2019,7324,17.45,0.221,20.98,0.742,27.37
182,Seth Smith,2019,7331,49.25,0.252,15.31,0.760,51.31
183,Billy Butler,2019,7399,34.69,0.280,5.70,0.722,28.85
184,Ben Zobrist,2019,7435,69.09,0.285,20.66,0.779,70.95
185,Trevor Plouffe,2019,7462,42.88,0.238,14.83,0.728,41.27
186,Alex Avila,2019,7476,30.59,0.213,12.70,0.838,30.59
187,Neil Walker,2019,7539,50.73,0.243,17.09,0.783,51.21
188,Lonnie Chisenhall,2019,7571,51.30,0.276,16.11,0.724,49.24
189,Mark Reynolds,2019,7619,51.36,0.250,23.35,0.746,41.69
190,Travis d'Arnaud,2019,7739,42.25,0.254,11.41,0.715,43.01
191,Miguel Rojas,2019,7802,43.86,0.262,0.15,0.680,49.88
192,Charlie Blackmon,2019,7859,74.23,0.298,25.63,0.828,97.48
193,Jonathan Lucroy,2019,7870,60.72,0.262,2.97,0.739,54.52
194,Eric Sogard,2019,7927,14.33,0.279,7.16,0.738,42.92
195,Tim Beckham,2019,7949,42.57,0.245,15.00,0.732,48.88
196,Jose Martinez,2019,7996,53.78,0.301,11.88,0.802,68.06
197,Hanley Ramirez,2019,8001,57.90,0.257,17.24,0.783,65.99
198,Adam Lind,2019,8027,55.16,0.260,15.35,0.746,47.63
199,Matt Carpenter,2019,8090,82.55,0.262,32.33,0.927,87.13
200,Josh Harrison,2019,8202,57.96,0.264,16.68,0.724,54.19
201,Dee Gordon,2019,8203,61.93,0.270,-0.76,0.661,78.82
202,Hunter Pence,2019,8252,39.16,0.243,1.65,0.677,38.68
203,Kurt Suzuki,2019,8259,58.52,0.275,27.37,0.728,42.44
204,Chris Iannetta,2019,8267,42.67,0.238,16.42,0.779,41.07
205,Denard Span,2019,8347,66.89,0.262,12.80,0.756,69.68
206,Dustin Pedroia,2019,8370,56.15,0.283,11.75,0.763,67.61
207,Daniel Descalso,2019,8392,63.90,0.254,22.55,0.812,53.09
208,Ehire Adrianza,2019,8418,36.49,0.262,15.79,0.745,40.30
209,Brett Wallace,2019,8434,23.40,0.194,9.70,0.724,26.70
210,Gerardo Parra,2019,8553,54.52,0.290,7.70,0.732,51.61
211,Kendrys Morales,2019,8610,70.29,0.247,15.86,0.800,58.34
212,Paulo Orlando,2019,8628,47.65,0.303,5.90,0.694,62.14
213,Elvis Andrus,2019,8709,55.00,0.275,14.76,0.740,69.37
214,Jason Castro,2019,8722,40.99,0.242,12.15,0.766,48.26
215,Conor Gillaspie,2019,9009,23.58,0.265,12.21,0.674,19.22
216,Gordon Beckham,2019,9015,43.64,0.230,6.96,0.688,28.52
217,Ezequiel Carrera,2019,9048,35.91,0.261,10.35,0.706,47.38
218,Justin Smoak,2019,9054,65.01,0.247,25.45,0.829,68.49
219,Lorenzo Cain,2019,9077,52.42,0.305,6.31,0.803,92.25
220,Khris Davis,2019,9112,105.44,0.231,23.77,0.854,79.20
221,Tyler Flowers,2019,9134,31.40,0.265,16.51,0.791,41.39
222,Buster Posey,2019,9166,51.99,0.304,9.28,0.781,66.00
223,Logan Morrison,2019,9205,49.75,0.204,22.76,0.787,49.88
224,Paul Goldschmidt,2019,9218,70.44,0.297,23.93,0.898,98.57
225,Danny Espinosa,2019,9219,52.04,0.220,17.70,0.742,50.63
226,Starling Marte,2019,9241,52.90,0.279,13.63,0.725,69.51
227,Keon Broxton,2019,9253,41.82,0.248,13.55,0.769,48.71
228,A.J. Pollock,2019,9256,71.53,0.258,25.22,0.781,59.52
229,Chris Davis,2019,9272,66.72,0.181,13.80,0.809,55.98
230,Chris Herrmann,2019,9284,28.24,0.173,4.50,0.719,23.45
231,Brock Holt,2019,9345,36.48,0.264,9.43,0.706,43.07
232,Evan Longoria,2019,9368,90.82,0.256,19.33,0.782,68.56
233,Matt Adams,2019,9393,44.69,0.240,26.02,0.744,37.20
234,Jeremy Hazelbaker,2019,9399,39.41,0.219,11.76,0.664,18.58
235,David Freese,2019,9549,44.91,0.283,6.39,0.734,49.07
236,Yan Gomes,2019,9627,48.72,0.247,18.44,0.751,43.75
237,Shawn O'Malley,2019,9629,10.30,0.229,-2.06,0.623,21.33
238,Adam Rosales,2019,9682,51.77,0.240,17.78,0.726,39.87
239,Justin Bour,2019,9744,58.78,0.246,19.83,0.800,52.70
240,Christian Vazquez,2019,9774,16.77,0.242,-1.21,0.660,25.08
241,Jason Kipnis,2019,9776,66.66,0.241,15.68,0.785,66.91
242,Nolan Arenado,2019,9777,99.26,0.291,27.94,0.853,93.40
243,Kyle Seager,2019,9785,79.77,0.240,21.26,0.812,72.43
244,Ryan Goins,2019,9807,61.26,0.242,3.78,0.695,50.32
245,Brian Dozier,2019,9810,79.48,0.240,28.09,0.826,85.27
246,Andrew McCutchen,2019,9847,84.05,0.269,21.90,0.867,85.36
247,Austin Jackson,2019,9848,31.37,0.282,5.57,0.713,41.84
248,DJ LeMahieu,2019,9874,80.88,0.290,3.15,0.778,80.18
249,Ivan De Jesus,2019,9886,12.81,0.254,-5.90,0.647,25.08
250,Jay Bruce,2019,9892,49.78,0.240,21.97,0.788,52.78
251,Colby Rasmus,2019,9893,55.97,0.204,22.58,0.776,43.49
252,Chris Carter,2019,9911,67.34,0.227,18.77,0.774,49.66
253,Brett Gardner,2019,9927,71.44,0.247,9.03,0.775,90.08
254,Trayce Thompson,2019,9952,26.67,0.207,13.74,0.689,31.23
255,Ryan Schimpf,2019,9953,61.36,0.223,29.56,0.790,45.97
256,Steve Pearce,2019,9957,39.79,0.269,25.20,0.739,38.88
257,Michael Saunders,2019,9981,46.93,0.239,15.52,0.741,49.47
258,Christian Bethancourt,2019,10028,20.52,0.226,8.04,0.627,13.82
259,Chris Owings,2019,10030,39.10,0.243,7.88,0.726,36.04
260,Wil Myers,2019,10047,59.63,0.253,22.87,0.818,62.00
261,Max Stassi,2019,10059,20.52,0.231,14.38,0.709,25.18
262,Jonathan Villar,2019,10071,46.62,0.255,7.93,0.739,66.63
263,Mike Trout,2019,10155,80.69,0.304,31.22,0.912,96.33
264,Billy Hamilton,2019,10199,54.54,0.242,3.71,0.703,78.06
265,Tucker Barnhart,2019,10200,50.25,0.263,13.27,0.783,55.68
266,Jose Iglesias,2019,10231,42.21,0.268,9.83,0.694,57.42
267,Randal Grichuk,2019,10243,61.07,0.236,29.74,0.758,51.92
268,Brandon Belt,2019,10264,49.35,0.265,19.04,0.838,61.83
269,Oswaldo Arcia,2019,10306,25.08,0.190,17.21,0.694,15.51
270,Danny Santana,2019,10322,17.21,0.245,3.19,0.658,19.76
271,Rafael Ortega,2019,10323,4.55,0.243,-3.28,0.605,17.62
272,Marcell Ozuna,2019,10324,71.07,0.290,20.67,0.823,83.69
273,Scooter Gennett,2019,10339,70.25,0.297,21.32,0.786,75.57
274,John Ryan Murphy,2019,10346,26.63,0.207,16.75,0.711,13.38
275,Domingo Santana,2019,10348,44.36,0.275,11.90,0.771,45.55
276,Tommy Joseph,2019,10349,62.33,0.247,19.21,0.746,51.38
277,Adeiny Hechavarria,2019,10459,52.48,0.255,6.12,0.716,36.46
278,Enrique Hernandez,2019,10472,59.25,0.239,21.09,0.765,51.63
279,Cheslor Cuthbert,2019,10473,48.45,0.281,14.93,0.729,57.23
280,Derek Dietrich,2019,10542,55.88,0.269,16.43,0.758,63.11
281,Cesar Hernandez,2019,10556,56.75,0.269,9.94,0.768,90.14
282,Carlos Perez,2019,10642,30.97,0.223,5.81,0.640,21.64
283,Corey Dickerson,2019,10762,65.43,0.285,12.92,0.762,68.90
284,Tyler Saladino,2019,10807,36.19,0.243,9.08,0.686,40.70
285,Jurickson Profar,2019,10815,56.57,0.251,14.29,0.768,66.23
286,Jedd Gyorko,2019,10816,61.66,0.265,19.86,0.763,51.96
287,Andrelton Simmons,2019,10847,76.43,0.293,19.83,0.759,80.60
288,Adam Duvall,2019,10950,73.03,0.215,23.08,0.775,57.22
289,Greg Garcia,2019,10951,18.66,0.239,-5.20,0.672,29.53
290,Phil Gosselin,2019,10953,21.57,0.279,-2.97,0.645,29.63
291,Evan Gattis,2019,11003,76.84,0.228,25.12,0.731,44.21
292,Kevin Kiermaier,2019,11038,39.70,0.239,9.29,0.710,47.41
293,Cameron Rupp,2019,11146,45.19,0.242,12.18,0.727,45.70
294,Ramon Flores,2019,11165,35.25,0.217,-0.68,0.674,29.90
295,Kole Calhoun,2019,11200,81.12,0.227,16.43,0.830,70.19
296,Adam Eaton,2019,11205,34.09,0.300,4.98,0.759,68.15
297,Matt Szczur,2019,11255,31.30,0.253,11.61,0.686,36.93
298,Jonathan Schoop,2019,11265,76.94,0.241,19.93,0.727,64.87
299,Aaron Altherr,2019,11270,35.74,0.212,9.83,0.739,35.30
300,Whit Merrifield,2019,11281,80.91,0.298,12.36,0.813,92.93
301,Jake Marisnick,2019,11339,30.85,0.212,12.19,0.672,25.89
302,Jesus Aguilar,2019,11342,95.01,0.263,25.79,0.827,60.83
303,Yasmani Grandal,2019,11368,61.81,0.244,24.51,0.806,56.72
304,Brett Eibner,2019,11369,23.91,0.188,7.06,0.652,13.83
305,Delino DeShields,2019,11379,31.31,0.243,0.53,0.704,51.04
306,Tyler Holt,2019,11391,10.46,0.243,-8.26,0.647,25.28
307,Ronald Torreyes,2019,11400,40.03,0.287,10.16,0.593,38.85
308,Gary Sanchez,2019,11442,56.63,0.209,27.58,0.763,47.02
309,Mark Canha,2019,11445,47.74,0.247,21.05,0.765,50.75
310,Tony Wolters,2019,11470,18.79,0.207,-2.04,0.641,25.50
311,Dixon Machado,2019,11472,16.79,0.221,5.86,0.683,18.57
312,Odubel Herrera,2019,11476,54.07,0.262,11.59,0.728,74.30
313,Christian Yelich,2019,11477,76.67,0.301,17.38,0.857,100.98
314,Michael A. Taylor,2019,11489,33.83,0.246,13.72,0.713,47.75
315,Manny Machado,2019,11493,98.10,0.281,24.40,0.833,92.71
316,Bryce Harper,2019,11579,98.63,0.264,23.65,0.877,87.49
317,Yolmer Sanchez,2019,11602,64.76,0.251,8.12,0.749,74.91
318,Willson Contreras,2019,11609,48.57,0.264,15.79,0.739,56.57
319,Rosell Herrera,2019,11611,27.08,0.246,2.54,0.710,31.08
320,Brandon Drury,2019,11615,55.74,0.264,16.31,0.740,58.75
321,Elias Diaz,2019,11680,31.51,0.269,8.74,0.683,28.10
322,Nicholas Castellanos,2019,11737,77.27,0.292,24.49,0.866,84.53
323,Christian Villanueva,2019,11738,42.27,0.228,26.68,0.716,43.13
324,J.T. Realmuto,2019,11739,65.87,0.279,22.80,0.771,73.78
325,Leonys Martin,2019,11846,52.86,0.262,19.46,0.751,52.26
326,Tyler Austin,2019,11850,49.84,0.202,15.88,0.721,23.95
327,Ronny Rodriguez,2019,11875,23.95,0.228,8.76,0.668,13.04
328,Joc Pederson,2019,11899,55.21,0.233,23.66,0.774,51.60
329,Joe Panik,2019,11936,59.84,0.272,7.36,0.720,54.52
330,Travis Shaw,2019,11982,81.72,0.247,24.88,0.825,75.76
331,Cody Asche,2019,11997,21.32,0.226,11.30,0.698,18.79
332,Niko Goodrum,2019,12092,52.88,0.245,15.41,0.780,62.43
333,Kennys Vargas,2019,12101,29.73,0.241,11.51,0.670,30.09
334,Max Kepler,2019,12144,66.48,0.240,19.90,0.799,72.52
335,Nick Ahmed,2019,12147,63.59,0.233,11.27,0.758,54.97
336,Eddie Rosario,2019,12155,70.63,0.281,21.66,0.762,74.89
337,Austin Barnes,2019,12158,13.66,0.236,7.22,0.715,31.89
338,Ben Gamel,2019,12160,31.14,0.279,5.84,0.711,50.14
339,Xander Bogaerts,2019,12161,76.19,0.283,21.17,0.802,84.32
340,Miguel Sano,2019,12164,46.35,0.230,19.17,0.791,40.84
341,Jorge Bonifacio,2019,12174,33.21,0.244,15.48,0.749,35.71
342,Maikel Franco,2019,12179,66.58,0.248,19.98,0.718,61.46
343,Jorge Alfaro,2019,12180,32.75,0.284,2.29,0.727,44.25
344,Scott Schebler,2019,12225,54.86,0.243,20.41,0.762,54.86
345,Rougned Odor,2019,12282,75.38,0.243,24.02,0.807,68.41
346,Kevan Smith,2019,12284,33.57,0.274,0.83,0.609,29.45
347,Cory Spangenberg,2019,12294,27.29,0.246,5.32,0.729,46.34
348,Jace Peterson,2019,12325,20.44,0.223,5.53,0.690,27.73
349,Taylor Motter,2019,12399,25.84,0.200,18.54,0.693,23.87
350,Ryan Rua,2019,12409,30.04,0.258,7.50,0.693,36.94
351,Kevin Pillar,2019,12434,73.76,0.253,15.21,0.748,70.03
352,T.J. Rivera,2019,12495,26.18,0.290,16.82,0.663,27.54
353,Jett Bandy,2019,12508,42.23,0.239,16.81,0.658,15.57
354,Curt Casali,2019,12510,20.35,0.190,18.29,0.717,16.63
355,Kolten Wong,2019,12532,45.86,0.264,10.77,0.702,52.36
356,Marcus Semien,2019,12533,75.23,0.255,18.88,0.786,76.51
357,C.J. Cron,2019,12546,70.87,0.247,23.42,0.773,56.86
358,John Hicks,2019,12547,27.79,0.271,9.24,0.723,33.29
359,Eugenio Suarez,2019,12552,84.82,0.269,24.08,0.860,79.62
360,Trevor Story,2019,12564,73.77,0.278,27.75,0.837,78.52
361,Alex Dickerson,2019,12649,37.69,0.261,19.40,0.727,33.76
362,Billy Burns,2019,12701,27.11,0.239,-6.00,0.568,36.08
363,Brad Miller,2019,12775,42.44,0.250,9.48,0.769,36.46
364,George Springer,2019,12856,69.23,0.265,18.10,0.801,84.06
365,Brian Goodwin,2019,12858,49.37,0.245,24.12,0.711,29.40
366,James McCann,2019,12859,43.66,0.236,8.15,0.755,41.96
367,Anthony Rendon,2019,12861,95.40,0.302,25.45,0.824,87.20
368,Gregory Polanco,2019,12907,74.26,0.256,24.00,0.761,62.19
369,Francisco Lindor,2019,12916,87.65,0.273,23.71,0.848,98.30
370,Alen Hanson,2019,12926,40.80,0.243,18.90,0.625,28.62
371,Brandon Nimmo,2019,12927,39.15,0.278,17.71,0.805,66.65
372,Jose Osuna,2019,12937,28.52,0.227,9.64,0.634,17.71
373,Austin Hedges,2019,12976,41.88,0.226,20.52,0.719,34.06
374,Javier Baez,2019,12979,72.47,0.273,22.00,0.753,77.01
375,Jackie Bradley Jr.,2019,12984,63.95,0.246,18.32,0.797,73.34
376,Kelby Tomlinson,2019,13005,22.39,0.254,-11.50,0.640,29.64
377,Teoscar Hernandez,2019,13066,66.63,0.241,18.41,0.786,62.01
378,Nori Aoki,2019,13075,47.31,0.269,5.30,0.696,55.15
379,Yoenis Cespedes,2019,13110,60.90,0.273,21.26,0.772,56.19
380,Mikie Mahtook,2019,13130,39.77,0.215,15.69,0.684,29.01
381,Josh Bell,2019,13145,73.26,0.265,12.13,0.797,72.31
382,Jorge Polanco,2019,13152,43.16,0.283,14.41,0.724,47.55
383,Nicky Delmonico,2019,13157,31.12,0.221,11.22,0.695,31.95
384,Blake Swihart,2019,13176,9.69,0.241,6.98,0.666,18.16
385,Tyler Goeddel,2019,13180,19.01,0.194,-3.88,0.633,19.18
386,Orlando Arcia,2019,13185,33.42,0.247,0.94,0.669,45.00
387,Mike Zunino,2019,13265,50.63,0.212,31.14,0.764,40.48
388,Joey Rickard,2019,13277,20.58,0.245,14.74,0.664,26.45
389,Max Muncy,2019,13301,64.49,0.255,32.89,0.882,70.83
390,Jake Lamb,2019,13329,57.24,0.236,16.04,0.781,48.74
391,Omar Narvaez,2019,13338,18.40,0.270,4.75,0.722,40.56
392,Luke Maile,2019,13355,24.53,0.269,11.16,0.715,27.63
393,Tyler Naquin,2019,13359,44.43,0.306,16.79,0.774,52.92
394,Stephen Piscotty,2019,13367,69.72,0.257,18.10,0.798,68.98
395,Jose Ramirez,2019,13510,93.69,0.279,32.48,0.842,100.20
396,Jesse Winker,2019,13590,25.26,0.315,12.81,0.818,48.27
397,Jose Peraza,2019,13593,60.16,0.284,7.82,0.723,77.19
398,Mallex Smith,2019,13608,34.59,0.284,1.79,0.701,63.00
399,Mookie Betts,2019,13611,88.79,0.318,32.95,0.863,102.64
400,Ketel Marte,2019,13613,49.11,0.266,9.93,0.745,58.91
401,Jeimer Candelario,2019,13621,78.43,0.232,20.69,0.809,77.78
402,Corey Seager,2019,13624,61.28,0.282,17.02,0.812,77.96
403,David Dahl,2019,13744,36.33,0.275,21.62,0.710,31.94
404,Chris Taylor,2019,13757,67.23,0.270,17.58,0.815,81.26
405,Travis Jankowski,2019,13768,19.77,0.255,-3.87,0.692,51.63
406,Adalberto Mondesi,2019,13769,35.06,0.274,20.64,0.731,36.66
407,Adonis Garcia,2019,13777,40.17,0.269,8.54,0.722,67.67
408,Kevin Plawecki,2019,13807,27.92,0.226,15.88,0.710,27.18
409,Matt Duffy,2019,13836,43.46,0.285,-1.21,0.737,60.85
410,Joey Wendle,2019,13853,97.27,0.307,12.31,0.779,75.40
411,Devon Travis,2019,13862,31.54,0.249,7.66,0.688,43.78
412,Bruce Maxwell,2019,13866,23.91,0.255,3.20,0.736,27.36
413,Patrick Kivlehan,2019,13910,26.33,0.198,10.10,0.697,19.56
414,Addison Russell,2019,14106,41.68,0.249,6.85,0.737,56.27
415,Albert Almora Jr.,2019,14109,55.20,0.290,9.53,0.688,51.75
416,Joey Gallo,2019,14128,59.66,0.191,31.63,0.892,70.90
417,Greg Bird,2019,14131,52.47,0.208,20.80,0.757,30.65
418,Daniel Robertson,2019,14145,33.09,0.256,8.74,0.741,42.92
419,Byron Buxton,2019,14161,51.51,0.246,18.34,0.730,56.17
420,Carlos Correa,2019,14162,88.28,0.256,11.10,0.774,66.58
421,Jorge Soler,2019,14221,37.49,0.264,24.12,0.749,31.20
422,Yasiel Puig,2019,14225,60.42,0.256,21.77,0.763,59.17
423,Mitch Haniger,2019,14274,79.06,0.284,24.41,0.808,78.86
424,Wilmer Difo,2019,14320,49.93,0.240,8.00,0.682,51.05
425,Nick Williams,2019,14330,40.13,0.256,8.84,0.720,49.80
426,Matt Olson,2019,14344,59.63,0.240,27.55,0.845,64.62
427,Lewis Brinson,2019,14352,43.34,0.200,12.39,0.719,37.46
428,Ronald Guzman,2019,14388,41.64,0.231,12.34,0.741,50.71
429,Jake Cave,2019,14477,46.93,0.260,11.89,0.729,33.64
430,Renato Nunez,2019,14503,31.80,0.263,19.75,0.662,26.67
431,Pedro Severino,2019,14523,15.76,0.179,7.91,0.635,12.28
432,Nomar Mazara,2019,14553,64.89,0.252,12.03,0.772,67.47
433,Franmil Reyes,2019,14566,27.43,0.273,12.85,0.757,35.56
434,David Bote,2019,14593,35.30,0.241,5.79,0.703,22.06
435,Manuel Margot,2019,14712,75.09,0.262,10.67,0.759,60.46
436,Phillip Ervin,2019,14738,41.79,0.250,8.20,0.719,31.26
437,JaCoby Jones,2019,14818,49.33,0.207,13.57,0.752,53.27
438,Tony Kemp,2019,14894,23.78,0.267,17.18,0.718,36.42
439,Daniel Palka,2019,14897,44.87,0.227,23.43,0.741,49.34
440,Andrew Knapp,2019,14942,19.62,0.230,6.87,0.723,23.04
441,Johan Camargo,2019,14950,48.81,0.282,16.16,0.743,55.07
442,Victor Caratini,2019,14968,11.74,0.235,-0.59,0.641,19.38
443,Johnny Field,2019,15048,27.80,0.219,14.29,0.668,16.50
444,Adam Engel,2019,15082,31.97,0.226,12.14,0.671,45.39
445,Ryan McMahon,2019,15112,20.12,0.236,0.03,0.696,20.76
446,Hunter Dozier,2019,15117,37.69,0.240,14.89,0.782,36.80
447,Trey Mancini,2019,15149,78.46,0.245,12.91,0.768,77.95
448,Mitch Garver,2019,15161,29.22,0.284,13.22,0.766,40.75
449,Tim Anderson,2019,15172,59.39,0.241,15.85,0.728,72.66
450,Chad Pinder,2019,15191,33.60,0.257,13.55,0.757,35.82
451,Jake Bauers,2019,15194,68.95,0.206,21.20,0.809,46.16
452,Carlos Asuaje,2019,15197,26.30,0.238,8.96,0.715,24.60
453,Adam Frazier,2019,15223,38.02,0.277,10.42,0.721,50.82
454,Jeff McNeil,2019,15362,13.86,0.339,13.10,0.668,42.73
455,Kris Bryant,2019,15429,68.12,0.285,26.00,0.797,77.13
456,Ryon Healy,2019,15447,54.51,0.244,18.85,0.740,57.58
457,Hunter Renfroe,2019,15464,68.58,0.237,29.78,0.785,50.42
458,Victor Reyes,2019,15487,13.63,0.227,-3.77,0.663,12.70
459,Amed Rosario,2019,15518,60.11,0.257,6.88,0.722,76.60
460,Tyler White,2019,15564,34.19,0.254,19.02,0.703,28.91
461,Aaron Judge,2019,15640,80.54,0.285,26.25,0.906,80.93
462,Jose Abreu,2019,15676,86.25,0.273,19.57,0.794,76.53
463,Allen Cordoba,2019,15722,28.64,0.210,0.09,0.620,17.88
464,Miguel Andujar,2019,15878,78.23,0.288,28.42,0.768,76.40
465,Aledmys Diaz,2019,15937,52.83,0.266,21.89,0.690,44.16
466,Willy Adames,2019,15986,31.76,0.286,9.22,0.722,43.52
467,Cody Bellinger,2019,15998,72.60,0.264,27.19,0.839,81.44
468,Austin Slater,2019,16153,10.84,0.273,-7.82,0.699,27.72
469,Bradley Zimmer,2019,16221,41.91,0.244,8.28,0.715,44.57
470,Trea Turner,2019,16252,48.36,0.284,17.19,0.756,88.05
471,Yairo Munoz,2019,16313,33.31,0.278,8.71,0.735,39.24
472,Michael Conforto,2019,16376,67.82,0.247,19.86,0.823,73.81
473,Rhys Hoskins,2019,16472,77.30,0.239,34.20,0.836,72.10
474,Kyle Schwarber,2019,16478,54.89,0.223,22.78,0.820,64.47
475,Matt Chapman,2019,16505,59.81,0.272,21.32,0.815,73.46
476,Isiah Kiner-Falefa,2019,16512,28.29,0.262,5.15,0.710,49.81
477,Ozzie Albies,2019,16556,61.37,0.271,22.01,0.761,74.04
478,Greg Allen,2019,16623,19.48,0.269,4.81,0.706,34.94
479,Colin Moran,2019,16909,73.20,0.273,10.23,0.754,52.36
480,Gleyber Torres,2019,16997,71.78,0.265,22.30,0.801,59.61
481,Dustin Fowler,2019,17098,25.52,0.229,8.16,0.690,10.41
482,Yasmany Tomas,2019,17171,58.09,0.259,21.79,0.792,64.05
483,Jung Ho Kang,2019,17182,50.54,0.244,23.90,0.770,45.80
484,Yoan Moncada,2019,17232,49.64,0.249,16.06,0.806,65.41
485,Rafael Devers,2019,17350,44.32,0.250,13.34,0.728,50.92
486,J.T. Riddle,2019,17642,34.51,0.236,7.93,0.685,26.19
487,Alex Bregman,2019,17678,77.38,0.280,27.53,0.829,90.01
488,Andrew Benintendi,2019,17901,93.31,0.282,15.33,0.804,91.20
489,Ian Happ,2019,17919,53.64,0.253,15.73,0.799,58.09
490,Scott Kingery,2019,17975,63.39,0.230,10.34,0.709,53.46
491,David Fletcher,2019,17992,26.60,0.284,10.82,0.684,38.57
492,Paul DeJong,2019,18015,64.80,0.254,24.86,0.778,57.16
493,Harrison Bader,2019,18030,55.68,0.271,19.64,0.768,61.19
494,Brian Anderson,2019,18289,57.67,0.286,12.63,0.818,91.48
495,Dansby Swanson,2019,18314,58.66,0.244,14.39,0.772,66.30
496,Ronald Acuna Jr.,2019,18401,64.78,0.296,28.49,0.811,69.53
497,Byung-ho Park,2019,18497,45.35,0.174,20.26,0.718,21.95
498,Hyun Soo Kim,2019,18718,34.74,0.265,7.80,0.722,44.65
499,Guillermo Heredia,2019,18721,31.03,0.246,5.87,0.688,40.77
500,Dae-Ho Lee,2019,18722,26.02,0.231,7.08,0.669,29.17
501,Yuli Gurriel,2019,19198,82.70,0.294,17.50,0.737,71.19
502,Lourdes Gurriel Jr.,2019,19238,32.19,0.265,17.22,0.663,26.24
503,Shohei Ohtani,2019,19755,46.14,0.276,20.42,0.796,49.27
504,Juan Soto,2019,20123,41.77,0.288,16.19,0.797,75.64
