Name,Season,League,Position,playerid,runsPredicted,HRsPredicted,RBIsPredicted,AVGPredicted,opsPredicted,linearSvrRBI,linearSvrAVG,linearSvrHR,linearSvrOPS,linearSVRRuns,svrRBI,svrAVG,SvrHR,svrOPS,svrRuns,runsActual,HRsActual,RBIsActuals,AVGActuals,OpsActuals
Ronald Acuna Jr.,2019,NL,OF,18401,76.30676841,25.23311758,71.27869305,0.292572689,0.91796796,73.02457727,0.299801427,25.23385349,0.919207025,73.12636835,75.27914471,0.2565,26.65723191,0.856925529,23.48225735,127,41,101,0.28,0.883
Cody Bellinger,2019,NL,OF,15998,84.47444787,28.27619497,81.92742287,0.277986566,0.848902905,82.90424452,0.280802695,28.00446175,0.849796123,82.0123844,87.64493923,0.2565,31.06713568,0.818562257,24.31575356,121,47,115,0.305,1.035
Anthony Rendon,2019,NL,3B,12861,84.94591524,25.6257819,87.95879363,0.29064305,0.905912813,84.74929721,0.296206423,25.36941979,0.906981014,86.48309022,86.79393137,0.2565,24.64313344,0.836598776,33.07460371,117,34,126,0.319,1.01
Freddie Freeman,2019,NL,1B,5361,96.0010962,27.94931893,92.98614053,0.312899557,0.929253574,90.23642023,0.319951063,27.71155649,0.930456641,96.27004762,91.34418912,0.2565,29.17082021,0.84952073,60.16569918,113,38,121,0.295,0.938
Charlie Blackmon,2019,NL,OF,7859,111.0669345,30.11619542,88.97597184,0.30355002,0.909281428,93.33702112,0.311523028,29.84035144,0.910365733,106.4977106,86.903538,0.2565,29.88691519,0.836838554,54.44653526,112,32,86,0.314,0.94
Trevor Story,2019,NL,SS,12564,84.52405335,32.06306416,91.63071615,0.281920501,0.869328963,93.62173848,0.290771778,31.6925271,0.870241317,82.23261002,93.74716567,0.2565,34.25305818,0.821771334,34.21601948,111,35,85,0.294,0.917
Juan Soto,2019,NL,OF,20123,74.39634384,23.46465017,67.93099042,0.296986469,0.922897664,67.00824959,0.304163516,23.5120592,0.924078857,74.16271397,69.88867159,0.2565,25.23188832,0.842354545,24.62390707,110,34,110,0.282,0.949
Kris Bryant,2019,NL,3B,15429,81.14748931,20.79541341,69.41334765,0.289232654,0.878012322,69.46237607,0.295867103,20.72683637,0.878996556,80.03023186,73.2864986,0.2565,19.913626,0.823919651,26.22284951,108,31,77,0.282,0.903
Adam Eaton,2019,NL,OF,11205,64.36538305,7.293522832,42.67833404,0.287719751,0.800514661,43.75821878,0.290556027,7.429458457,0.800813936,64.00654165,46.95343493,0.2565,7.214671355,0.801217697,41.9132996,103,15,49,0.279,0.792
Nolan Arenado,2019,NL,3B,9777,99.78937042,36.34675169,110.4340678,0.29262762,0.941837795,107.4734616,0.301828933,35.89065844,0.943150227,99.64086552,96.36011343,0.2565,35.41670306,0.863668968,49.62293369,102,41,118,0.315,0.962
Ozzie Albies,2019,NL,2B,16556,71.55581919,17.78919522,59.73934373,0.259442119,0.77292664,63.4966975,0.259123907,17.65361556,0.773182777,68.41616458,66.91811966,0.2565,17.36944505,0.797875354,30.79806021,102,24,86,0.295,0.852
Max Muncy,2019,NL,2B,13301,77.52370003,33.39099461,82.04451897,0.278450882,0.972868548,81.13698415,0.285444747,33.35333105,0.974697436,74.9869031,75.41584799,0.2565,29.05771531,0.935275608,34.65499435,101,35,98,0.251,0.889
Christian Yelich,2019,NL,OF,11477,101.0807819,33.4786573,89.8977209,0.311021992,0.928214004,91.58179644,0.317696837,33.18699014,0.929549046,100.3276907,92.10495459,0.2565,32.4196208,0.857728566,42.67429703,100,44,97,0.329,1.1
Bryce Harper,2019,NL,OF,11579,89.95146398,31.43276904,93.01446781,0.286055011,0.917053079,86.67490405,0.293601021,31.18231798,0.918331527,91.0746321,90.35286175,0.2565,35.26566756,0.849539786,44.17260623,98,35,114,0.26,0.882
Paul Goldschmidt,2019,NL,1B,9218,105.8125234,33.16457173,98.76146666,0.309503732,0.933164331,98.15193153,0.31852857,32.84271844,0.934545102,104.262715,95.94561677,0.2565,34.69808975,0.863017787,50.68427948,97,34,97,0.26,0.821
Starling Marte,2019,NL,OF,9241,67.12063383,15.11890348,55.69759569,0.273032333,0.767602928,57.85554659,0.273276383,15.02800992,0.767781554,65.43942468,59.11588585,0.2565,14.82509621,0.794608408,49.53605806,97,23,82,0.295,0.845
Ketel Marte,2019,NL,OF,13613,59.31261371,11.7108948,42.76560114,0.253725357,0.744381364,46.47184761,0.254135405,11.68244185,0.744407613,57.63036267,47.26391467,0.2565,10.57616566,0.783283671,32.6529509,97,32,92,0.329,0.981
Paul DeJong,2019,NL,SS,18015,58.82293005,20.76325972,62.73776883,0.25752608,0.77930185,62.26012912,0.259125425,20.60991466,0.779735601,57.76739285,62.87313954,0.2565,22.08815496,0.801875528,23.6612574,97,30,78,0.233,0.762
Josh Donaldson,2019,NL,3B,5038,51.50514948,18.27636831,51.53279343,0.260591891,0.859036235,50.80098609,0.265844276,18.4201764,0.859971859,50.20535986,52.37854646,0.2565,17.31319992,0.821000729,67.60676696,96,37,94,0.259,0.9
Trea Turner,2019,NL,SS,16252,81.50215565,17.18992952,58.07499266,0.282983513,0.786411419,62.35451732,0.282684685,17.04769393,0.786679097,79.09163867,66.15028492,0.2565,16.18919248,0.799056901,24.68387813,96,19,57,0.298,0.85
Eduardo Escobar,2019,NL,3B,6153,69.81944888,21.58730476,75.04412026,0.263547848,0.782956913,73.28027813,0.264376232,21.31809745,0.783320694,69.53134063,72.98436193,0.2565,20.90167295,0.801141478,61.97709469,94,35,118,0.269,0.831
Josh Bell,2019,NL,1B,13145,75.42145444,19.15086202,63.57648942,0.264390488,0.777575947,64.5034782,0.264614991,18.92966832,0.777932254,75.36439925,66.88753716,0.2565,18.26731447,0.798731359,35.92051486,94,37,116,0.277,0.936
J.T. Realmuto,2019,NL,C,11739,71.92923318,19.81306492,67.42614803,0.275534696,0.806376114,68.15922384,0.276081143,19.65110507,0.806882115,70.81777139,69.73688971,0.2565,19.54034401,0.805754765,43.55159407,92,25,83,0.275,0.82
Michael Conforto,2019,NL,OF,16376,74.58188485,25.49613245,75.24210309,0.267527225,0.832821809,73.50575161,0.269861827,25.32132076,0.833655895,73.30950203,75.67213999,0.2565,27.53465321,0.814327861,24.52090269,90,33,92,0.257,0.856
Anthony Rizzo,2019,NL,1B,3473,91.44672174,28.26403684,95.00031979,0.27991664,0.870085231,90.13208381,0.282244129,27.86236603,0.87102479,93.35780689,92.74814796,0.2565,26.73035792,0.821670392,71.10079129,89,27,94,0.293,0.924
Javier Baez,2019,NL,SS,12979,76.58008719,29.71106144,84.00221687,0.291543608,0.840742344,84.05629913,0.295310303,29.40179798,0.841435082,75.4460007,88.68198753,0.2565,33.25866994,0.813014039,35.78432661,89,29,85,0.281,0.847
Eugenio Suarez,2019,NL,3B,12552,84.8191806,28.92133315,88.00885913,0.281760368,0.856357575,85.67326112,0.285631834,28.60696079,0.857251219,84.30540193,87.93991005,0.2565,31.16009925,0.819346711,36.11746635,87,49,103,0.271,0.93
Rhys Hoskins,2019,NL,1B,16472,73.80135523,29.57790109,79.81544424,0.255481776,0.899138551,78.39583711,0.259608987,29.41741276,0.900420362,72.74232893,77.76148385,0.2565,31.44305943,0.850006249,25.39943489,86,29,85,0.226,0.819
Joc Pederson,2019,NL,OF,11899,55.77600873,21.4389401,57.12133568,0.234397628,0.811872002,57.63273004,0.236372338,21.41976321,0.812635096,53.42964461,58.36979734,0.2565,20.9691642,0.810337861,42.95875524,83,36,74,0.249,0.876
Kevin Pillar,2019,NL,OF,12434,66.50868231,15.75614569,63.73214153,0.249088804,0.703930812,63.97859186,0.245387092,15.54418714,0.703744892,64.40182985,63.0494095,0.2565,14.3776631,0.767928079,34.38769376,83,21,88,0.259,0.719
Jeff McNeil,2019,NL,OF,15362,36.21383629,-1.378359649,20.12685523,0.28898148,0.851979339,22.91218487,0.292715302,-0.884814352,0.852392332,35.2407567,24.16804073,0.2565,5.71498909,0.80669528,28.3742034,83,23,75,0.318,0.916
Corey Seager,2019,NL,SS,13624,79.23889978,20.58223381,72.34168965,0.286209901,0.819828244,71.71343552,0.288532462,20.43250913,0.820386461,77.80952008,75.63621849,0.2565,20.48610089,0.807848298,30.84804145,82,19,87,0.272,0.817
Kyle Schwarber,2019,NL,DH,16478,67.50325301,25.0015927,70.91424908,0.256389551,0.810604486,67.85077653,0.258888026,24.90656471,0.811266904,65.04909214,68.80633492,0.2565,25.27106891,0.808291763,26.23104964,82,38,92,0.25,0.871
Manny Machado,2019,NL,3B,11493,97.3033316,31.37760235,111.1075629,0.283311918,0.864810001,106.2256382,0.284005975,30.92118719,0.865742463,95.84264048,97.53064271,0.2565,31.19862283,0.821455754,37.96216252,81,32,85,0.256,0.796
Mike Moustakas,2019,NL,2B,4892,78.29367697,27.20031349,93.58765904,0.252276012,0.792289796,90.52316668,0.250720059,26.78738037,0.79278166,76.80237781,88.84251296,0.2565,27.18324988,0.805079061,66.17526068,80,35,87,0.254,0.845
Justin Turner,2019,NL,3B,5235,72.1326007,16.54503396,67.17559496,0.293220883,0.921015841,65.28429177,0.297926917,16.62223147,0.922117321,72.30681128,65.71133352,0.2565,15.05083175,0.834982681,63.58581014,80,27,67,0.29,0.881
Marcell Ozuna,2019,NL,OF,10324,82.85801716,25.41321217,86.17666977,0.288225273,0.809282358,84.80779114,0.286734838,25.03875905,0.80979678,82.41461029,83.29322383,0.2565,25.05289554,0.807136851,46.42583341,80,29,89,0.243,0.804
Adam Frazier,2019,NL,OF,15223,48.32507875,9.747079116,38.63679112,0.260407547,0.781489012,39.86226225,0.262182075,9.871421343,0.781716782,47.8356458,41.48693231,0.2565,9.518054106,0.796224727,29.45856474,80,10,50,0.278,0.753
Joey Votto,2019,NL,1B,4314,99.35029892,22.77147504,84.13997566,0.303181709,0.909467827,80.75673635,0.310218412,22.5730035,0.910608424,100.782531,82.68411584,0.2565,19.26093216,0.826109706,71.11567806,79,15,47,0.261,0.768
Jean Segura,2019,NL,SS,5933,79.65342233,13.01651867,61.58025231,0.29500571,0.77306899,60.79288933,0.291232564,12.90415004,0.773154876,79.17123281,63.71042746,0.2565,11.03226381,0.793716532,59.54183302,79,12,60,0.28,0.743
Yasmani Grandal,2019,NL,C,11368,66.46330728,23.26786132,68.68327768,0.248778222,0.800686184,68.39715607,0.250434118,23.10711581,0.801379517,64.58185146,68.28067459,0.2565,24.1279508,0.808007679,42.36107492,79,28,77,0.246,0.848
Nick Ahmed,2019,NL,SS,12147,51.18511595,14.27445046,50.30879138,0.228944695,0.659914594,50.76571044,0.227280083,14.04836766,0.659524885,50.54611177,50.27684707,0.2565,13.51411439,0.730308047,36.57179699,79,19,82,0.254,0.753
Jason Heyward,2019,NL,OF,4940,56.49906086,10.4533642,43.01954925,0.2547284,0.715620084,44.39734043,0.252626347,10.35238934,0.715454139,57.02648335,46.12029714,0.2565,8.853091939,0.768658191,67.14923453,78,21,62,0.251,0.772
Cesar Hernandez,2019,NL,2B,10556,87.2330699,13.13247408,55.56870781,0.285424079,0.745409458,57.23938563,0.283450444,12.99761572,0.74544878,85.44625025,59.49940085,0.2565,11.27567129,0.786934043,43.64513922,77,14,71,0.279,0.741
Dansby Swanson,2019,NL,SS,18314,55.11861676,12.91718759,56.45759905,0.256993624,0.680047065,52.10620368,0.254555849,12.73370969,0.679600058,56.01419277,51.35452781,0.2565,12.05200209,0.738808838,24.16681395,77,17,65,0.251,0.748
Brandon Belt,2019,NL,1B,10264,62.85573707,15.51009491,54.50771053,0.26252271,0.78755268,55.20608209,0.264768922,15.46701796,0.788009986,61.55846264,55.99852163,0.2565,14.43639615,0.801441372,44.21807394,76,17,57,0.234,0.742
Yasiel Puig,2019,NL,OF,14225,63.11709262,21.84421138,67.29012045,0.257741535,0.816371306,66.12537831,0.258577933,21.7524741,0.817001654,61.37397291,66.94106474,0.2565,22.95280191,0.809161644,28.73188851,76,24,84,0.267,0.785
Lorenzo Cain,2019,NL,OF,9077,87.8914551,11.61066451,57.99261662,0.300952177,0.802784937,59.32165024,0.301236174,11.60557219,0.80309565,85.79631461,62.17157977,0.2565,10.37558485,0.802070008,50.40664355,75,11,48,0.26,0.697
Amed Rosario,2019,NL,SS,15518,65.80166325,12.01690276,47.03677348,0.26643912,0.67598042,50.01087257,0.260694206,11.84008995,0.675567444,64.17840794,51.63504998,0.2565,10.2842714,0.742044937,27.52551971,75,15,72,0.287,0.755
Eric Hosmer,2019,NL,1B,3516,84.94260315,23.25972652,79.09335968,0.284834433,0.772958218,78.11518966,0.282421118,22.96160707,0.773186304,84.19102149,79.81399074,0.2565,22.68080834,0.797608648,70.95588269,72,22,99,0.265,0.735
Ryan Braun,2019,NL,OF,3410,57.33992005,21.77135307,63.03643285,0.25557173,0.80637621,61.25858194,0.257736434,21.70444003,0.806860412,56.5763261,61.36928709,0.2565,22.85877554,0.805525775,69.10651048,70,22,75,0.285,0.849
Ryan McMahon,2019,NL,2B,15112,21.63277533,5.903319468,20.48371735,0.240688777,0.683028406,20.70602817,0.249400908,6.092101069,0.682703562,21.07500774,23.3963299,0.2565,6.276562003,0.745646821,31.36907934,70,24,83,0.25,0.779
Dexter Fowler,2019,NL,OF,4062,46.80562158,12.55759707,38.36558721,0.221630144,0.684887172,38.67682978,0.221670008,12.4781216,0.684861201,46.18678849,40.32797236,0.2565,12.39153114,0.761936498,73.38645741,69,19,67,0.238,0.754
Franmil Reyes,2019,NL,OF,14566,42.15754324,16.38273104,41.9390281,0.271761269,0.838033891,42.38268515,0.276101705,16.68416998,0.838737169,39.2750877,41.60531424,0.2565,14.04875442,0.813196909,34.0169675,69,37,81,0.249,0.822
Starlin Castro,2019,NL,SS,4579,72.54463314,14.53664021,64.49920222,0.285991834,0.748285643,62.79593491,0.282952851,14.39855188,0.748265462,71.67559595,62.9691942,0.2565,13.79367703,0.786128731,68.06684808,68,22,86,0.27,0.736
Eric Thames,2019,NL,1B,3711,50.29017141,22.7598024,48.51611203,0.247687853,0.811862658,50.32157449,0.252873886,22.80131989,0.812598856,47.2785734,52.84647478,0.2565,20.49714121,0.80943293,73.69211517,67,25,61,0.247,0.851
David Dahl,2019,NL,OF,13744,34.4420889,14.90327232,37.45436053,0.274285914,0.859036406,37.69958566,0.282613694,15.18018056,0.859572763,33.54346126,36.02695891,0.2565,13.50242256,0.812460129,34.24568967,67,15,61,0.302,0.877
Adam Jones,2019,NL,OF,6368,77.45530863,18.15572662,78.75613457,0.275442126,0.750220559,76.93658223,0.271737905,17.8927694,0.750244653,75.61455205,75.01380498,0.2565,16.6722554,0.790315166,60.48904054,66,16,67,0.26,0.728
Jarrod Dyson,2019,NL,OF,4866,29.22518556,0.804588062,17.88892807,0.209065783,0.598384917,17.39207844,0.208601908,0.861589475,0.597702849,28.98332651,20.13479091,0.2565,1.984616754,0.674592791,65.28793644,65,7,27,0.23,0.633
Brian Goodwin,2019,NL,OF,12858,36.29792084,15.38930809,39.613299,0.249060311,0.810968655,38.6578184,0.254628397,15.59055531,0.81141538,34.64328055,39.6974275,0.2565,13.10014789,0.805012416,32.96995839,65,17,47,0.262,0.796
Ian Desmond,2019,NL,OF,6885,64.34760037,20.55165812,55.22891834,0.257825261,0.725883356,57.65612274,0.259593988,20.32335661,0.72575923,63.69988013,60.12374501,0.2565,21.7732391,0.777774977,55.94279883,64,20,65,0.255,0.788
Hunter Renfroe,2019,NL,OF,15464,57.31267524,24.95883971,70.66488359,0.241361109,0.789498188,69.52359142,0.242513313,24.7881719,0.790067475,54.7245253,67.02895674,0.2565,24.72197984,0.805071955,24.85748473,64,33,64,0.216,0.778
Scott Kingery,2019,NL,OF,17975,48.38610743,8.296643098,39.95266316,0.236150385,0.605038204,40.44503403,0.232585867,8.157209264,0.604267096,46.62407192,42.29308941,0.2565,6.955816812,0.659720078,26.90267455,64,19,55,0.258,0.788
Todd Frazier,2019,NL,3B,785,61.34726886,21.07500747,65.33269574,0.222875054,0.724007135,62.60703934,0.220614125,20.81204817,0.724284164,60.5917784,64.28939457,0.2565,22.19264284,0.790709275,95.06112683,63,21,67,0.251,0.772
Jose Iglesias,2019,NL,SS,10231,50.14373821,8.044314176,44.05040034,0.24767085,0.680723865,44.43527937,0.244831593,7.939919391,0.68028758,50.6532533,46.82579528,0.2565,6.054090557,0.742197106,47.74879572,62,11,59,0.288,0.724
Howie Kendrick,2019,NL,2B,4229,54.74967535,11.83708526,47.59126113,0.270092469,0.761072725,47.08332002,0.271434906,11.87866009,0.761149151,54.20173415,47.53289049,0.2565,12.2763459,0.789314409,70.58754729,61,17,62,0.344,0.966
Nick Markakis,2019,NL,OF,5930,82.26792942,18.06933071,77.8171458,0.290396319,0.779247124,73.05821816,0.288549515,17.72622698,0.779379454,85.8884656,72.27155542,0.2565,13.7041536,0.794724667,60.41248843,61,9,62,0.285,0.776
Kolten Wong,2019,NL,2B,12532,47.74058173,7.373857868,39.9050351,0.253588701,0.73655142,38.14525463,0.253995489,7.448226768,0.736532993,48.26244434,38.51373221,0.2565,6.984932841,0.779096817,40.05035604,61,11,59,0.285,0.784
Matt Carpenter,2019,NL,3B,8090,95.89489821,28.82855737,90.43844796,0.268756652,0.877070274,87.75705263,0.274002695,28.57040426,0.878256606,93.94315527,90.78495382,0.2565,30.053837,0.832382888,53.62352078,59,15,46,0.226,0.726
Evan Longoria,2019,NL,3B,9368,66.87275028,19.28711478,71.26414224,0.252599662,0.721383751,69.76135581,0.248657985,18.99501558,0.721361408,65.59639863,67.89845823,0.2565,18.81016421,0.781453863,48.95297604,59,20,69,0.254,0.762
Manuel Margot,2019,NL,OF,14712,58.06068164,11.63644265,49.13878628,0.253190498,0.689776286,49.91923906,0.249824154,11.49042115,0.689448218,56.98772824,49.31359812,0.2565,9.591115055,0.751051662,26.62723253,59,12,37,0.234,0.691
Brandon Crawford,2019,NL,SS,5343,65.7682547,15.46232783,66.17647824,0.269175166,0.72094205,61.87619866,0.266029176,15.25005933,0.720788697,66.54732248,60.70965345,0.2565,14.51897938,0.77216298,65.14271238,58,11,59,0.228,0.654
Wil Myers,2019,NL,OF,10047,60.16523194,19.53248783,59.67952953,0.259785558,0.775688831,59.88475585,0.26249746,19.44405747,0.776081904,58.37685316,59.62413077,0.2565,19.99985701,0.800143777,47.90174957,58,18,53,0.239,0.739
Enrique Hernandez,2019,NL,OF,10472,51.11857368,16.076687,50.07676966,0.236867251,0.762954504,48.34040624,0.237541105,16.07253068,0.763323922,49.83245983,50.27415746,0.2565,15.77269836,0.797265854,48.70476979,57,17,64,0.237,0.715
Willson Contreras,2019,NL,C,11609,60.40329337,16.45623471,54.70668481,0.265713958,0.778405001,55.48440224,0.26791315,16.38608015,0.778727219,60.16610476,54.89549782,0.2565,16.37410821,0.797770982,40.84521314,57,24,64,0.272,0.888
Brian Anderson,2019,NL,3B,18289,85.91754451,15.7420175,59.74408133,0.283423858,0.756979842,62.90792471,0.281682627,15.50962945,0.757187909,85.51716863,66.52703011,0.2565,12.60426899,0.792553016,23.66548101,57,20,66,0.261,0.811
Daniel Murphy,2019,NL,1B,4316,60.5883406,15.23804985,62.76572121,0.284855447,0.850553291,60.41645816,0.288125601,15.25274762,0.851080939,60.89583578,60.4565683,0.2565,14.05142058,0.810734308,69.34767622,56,13,78,0.279,0.78
Brian Dozier,2019,NL,2B,9810,84.13689776,25.40697648,79.26742714,0.245534146,0.763298164,79.93925472,0.244174175,25.02463562,0.763725389,81.89014897,84.99713115,0.2565,25.56120723,0.800779311,51.00642748,54,20,50,0.238,0.771
Harrison Bader,2019,NL,OF,18030,54.47220804,11.7541533,45.29514607,0.278243751,0.755968905,44.31769382,0.281316414,11.83324843,0.756145843,53.19110608,46.26410659,0.2565,12.41450951,0.790898044,24.92210864,54,12,39,0.205,0.68
Wilson Ramos,2019,NL,C,1433,45.81834634,16.2550489,53.48968137,0.273906272,0.813058059,51.61716656,0.276144309,16.2979515,0.813478517,46.5607717,50.01364944,0.2565,15.68044507,0.804880293,91.97381381,52,14,73,0.288,0.768
Miguel Rojas,2019,NL,SS,7802,44.56190395,4.593897359,41.11000102,0.251127672,0.667887877,38.27656578,0.247439215,4.583646292,0.667356607,45.07895963,38.1539483,0.2565,4.895452952,0.733502575,55.04464349,52,5,46,0.284,0.71
Chris Taylor,2019,NL,OF,13757,79.97285768,21.40355152,62.90565715,0.281323432,0.797480738,67.85330232,0.284366218,21.20183701,0.798029662,77.5911804,72.57197668,0.2565,21.33477952,0.80509663,30.45666103,52,12,52,0.262,0.794
Jesse Winker,2019,NL,OF,13590,43.58638434,4.208999284,37.5533147,0.281882082,0.835977997,35.84738378,0.286421649,4.497119157,0.836399214,45.24441125,35.63109669,0.2565,6.118022849,0.805458018,32.92733401,51,16,38,0.269,0.83
Joe Panik,2019,NL,2B,11936,52.11229207,5.653361821,42.69406608,0.24794242,0.683172427,40.62759552,0.244250899,5.636730501,0.682760471,52.02592435,41.22268518,0.2565,4.621662285,0.745013939,45.26841459,50,5,39,0.244,0.651
A.J. Pollock,2019,NL,OF,9256,59.32183134,20.4641362,57.7979017,0.252779159,0.80029394,58.57756156,0.255054874,20.37868945,0.800781799,57.83086998,59.72831173,0.2565,21.18732773,0.80483697,53.11338819,49,15,47,0.266,0.795
David Peralta,2019,NL,OF,2136,86.07370754,25.14262365,79.93191973,0.289343452,0.846380415,81.85323505,0.291762939,24.92240644,0.847093697,83.5453541,84.84198882,0.2565,26.00432513,0.814206372,76.64412832,48,12,57,0.275,0.804
Maikel Franco,2019,NL,3B,12179,61.53684041,20.71700174,71.95728782,0.24818446,0.748894117,69.56204182,0.245050094,20.48292186,0.748974012,60.30544651,68.34406895,0.2565,21.88189589,0.791455114,38.32672976,48,17,56,0.234,0.705
Ben Gamel,2019,NL,OF,12160,44.60758456,2.627354959,29.23201058,0.272159109,0.730079785,31.0320037,0.27391567,2.780908901,0.729993639,44.2656581,32.48897109,0.2565,3.003616603,0.777709655,35.15600845,47,7,33,0.248,0.71
Robinson Cano,2019,NL,2B,3269,60.8572965,16.28484625,63.04170383,0.280322298,0.832544733,61.03988321,0.28061884,16.25581725,0.83309443,61.56100413,61.08217166,0.2565,16.0552317,0.808717687,77.74534033,46,13,39,0.256,0.736
Colin Moran,2019,NL,3B,16909,52.73367372,11.12642713,53.28442797,0.271372492,0.746963706,49.07964951,0.270962581,11.08105896,0.746941239,54.48849961,48.83224799,0.2565,11.11075949,0.783651365,24.66645184,46,13,80,0.277,0.751
Yadier Molina,2019,NL,C,7007,60.08752156,17.80548951,67.65824013,0.25552257,0.754000757,64.34672152,0.252634138,17.58458274,0.754128623,60.82380973,63.3930405,0.2565,17.65431511,0.792200201,57.43698635,45,10,57,0.27,0.711
Jose Martinez,2019,NL,OF,7996,66.87012408,17.45018833,65.41266608,0.29683071,0.843772947,63.9155676,0.298798911,17.3957353,0.844370447,67.77177644,63.5943673,0.2565,16.93935665,0.81036739,55.62584748,45,10,42,0.269,0.751
Andrew McCutchen,2019,NL,OF,9847,92.236002,23.08938606,79.0908833,0.273099535,0.806459106,78.60229398,0.27392188,22.80024107,0.807086969,90.85421336,83.45151565,0.2565,21.59769058,0.807243679,46.64696435,45,10,29,0.256,0.834
Jorge Alfaro,2019,NL,C,12180,45.23856189,10.61272143,41.64510806,0.292518935,0.7309744,41.73329378,0.298434288,10.69310911,0.730907179,44.08770139,39.80086946,0.2565,10.67000613,0.777026101,37.81729408,44,18,57,0.262,0.736
Buster Posey,2019,NL,C,9166,62.85726767,8.386220916,54.16981464,0.283845573,0.782740093,51.19677783,0.283813311,8.393694958,0.782873041,64.39707446,51.60308238,0.2565,6.671342293,0.795725093,52.32284929,43,7,38,0.257,0.688
Pablo Sandoval,2019,NL,3B,5409,25.96622569,10.4578052,30.98223152,0.226802404,0.698479397,30.18130818,0.228081023,10.52540194,0.698382237,26.12533669,27.07634663,0.2565,9.366570399,0.765835799,64.48661272,42,14,41,0.268,0.82
Matt Adams,2019,NL,1B,9393,42.21386783,20.37450649,52.8526463,0.241891238,0.801895044,52.00296003,0.244185518,20.36285579,0.802423136,41.32448441,51.94626617,0.2565,19.44370795,0.805637919,51.41261525,42,20,56,0.226,0.741
Derek Dietrich,2019,NL,2B,10542,66.38695435,14.09834199,53.80149667,0.269863064,0.757881798,55.3355608,0.270307583,14.04047387,0.758089797,64.32208319,56.1411466,0.2565,13.38516145,0.792467565,45.46977232,41,19,43,0.187,0.79
Jose Osuna,2019,NL,3B,12937,22.45949947,11.69525299,21.97528194,0.21580069,0.69698341,23.71561559,0.218488011,11.77428126,0.696858322,21.89787974,24.05449871,0.2565,9.840583432,0.767582126,36.37971356,41,10,36,0.264,0.766
Albert Almora Jr.,2019,NL,OF,14109,48.54119206,5.852022096,41.51856808,0.275771616,0.725604859,39.2584415,0.275812957,5.908285052,0.725314079,49.46902135,41.04692674,0.2565,5.64729843,0.769286384,31.78036108,41,12,32,0.236,0.651
Juan Lagares,2019,NL,OF,5384,29.24802797,1.871112567,21.13734504,0.238620096,0.660993537,21.24116533,0.241028417,2.035710999,0.660537962,28.30319987,22.66912922,0.2565,3.328154995,0.728562709,62.56343721,38,5,27,0.213,0.605
Gerardo Parra,2019,NL,OF,8553,46.24556953,7.674617925,44.22285909,0.273983625,0.733357209,41.18047539,0.277132508,7.669100533,0.73298868,48.64121065,42.03413372,0.2565,7.613324108,0.769256288,52.79716692,38,9,48,0.234,0.684
Neil Walker,2019,NL,2B,7539,49.03708286,12.03261449,44.50172424,0.240809069,0.720388341,43.38360489,0.240457912,11.99938109,0.720426611,48.72439249,44.69455746,0.2565,12.13507951,0.777690081,56.76758864,37,8,38,0.261,0.738
Kurt Suzuki,2019,NL,C,8259,44.90892234,13.25555045,49.38433863,0.246980362,0.802111132,47.45273838,0.248622658,13.32411505,0.802500289,44.98830387,46.80467362,0.2565,12.22642784,0.802863781,52.0456319,37,17,63,0.264,0.809
Jose Peraza,2019,NL,2B,13593,70.17579721,9.516209592,56.61771178,0.275169073,0.707825727,55.03881679,0.270324547,9.398286647,0.707434849,69.14111916,54.6757774,0.2565,7.051521972,0.759604286,28.95478775,37,6,33,0.239,0.631
Tyler Flowers,2019,NL,C,9134,39.64572405,8.034973798,34.16361089,0.250341676,0.744637279,34.12776432,0.254245911,8.17362471,0.744793799,39.51805666,32.14517483,0.2565,8.614097889,0.786850191,48.8706873,36,11,34,0.229,0.733
Yan Gomes,2019,NL,C,9627,46.87356566,14.86152548,49.80988126,0.247355604,0.722428561,49.1810941,0.24965426,14.7882438,0.722439865,45.79963962,48.77272586,0.2565,14.70673595,0.780116377,48.77238009,36,12,43,0.223,0.704
David Freese,2019,NL,1B,9549,47.54760522,11.96378961,44.67675453,0.283345307,0.796095213,43.19750918,0.286690737,12.0816442,0.796384405,48.51426922,42.9200599,0.2565,12.48154807,0.799683214,47.37921758,35,11,29,0.315,1.002
Adeiny Hechavarria,2019,NL,SS,10459,34.07800754,5.098561925,33.42276583,0.238824599,0.642266325,30.52672982,0.237184289,5.11064134,0.641644841,34.13835455,28.85645105,0.2565,5.152113634,0.703373656,44.97487425,34,9,33,0.241,0.742
Brandon Nimmo,2019,NL,OF,12927,68.11092294,15.56208249,45.68016832,0.282867357,0.859927272,49.83998199,0.290262897,15.70483754,0.860908722,65.93838491,53.09548903,0.2565,14.72707338,0.816563679,39.78264962,34,8,29,0.221,0.783
Corey Dickerson,2019,NL,OF,10762,75.74587654,18.69864948,70.00328009,0.283881391,0.803062903,71.4724159,0.284015906,18.56390136,0.803443966,72.97710927,72.0597132,0.2565,17.39753864,0.803864721,43.17413049,33,12,59,0.304,0.906
Tucker Barnhart,2019,NL,C,10200,55.11325168,9.71946376,50.40416412,0.258297533,0.715179239,48.06823239,0.258007271,9.662119922,0.714963181,55.51181268,47.47428215,0.2565,8.932189798,0.765177168,47.69790146,32,11,40,0.231,0.708
Wilmer Flores,2019,NL,1B,5827,45.97053954,12.70122481,53.59915868,0.24566938,0.758868295,49.64361119,0.244496134,12.68266702,0.759023066,46.41453321,48.57952659,0.2565,11.62369626,0.79252625,61.390438,31,9,37,0.317,0.848
Johan Camargo,2019,NL,3B,14950,55.57105602,15.10663477,55.4111104,0.274494029,0.799073925,54.79344708,0.278101102,15.07273324,0.799414728,55.91434543,54.63694243,0.2565,14.63116813,0.801500237,34.54423602,31,7,32,0.233,0.663
Ender Inciarte,2019,NL,OF,4922,82.26435841,12.58582402,56.91615861,0.281172329,0.723913658,58.29951932,0.27597022,12.38867107,0.723681822,81.34036271,59.87361165,0.2565,9.485831547,0.770610903,67.83140504,30,5,24,0.246,0.74
Hernan Perez,2019,NL,2B,5751,42.6144689,9.694991095,40.59897183,0.246395313,0.689522616,40.6617898,0.246357695,9.687007481,0.68920399,41.18398968,39.39235544,0.2565,9.542907713,0.75291835,60.68126568,29,8,18,0.228,0.642
Alex Dickerson,2019,NL,OF,12649,34.46672877,10.69307997,33.6610907,0.24218837,0.787967272,33.52276091,0.244392972,10.87580827,0.788338232,34.23513722,32.60622212,0.2565,9.899693308,0.800099997,37.46894302,29,6,28,0.276,0.82
Brian McCann,2019,NL,C,4810,32.61461604,9.579183635,34.70234531,0.212267099,0.686501214,32.89328516,0.211562906,9.598860532,0.686463282,32.39734215,31.61312268,0.2565,9.143717616,0.76295966,66.00648454,28,12,45,0.249,0.734
Austin Barnes,2019,NL,C,12158,28.1692713,3.343570756,20.60474527,0.238866974,0.70147769,20.13296274,0.242266886,3.594127661,0.701432961,28.11258401,21.85937036,0.2565,6.104240144,0.768246492,34.01016312,28,5,25,0.203,0.633
Austin Hedges,2019,NL,C,12976,38.9622745,15.58159898,45.70016754,0.230449722,0.695683835,45.52270359,0.230832398,15.50686819,0.695625435,37.04053964,43.1809938,0.2565,13.46692038,0.769384063,34.6004058,28,11,36,0.176,0.563
Martin Prado,2019,NL,3B,3312,36.94002625,2.170639812,30.80556853,0.243620416,0.647168257,30.64758673,0.24391369,2.163272921,0.646636432,37.62909006,30.23299463,0.2565,2.736934538,0.725305795,80.17651908,26,2,15,0.233,0.559
Jake Lamb,2019,NL,3B,13329,45.52952338,16.45070906,47.13699884,0.240282549,0.73028354,45.41236107,0.244258177,16.35538121,0.730418313,46.25295761,47.47365571,0.2565,17.6695275,0.784536944,30.28812552,26,6,30,0.193,0.676
Addison Russell,2019,NL,2B,14106,49.69056827,9.352446255,41.5820735,0.252034872,0.684596284,41.70907967,0.25141395,9.287123599,0.684272889,49.46986744,42.56250689,0.2565,8.647493947,0.747397603,29.25808822,25,9,23,0.237,0.699
Ian Happ,2019,NL,OF,17919,57.05114006,18.7030532,54.79164279,0.276398511,0.785240444,52.93374146,0.281774974,18.69805745,0.785687254,56.16589725,54.89129734,0.2565,19.00490041,0.801228102,23.51891459,25,11,30,0.264,0.898
Ben Zobrist,2019,NL,2B,7435,66.22813782,12.52581582,54.38983233,0.269749822,0.781877803,52.87960132,0.269886432,12.46581813,0.782103781,67.22224696,54.23589882,0.2565,10.611222,0.796500771,53.91069656,24,1,17,0.26,0.671
Gregory Polanco,2019,NL,OF,12907,62.44459457,20.33819017,64.73517933,0.254307091,0.790744855,63.22158164,0.256005426,20.16954088,0.791197139,62.22089326,63.50233521,0.2565,20.34127482,0.802908053,32.45017421,23,6,17,0.242,0.726
Alex Avila,2019,NL,C,7476,31.72557618,11.9567209,31.18869603,0.230957566,0.685206357,29.79270955,0.235606007,12.05755576,0.685261896,31.31372635,27.78491845,0.2565,9.796045764,0.76440211,57.17209313,22,9,24,0.207,0.774
Travis Shaw,2019,NL,3B,11982,77.02114392,28.10167711,86.52576469,0.254624018,0.826263974,83.37092333,0.256701845,27.78003314,0.827028658,76.35596628,85.04740346,0.2565,30.37861307,0.812132545,35.89115755,22,7,16,0.157,0.551
Carlos Gonzalez,2019,NL,OF,7287,66.52897452,18.41944604,62.33606608,0.275071901,0.791734674,62.56930538,0.280179772,18.28869892,0.791928509,66.08369725,63.95679295,0.2565,18.57953686,0.798720923,55.62974841,21,3,10,0.2,0.572
Ryan Zimmerman,2019,NL,1B,4220,54.0039289,21.41174925,61.62822895,0.259888627,0.837291778,60.76153602,0.263779512,21.36860678,0.837976796,53.71424034,60.1881071,0.2565,21.85536875,0.81272578,72.68116808,20,6,27,0.257,0.736
Chris Iannetta,2019,NL,C,8267,43.19626063,12.69657932,41.79724465,0.240687319,0.760729872,40.7089697,0.245652606,12.79259836,0.760963077,42.42729637,39.09787547,0.2565,11.53375108,0.792311993,54.26268766,20,6,21,0.222,0.728
Daniel Descalso,2019,NL,2B,8392,47.51808488,13.87273171,42.88620433,0.248906174,0.768797698,42.35954662,0.252975391,13.86221012,0.769109692,48.51338442,43.57905639,0.2565,13.29289859,0.795191351,52.33522322,20,2,15,0.173,0.521
Welington Castillo,2019,NL,C,3256,51.28520937,16.07258581,56.01920829,0.266548329,0.767982471,53.83832849,0.268991349,16.02837919,0.768159368,51.06519158,53.580463,0.2565,16.42535534,0.794625153,72.67897246,19,12,41,0.209,0.684
Adam Duvall,2019,NL,OF,10950,54.79250532,21.99786274,64.33384823,0.226773153,0.697227055,63.5701321,0.226381836,21.65041223,0.697211464,54.40729345,63.03624696,0.2565,22.80209366,0.774051337,41.699762,17,10,19,0.267,0.882
Matt Wieters,2019,NL,C,4298,35.70493568,7.823636831,38.30499314,0.229488566,0.683109105,35.70684702,0.229398708,7.835840444,0.682820852,36.06381473,32.79459695,0.2565,7.688875765,0.747826317,70.45863021,15,11,27,0.214,0.702
Francisco Cervelli,2019,NL,C,5275,46.23826885,8.985572319,38.62309842,0.257020458,0.768900924,38.68035338,0.260099245,9.060460658,0.769188795,47.14538055,37.83320866,0.2565,8.743577606,0.794983992,66.17378477,15,3,12,0.213,0.649
Scooter Gennett,2019,NL,2B,10339,77.93253756,23.68254354,78.28498312,0.297022766,0.842995434,77.41353849,0.299624698,23.43054053,0.843621395,78.07467365,81.32471226,0.2565,24.33171598,0.812220997,52.5124219,15,2,11,0.226,0.568
Wilmer Difo,2019,NL,2B,14320,45.41454367,6.664811311,32.5834077,0.247094062,0.660272203,32.57068305,0.245871651,6.651968539,0.659718662,45.05406919,34.9349991,0.2565,6.278266057,0.719114824,28.58486468,15,2,8,0.252,0.628
Lewis Brinson,2019,NL,OF,14352,36.77400661,13.07498852,36.11816737,0.21212925,0.577997866,38.17888516,0.208289909,12.84980858,0.577274426,34.80897606,37.87825458,0.2565,11.23765613,0.641633277,25.39004518,15,0,15,0.173,0.457
Jung Ho Kang,2019,NL,3B,17182,49.88797496,22.72408726,58.49799179,0.249786626,0.866983646,57.11884059,0.253235749,22.77735036,0.867991809,49.44018298,56.95822541,0.2565,21.41387955,0.82746537,24.58769898,15,10,24,0.169,0.617
Charlie Culberson,2019,NL,OF,3298,39.00630611,14.76649269,38.80784409,0.27044375,0.791969731,39.18552799,0.275462384,14.91356769,0.792282574,38.64382599,39.45129601,0.2565,14.36999219,0.800279405,77.50217529,14,5,20,0.259,0.731
Mark Reynolds,2019,NL,1B,7619,46.44472597,19.47279559,51.32009281,0.260661673,0.814718118,50.16116996,0.266063417,19.503622,0.815245319,46.220968,50.97012446,0.2565,19.14862509,0.806739473,53.26871419,13,4,20,0.17,0.601
Kevin Plawecki,2019,NL,C,13807,29.6284126,8.624599498,25.37734139,0.215059545,0.684984752,25.92217251,0.216007944,8.697915623,0.685030922,29.39630034,24.94910631,0.2565,8.005819818,0.764560923,29.86392512,13,3,17,0.222,0.629
Odubel Herrera,2019,NL,OF,11476,74.22921798,18.29095845,68.05212526,0.271018579,0.749214965,69.19827835,0.269447368,18.06934203,0.749300013,71.94758418,69.41546523,0.2565,17.87232866,0.790251189,41.27939691,12,1,16,0.222,0.629
Cory Spangenberg,2019,NL,2B,12294,43.89259658,9.602771991,33.87311191,0.258569416,0.678917001,35.34747527,0.260636339,9.639424564,0.678666488,42.17860025,34.55971032,0.2565,10.27517303,0.749343595,38.33287064,11,2,10,0.232,0.635
Nick Williams,2019,NL,OF,14330,52.8614235,15.70209741,46.84781838,0.268757298,0.767610039,48.83428056,0.271208003,15.70941501,0.767831078,51.19396399,50.2074344,0.2565,16.03273114,0.795165047,29.89956085,9,2,5,0.151,0.442
Jedd Gyorko,2019,NL,2B,10816,54.02209726,14.7031476,53.5277939,0.258282599,0.781190879,52.10215452,0.259577513,14.68723126,0.781547979,53.69763349,52.64569453,0.2565,14.40442183,0.799431518,45.0740848,6,2,9,0.174,0.498
Mookie Betts,2019,AL,OF,13611,104.2063172,29.76836463,94.16230011,0.307443249,0.977255931,93.66082773,0.315359755,29.55637648,0.978829872,103.1029099,85.81176038,0.2565,28.95025743,0.903533408,29.85141721,135,29,80,0.295,0.915
Rafael Devers,2019,AL,3B,17350,48.22735282,17.02306277,54.68258838,0.254226923,0.757691714,53.23200948,0.256189628,16.9827973,0.75783728,47.14626448,53.38735763,0.2565,17.56148164,0.792634472,24.41584904,129,32,115,0.311,0.916
Marcus Semien,2019,AL,SS,12533,70.13764818,15.59471243,60.89657447,0.258527811,0.714001706,60.30184517,0.254698643,15.36941991,0.713943464,69.43416869,61.84698738,0.2565,14.01822011,0.774792236,36.8538108,123,33,92,0.285,0.892
Alex Bregman,2019,AL,3B,17678,92.55767481,27.08844756,85.59665596,0.27392099,0.882705182,86.30467787,0.277897864,26.78382424,0.883884906,91.95696904,88.34620141,0.2565,26.22190215,0.833830933,28.8902935,122,41,112,0.296,1.015
Jonathan Villar,2019,AL,SS,10071,61.8274142,14.13808518,52.76633382,0.270727684,0.70753618,52.57573534,0.271005592,14.06485883,0.707367001,60.03879203,53.00104817,0.2565,14.94456318,0.767813248,47.11810914,111,24,73,0.274,0.792
Carlos Santana,2019,AL,1B,2396,88.16113546,24.9598012,81.33996017,0.245837899,0.791361956,79.90487836,0.245525747,24.57846147,0.791951348,87.87089422,84.5936984,0.2565,23.38416986,0.805243658,84.81199422,110,34,93,0.281,0.911
Mike Trout,2019,AL,OF,10155,104.6924617,32.87182924,98.28650651,0.325524592,1.072881074,93.72743038,0.336995205,32.86677153,1.075141892,102.8990076,86.21098206,0.2565,28.35565911,0.993270249,45.81264612,110,45,104,0.291,1.083
Xander Bogaerts,2019,AL,SS,12161,78.46796871,23.28207468,75.02923527,0.283206806,0.833160279,75.03999483,0.2858055,23.00042871,0.833775404,79.67636429,78.71035009,0.2565,22.64976388,0.810119837,34.64703638,110,33,117,0.309,0.939
DJ LeMahieu,2019,AL,2B,9874,79.06264617,15.35682782,61.23699062,0.284507904,0.775448739,60.43847561,0.285551151,15.20840846,0.775440042,79.16072616,64.8217603,0.2565,13.89054053,0.791842888,47.5211959,109,26,102,0.327,0.893
Jorge Polanco,2019,AL,SS,13152,44.45434357,8.549349836,41.02761125,0.264813284,0.755705745,40.64058804,0.266516382,8.585974613,0.755740773,45.48096113,40.63854244,0.2565,7.601020597,0.787102126,31.12331978,107,22,79,0.295,0.841
Trey Mancini,2019,AL,OF,15149,79.68851966,22.91207896,76.6494465,0.266322042,0.748326395,77.14482094,0.264295038,22.65902191,0.7484839,75.96469984,77.09405994,0.2565,23.38101105,0.79377842,24.89032324,106,35,97,0.291,0.899
Whit Merrifield,2019,AL,2B,11281,86.04692056,15.86799413,70.23447548,0.294780959,0.789669389,70.03336311,0.294226111,15.67113782,0.789916283,85.4214534,71.97499083,0.2565,12.02725601,0.799044361,44.41472703,105,16,74,0.302,0.811
Matt Chapman,2019,AL,3B,16505,76.86786012,22.96451395,65.46026215,0.270833035,0.840246132,69.36818376,0.275055176,22.84681636,0.841161612,73.7706032,72.21804949,0.2565,23.14122966,0.817661608,24.68986576,102,36,91,0.249,0.848
Francisco Lindor,2019,AL,SS,12916,105.5953429,30.85251164,101.4105873,0.272479342,0.854448798,100.4998942,0.274134503,30.44194257,0.855366769,102.3241763,90.19065336,0.2565,30.26068261,0.819029614,37.80545279,101,32,74,0.284,0.854
Nicholas Castellanos,2019,AL,OF,11737,88.14820563,26.21958539,85.10129684,0.293316878,0.838058455,87.32205478,0.295872198,25.86612613,0.838772922,86.9172009,87.61540852,0.2565,25.42413579,0.81315479,37.95707472,100,27,73,0.289,0.863
J.D. Martinez,2019,AL,DH,6184,94.96194346,40.33824372,110.3093832,0.319174829,1.029050518,107.0277566,0.330154191,40.06052252,1.031015958,94.29206949,94.5475256,0.2565,30.09379989,0.976091925,59.87298466,98,36,105,0.304,0.939
Max Kepler,2019,AL,OF,12144,71.03292006,19.487308,63.7559226,0.234348692,0.73060869,65.05191573,0.232256608,19.23855117,0.730780439,68.93130958,66.68322918,0.2565,19.14357625,0.787800277,41.6287632,98,36,90,0.252,0.855
George Springer,2019,AL,OF,12856,87.8807763,24.59493527,76.54490857,0.272314007,0.816269411,76.12711596,0.272225857,24.35691584,0.816991131,85.93756195,82.75342095,0.2565,25.47288838,0.810251002,33.00410368,96,39,96,0.292,0.974
Gleyber Torres,2019,AL,SS,16997,61.99669057,21.99422851,71.50073989,0.274682168,0.819967081,68.42830541,0.276570887,21.84024789,0.820619967,61.85840385,68.04609434,0.2565,22.71934311,0.809929365,24.02546998,96,38,90,0.278,0.871
Jorge Soler,2019,AL,DH,14221,33.42498582,10.66881882,34.57387529,0.256466618,0.804704408,33.24496341,0.26158041,10.94622721,0.805221869,32.83317694,31.46859936,0.2565,9.428812514,0.80425475,26.32588008,95,48,117,0.265,0.922
Shin-Soo Choo,2019,AL,DH,3174,84.61648597,20.895216,68.86710509,0.273532262,0.796209601,68.60081424,0.276712544,20.73060554,0.796690487,83.13093693,72.75207321,0.2565,20.48306339,0.803796126,82.49123562,93,24,61,0.265,0.826
Leury Garcia,2019,AL,OF,5913,31.51531381,5.426975438,26.87219811,0.260684412,0.696994053,27.48087389,0.263535178,5.550223878,0.696703393,31.38045949,24.97185633,0.2565,6.775806882,0.757922731,59.9695142,93,8,40,0.279,0.688
Kole Calhoun,2019,AL,OF,11200,67.45784571,18.52163185,62.06586285,0.23843186,0.687312168,60.5981231,0.233662996,18.25003109,0.687201145,66.19998935,62.55241234,0.2565,19.11490581,0.766345985,47.70104993,92,33,74,0.232,0.792
Eddie Rosario,2019,AL,OF,12155,74.02409785,21.22655271,76.76333611,0.279044841,0.803283525,75.04412314,0.279025192,21.0259184,0.80369867,72.32465962,78.64663216,0.2565,21.59229775,0.804997195,40.62055951,91,32,109,0.276,0.8
Jose Altuve,2019,AL,2B,5417,93.91227177,18.70898309,75.12468968,0.316058575,0.881895456,74.78016638,0.317642959,18.59165741,0.882766535,93.53696249,78.41354711,0.2565,16.32060905,0.81774643,65.10016004,89,31,74,0.298,0.903
Michael Brantley,2019,AL,OF,4106,73.15344111,16.0247355,66.15342508,0.285796899,0.822678742,64.06287577,0.286692206,15.92347217,0.823105893,74.01164988,66.38677758,0.2565,14.27426429,0.805631203,74.27356862,88,22,90,0.311,0.875
Brett Gardner,2019,AL,OF,9927,80.02116669,15.03959043,53.46343274,0.255822643,0.718716574,55.09564083,0.252215972,14.87156179,0.718714148,77.86401083,59.51786193,0.2565,13.80228644,0.777168642,47.42745487,86,28,74,0.251,0.829
Jose Abreu,2019,AL,1B,15676,79.50830439,26.37066184,87.1977443,0.277227458,0.832630314,85.0047964,0.278322137,26.06312934,0.833339068,79.01895044,86.67029436,0.2565,27.60099185,0.812466282,27.24620031,85,33,123,0.284,0.834
Yuli Gurriel,2019,AL,1B,19198,66.10544148,17.15924,68.6778735,0.275394276,0.771073265,66.78976936,0.272151246,16.9056751,0.771225981,67.8223497,66.89403546,0.2565,15.00281748,0.795317563,24.48769401,85,31,104,0.298,0.884
Yoan Moncada,2019,AL,3B,17232,64.7239469,16.42886669,51.55325362,0.264445918,0.725504225,54.85570834,0.265830706,16.29868493,0.725642254,62.27909033,55.29217775,0.2565,16.65195828,0.783371784,27.74978104,83,25,79,0.315,0.915
David Fletcher,2019,AL,3B,17992,32.07175131,-0.752140748,24.07791741,0.246135132,0.678983219,23.60583955,0.246692238,-0.603009251,0.678542245,32.61274441,25.45698751,0.2565,1.241237158,0.746534675,26.12714668,83,6,49,0.29,0.734
Edwin Encarnacion,2019,AL,DH,2151,81.43353055,32.02372917,91.24718004,0.256759742,0.838866177,88.30468087,0.258787671,31.58365481,0.839782918,81.65520129,86.2081656,0.2565,33.42649111,0.816188702,85.13917887,81,34,86,0.244,0.875
Nelson Cruz,2019,AL,DH,2434,86.58883454,33.84153174,100.8857728,0.270353853,0.879220329,97.57215618,0.27219772,33.45432372,0.880428527,85.19552558,90.95451464,0.2565,35.38242254,0.83456297,78.72739461,81,41,108,0.311,1.031
Elvis Andrus,2019,AL,SS,8709,62.93422026,11.85473192,50.55173485,0.262385428,0.727539948,51.81441816,0.262426529,11.74512398,0.727368299,62.24037593,52.95702104,0.2565,10.05190798,0.773631975,51.90935014,81,12,72,0.275,0.707
Danny Santana,2019,AL,OF,10322,23.6792199,-0.109348767,16.79466182,0.22870667,0.605005787,16.78833429,0.23185291,0.002233254,0.604225399,22.91793116,18.94247911,0.2565,1.854714954,0.664183374,47.42804859,81,28,81,0.283,0.857
Tim Anderson,2019,AL,SS,15172,67.56743215,17.8728165,61.80600688,0.261166711,0.689427293,63.54717355,0.256754517,17.6390828,0.689170812,64.44187422,63.8402283,0.2565,18.90559898,0.761830189,25.73596841,81,18,56,0.335,0.865
Mark Canha,2019,AL,DH,11445,52.25294052,16.87913445,50.53672846,0.246019357,0.776978768,50.90891952,0.246853032,16.86737483,0.777451896,50.97441649,52.75707372,0.2565,17.39013482,0.801334592,41.22993384,80,26,58,0.273,0.913
Tommy Pham,2019,AL,OF,2967,82.29724543,22.74285626,60.85280249,0.294624445,0.860943559,63.23844393,0.298626884,22.69913519,0.861845169,80.43023917,69.33124999,0.2565,24.07935897,0.818749675,75.50992836,77,21,68,0.273,0.818
Alex Gordon,2019,AL,OF,5209,61.78053332,12.56440543,53.53563765,0.246223299,0.668038558,52.80742406,0.242947038,12.38527459,0.667685149,60.80157514,52.4929192,0.2565,12.09371735,0.741063115,66.96039514,77,13,76,0.266,0.741
Rougned Odor,2019,AL,2B,12282,68.24245602,20.96782499,67.89395869,0.248086745,0.724565637,67.42045637,0.247069877,20.70442756,0.724532718,66.06743501,69.9241364,0.2565,22.58289677,0.782974562,39.38321122,77,30,93,0.205,0.721
Miguel Sano,2019,AL,3B,12164,45.08374206,20.91519005,49.73162721,0.247984077,0.743202805,49.43258178,0.25236922,20.83615305,0.743554763,43.85412059,50.37764656,0.2565,19.81298683,0.794694912,33.95814295,76,34,79,0.247,0.923
Randal Grichuk,2019,AL,OF,10243,59.13090072,24.17632054,66.56039693,0.24391092,0.786106438,67.8774078,0.246099367,24.01407707,0.786669645,56.00529635,65.40408262,0.2565,24.21523731,0.804637565,43.16698959,75,31,80,0.232,0.738
Hunter Dozier,2019,AL,3B,15117,44.94485865,12.56369092,38.76021761,0.233359893,0.673041387,42.52326207,0.234426169,12.49479637,0.672835319,41.94140605,41.0989974,0.2565,11.15936802,0.750223104,32.5206085,75,26,84,0.279,0.87
Aaron Judge,2019,AL,OF,15640,89.23521499,33.11337281,88.30305758,0.306875691,0.958552344,85.72456632,0.316896303,33.01895646,0.960205571,87.247098,84.19986226,0.2565,31.23250108,0.904466715,26.32815022,75,27,55,0.272,0.921
Matt Olson,2019,AL,1B,14344,72.03333308,28.20834327,74.04021374,0.257194785,0.852470738,74.6504648,0.257468384,28.06130329,0.853481841,69.41576668,75.6176164,0.2565,29.64255744,0.823582771,28.14285602,73,36,91,0.267,0.896
Renato Nunez,2019,AL,DH,14503,32.35662683,6.255548663,30.88847849,0.246711086,0.741024353,30.3234735,0.250763128,6.473705064,0.741115207,31.08011378,27.6758252,0.2565,6.523030907,0.785204009,27.82754289,72,31,90,0.244,0.771
Andrew Benintendi,2019,AL,OF,17901,84.41014154,21.47549891,72.81386567,0.285396535,0.814453548,71.55067233,0.28667696,21.16862701,0.814931848,86.26069325,77.25928966,0.2565,19.13250449,0.805506665,25.57730985,72,13,68,0.266,0.774
Mallex Smith,2019,AL,OF,13608,56.2093152,3.859107067,30.47729323,0.279746194,0.737071211,33.92554513,0.281310096,3.961030432,0.737017021,55.52068295,38.00893053,0.2565,3.532010002,0.781718825,28.67905668,70,6,37,0.227,0.635
Mitch Garver,2019,AL,C,15161,37.83961328,7.680227803,34.061629,0.261461171,0.748991563,34.88461788,0.264644972,7.767424708,0.749066052,38.64617751,34.08136087,0.2565,7.401733489,0.786039562,28.60344133,70,31,67,0.273,0.995
Asdrubal Cabrera,2019,AL,2B,4962,73.55397828,20.04608002,73.68537754,0.264957768,0.780894837,73.52175942,0.264234132,19.82388918,0.781279259,72.02777879,73.6559462,0.2565,19.49957481,0.801295819,67.05221711,69,18,91,0.26,0.783
Jackie Bradley Jr.,2019,AL,OF,12984,64.97310361,18.04832485,55.76219164,0.254098513,0.731209141,57.45361183,0.254781322,17.84686697,0.731270742,64.13596098,59.04338895,0.2565,18.56797606,0.782851714,34.47088337,69,21,62,0.225,0.738
Nomar Mazara,2019,AL,OF,14553,64.99835446,21.89274649,69.1781527,0.260154376,0.749238283,68.45232911,0.260253876,21.59979338,0.749308463,65.29208622,68.21694539,0.2565,23.05849503,0.789961372,26.79783413,69,19,66,0.268,0.786
Willy Adames,2019,AL,SS,15986,39.55199678,6.998778453,35.31848246,0.285517554,0.753971546,33.05686231,0.289229974,7.222571992,0.754043986,39.25473614,33.60991055,0.2565,9.001432784,0.788205334,24.6724883,69,20,52,0.254,0.735
Jose Ramirez,2019,AL,3B,13510,102.4456975,32.34297603,101.1226167,0.278384146,0.932852683,99.70807146,0.284375397,31.99584758,0.934269747,101.0528143,93.01291472,0.2565,32.30984181,0.869909025,29.34483866,68,23,83,0.255,0.806
Freddy Galvis,2019,AL,SS,6609,72.59914034,15.79404204,64.33435041,0.262735716,0.682027234,64.88722747,0.256879891,15.47583007,0.681645806,71.60014889,62.76832518,0.2565,13.28688641,0.748056051,59.35761297,67,23,70,0.26,0.734
Christian Vazquez,2019,AL,C,9774,28.73722112,1.859526906,22.58033562,0.216553877,0.598224066,23.09166596,0.217595984,1.882281612,0.597429454,27.84286018,21.92605632,0.2565,2.283978715,0.654482763,48.1219341,66,23,72,0.276,0.798
Jurickson Profar,2019,AL,2B,10815,64.32980158,17.06206632,53.27109357,0.242703158,0.752832498,56.17451551,0.244708857,16.9094851,0.753054145,63.09793965,57.68107779,0.2565,16.88195506,0.792183009,47.87187466,65,20,67,0.218,0.711
Domingo Santana,2019,AL,OF,10348,46.37298194,13.66321832,46.06121345,0.282294791,0.785979427,44.65820292,0.289877541,13.79028757,0.786296055,45.70040128,44.25254918,0.2565,13.01982672,0.798874086,47.6605802,63,21,69,0.253,0.77
Omar Narvaez,2019,AL,C,13338,41.34767519,3.881949203,34.2739944,0.264876595,0.770399916,33.58515078,0.267733197,4.150369617,0.77059387,40.66480633,30.77556355,0.2565,6.185452843,0.79428502,32.46508406,63,22,55,0.278,0.813
Gary Sanchez,2019,AL,C,11442,50.50706428,24.01332372,56.90722736,0.2253771,0.784305625,56.4138026,0.225985829,23.91243677,0.784955185,49.13660067,58.33635216,0.2565,24.34740699,0.805392312,49.29319347,62,34,77,0.232,0.841
James McCann,2019,AL,C,12859,43.26776254,9.473637082,42.03473158,0.235647289,0.63153779,42.07209858,0.233332308,9.340965399,0.630957559,42.25641861,40.86039485,0.2565,8.87244859,0.698735262,33.12497717,62,18,60,0.273,0.789
Avisail Garcia,2019,AL,OF,5760,55.83632547,18.86580025,55.68174753,0.264390061,0.766368743,55.55435121,0.264778333,18.78377499,0.766640858,54.48939343,56.77127127,0.2565,19.70480006,0.797227691,60.25237251,61,20,72,0.282,0.796
Khris Davis,2019,AL,DH,9112,89.31067452,39.97910773,110.3751348,0.255034786,0.867238846,107.748401,0.257579051,39.4470594,0.868519895,86.82657745,92.04949708,0.2565,37.31263345,0.827390825,50.7077621,61,23,73,0.22,0.679
Jonathan Schoop,2019,AL,2B,11265,67.4400684,23.17151898,75.63925697,0.252934011,0.736727062,74.1165405,0.251010396,22.85772689,0.736837282,65.64810299,75.22878721,0.2565,25.08210499,0.791135849,43.65192735,61,23,59,0.256,0.777
Niko Goodrum,2019,AL,SS,12092,62.08271896,18.35710556,56.13785747,0.254550958,0.747007626,59.12003506,0.256211452,18.22529744,0.747262407,59.73668907,58.22601948,0.2565,18.58364361,0.792597836,38.14346996,61,12,45,0.248,0.743
Kevin Kiermaier,2019,AL,OF,11038,46.69325759,11.21197518,33.90204687,0.242985435,0.701679849,36.69429559,0.243072641,11.23025336,0.701626595,44.44876678,37.16528082,0.2565,11.04015294,0.768621762,44.80387964,60,14,55,0.228,0.676
Eric Sogard,2019,AL,2B,7927,39.96236035,-1.478252766,24.85435555,0.258883915,0.771012234,25.01106501,0.262989912,-1.12245503,0.771070415,39.72380047,25.80964084,0.2565,2.948571572,0.794240335,54.5582316,59,13,40,0.29,0.81
Yolmer Sanchez,2019,AL,2B,11602,72.4383757,14.27126759,52.17598479,0.261650587,0.694215077,56.95762177,0.257557732,14.02184736,0.69397848,70.86414207,56.47254344,0.2565,11.3660147,0.757803029,41.93910252,59,2,43,0.252,0.638
Teoscar Hernandez,2019,AL,OF,13066,69.70101579,23.1260122,62.27433799,0.254308249,0.770008125,67.50315445,0.256774435,22.93406845,0.7705123,65.34379219,67.94624745,0.2565,23.55717038,0.8020769,39.23985985,58,26,65,0.23,0.778
Adalberto Mondesi,2019,AL,SS,13769,38.23228834,15.3900648,37.30643956,0.262217464,0.804032309,38.28972965,0.266526484,15.57352579,0.804505607,36.25654256,38.91520964,0.2565,14.11130174,0.80539559,28.82233739,58,9,62,0.263,0.715
Robinson Chirinos,2019,AL,C,3142,49.58165157,18.55355659,48.76984436,0.248088895,0.789751446,49.44391265,0.253367927,18.53264766,0.790298126,48.89539721,50.78765424,0.2565,18.52806001,0.80360837,76.66462905,57,17,58,0.238,0.79
Josh Reddick,2019,AL,OF,3892,61.27373778,13.87200841,56.18137144,0.260487366,0.759856952,53.78094175,0.258517614,13.78903198,0.76003655,61.16342341,55.43300371,0.2565,12.82923931,0.792663528,69.05384393,57,14,56,0.275,0.728
Robbie Grossman,2019,AL,OF,5254,55.7736401,7.83107567,43.5550459,0.264478906,0.755803605,42.44734057,0.26626544,7.861059728,0.755946529,57.03705162,44.6208045,0.2565,6.440188593,0.790192472,62.55115595,57,6,38,0.24,0.682
Albert Pujols,2019,AL,DH,1177,58.66252431,19.26889222,70.40262821,0.240681484,0.699607923,67.70979352,0.234239938,18.93128031,0.699445579,58.50898881,65.8932138,0.2565,19.53578046,0.771650494,94.25253526,55,23,93,0.244,0.734
Kyle Seager,2019,AL,3B,9785,73.11280288,23.32603544,81.4061534,0.242483747,0.721493027,80.37248751,0.237996462,22.90299852,0.72158208,71.78513987,78.43419255,0.2565,22.71473656,0.786701469,47.98416946,55,23,63,0.239,0.789
Ji-Man Choi,2019,AL,DH,5452,29.02429024,13.27240915,32.38473759,0.262752569,0.86196059,31.60292766,0.267161633,13.63665095,0.862831222,28.83927852,30.7660947,0.2565,11.80097249,0.819013287,65.33482357,54,19,63,0.261,0.822
Justin Smoak,2019,AL,1B,9054,80.4247802,26.35255762,82.43962256,0.25898463,0.819867922,82.17060834,0.261980728,26.07445096,0.820699954,78.30342119,82.63595186,0.2565,27.35429827,0.81247037,49.03073518,54,22,61,0.208,0.748
Joey Gallo,2019,AL,DH,14128,78.6563326,37.08779536,86.80352893,0.229908632,0.828017397,89.41156248,0.235072787,36.7209117,0.829069039,73.86665678,81.05413166,0.2565,33.71891444,0.813810609,27.51290977,54,22,49,0.253,0.986
Hunter Pence,2019,AL,DH,8252,36.2672864,8.152620042,34.04486896,0.238366113,0.644774243,34.05700378,0.238183479,8.085076568,0.644282772,36.19985551,31.65975576,0.2565,8.018797176,0.713948663,53.10842712,53,18,59,0.297,0.91
Marwin Gonzalez,2019,AL,OF,5497,66.01937377,19.52148064,65.70816004,0.269813608,0.781265485,64.96907007,0.26998479,19.32511474,0.781652765,66.25320923,64.98453399,0.2565,19.78367681,0.800536196,61.99369975,52,15,55,0.264,0.736
Travis d'Arnaud,2019,AL,C,7739,43.19859893,10.78213383,43.76518939,0.242121528,0.710355206,42.37285206,0.242446673,10.77075911,0.710247626,42.63583121,41.28501157,0.2565,10.59045666,0.769793168,53.62777393,52,16,69,0.251,0.745
Jason Kipnis,2019,AL,2B,9776,62.48319808,17.49040075,61.47379169,0.236907391,0.715129905,60.77423467,0.235798883,17.24374094,0.715130612,61.93138179,60.36036439,0.2565,16.73242769,0.777423977,48.44502923,52,17,65,0.245,0.715
Lourdes Gurriel Jr.,2019,AL,SS,19238,30.31533787,9.596669187,35.39466204,0.258807284,0.755000436,33.30338421,0.261618001,9.791256565,0.755069746,29.79524868,30.81857216,0.2565,9.249057215,0.790402057,24.75800571,52,20,50,0.277,0.869
C.J. Cron,2019,AL,1B,12546,63.55764761,23.13759131,71.497927,0.254826681,0.791385814,70.0799065,0.255851032,22.95600068,0.79196061,61.76882636,69.27513495,0.2565,24.15152093,0.805643169,35.94209589,51,25,78,0.253,0.78
Shohei Ohtani,2019,AL,DH,19755,54.27187264,25.25568903,57.84044624,0.287056398,0.924961481,58.35838296,0.293281887,25.41449625,0.926273039,52.91210918,59.60013587,0.2565,22.69144269,0.867323735,27.86555752,51,18,62,0.286,0.848
Mitch Moreland,2019,AL,1B,3086,58.30486656,19.74381369,59.94953751,0.24946814,0.75749072,59.44761983,0.250606992,19.54752621,0.757716831,58.5125824,59.71022754,0.2565,20.8429771,0.793709837,79.22480004,48,19,58,0.252,0.835
Cameron Maybin,2019,AL,OF,5223,46.81048955,5.16080637,32.78879441,0.248642058,0.682206492,33.95209794,0.247935515,5.209880449,0.681925484,46.03693168,34.29380904,0.2565,5.481306455,0.751131264,63.70375141,48,11,32,0.285,0.858
Byron Buxton,2019,AL,OF,14161,51.7841009,15.10340592,46.84157966,0.258716051,0.732877062,46.92525896,0.260846346,15.04645787,0.732939134,50.68682191,48.09108679,0.2565,15.43596567,0.783605788,30.55431319,48,10,46,0.262,0.827
Didi Gregorius,2019,AL,SS,6012,72.6470727,23.78011222,77.83935952,0.260476025,0.811269627,75.15964666,0.25896039,23.51056501,0.811815705,72.22534244,79.26075551,0.2565,24.76418924,0.807542728,60.36937893,47,16,61,0.238,0.718
Andrelton Simmons,2019,AL,SS,10847,71.50129085,14.06037371,61.7191206,0.273904725,0.746982407,61.34896539,0.268928188,13.83973272,0.746954256,72.35718531,61.07212108,0.2565,10.98285195,0.784718029,41.81538384,47,7,40,0.264,0.673
Roberto Perez,2019,AL,C,2900,16.84128772,6.25194702,20.10848906,0.192895637,0.562522577,17.79861413,0.196815217,6.174734805,0.561871814,17.84296325,22.46951724,0.2565,5.293167495,0.627731772,83.10022931,46,24,63,0.239,0.774
Martin Maldonado,2019,AL,C,6887,41.61153244,10.53166157,41.5435249,0.226682659,0.637723095,40.70425372,0.224584349,10.4204401,0.637283832,40.68868387,39.55431708,0.2565,9.838471749,0.712733441,56.01797291,46,12,27,0.213,0.671
Jake Marisnick,2019,AL,OF,11339,27.76405063,13.8141508,28.4070418,0.232749187,0.707682402,28.12291578,0.236014271,13.91257386,0.707807724,26.58677277,29.14369946,0.2565,11.65863153,0.780072532,42.911781,46,10,34,0.233,0.7
Stephen Piscotty,2019,AL,OF,13367,70.0405041,21.81173335,72.2457011,0.255608652,0.785890623,71.43655963,0.256243109,21.58470557,0.786407245,69.35868449,71.7194015,0.2565,22.70455785,0.803710528,30.92927655,46,13,44,0.249,0.72
Mitch Haniger,2019,AL,OF,14274,84.48487053,24.5323881,79.13263358,0.288022047,0.85413171,79.2255835,0.291084032,24.30225202,0.855044293,83.631876,83.79135126,0.2565,24.88924728,0.819289348,27.35305767,46,15,32,0.22,0.778
Curtis Granderson,2019,AL,OF,4747,62.08675567,18.50942082,53.37465512,0.244576325,0.781577831,54.70895816,0.246659253,18.47285925,0.78214071,59.69699635,57.31719035,0.2565,18.85243118,0.802977461,67.26562846,44,12,34,0.183,0.637
Melky Cabrera,2019,AL,OF,4022,48.79064006,11.04655719,50.60572922,0.263522361,0.757095421,47.89253099,0.26335023,11.02512589,0.757090177,50.28772599,47.49110866,0.2565,10.78540814,0.786821053,73.64606913,43,7,47,0.28,0.713
Jay Bruce,2019,AL,DH,9892,55.70670504,18.15971064,59.69886479,0.237734427,0.739072707,59.7690856,0.237760168,17.97323145,0.739321751,54.43487206,59.36513073,0.2565,17.93418924,0.791690409,50.99477195,43,26,59,0.216,0.784
Brandon Drury,2019,AL,3B,11615,58.3553247,16.06268185,59.21340266,0.264551144,0.765884606,58.35028143,0.266813385,15.97596733,0.766021765,57.7314401,57.01641291,0.2565,15.90627739,0.793011045,43.3411452,43,15,41,0.218,0.642
Delino DeShields,2019,AL,OF,11379,41.46727397,1.88079743,26.54975981,0.235873384,0.627672432,23.45396025,0.237456902,1.945098368,0.627025284,41.74519142,28.68517046,0.2565,3.511711852,0.705009627,44.44391233,42,4,32,0.249,0.672
Carlos Correa,2019,AL,SS,14162,59.3430462,19.72055164,62.84388399,0.269778505,0.80022662,58.67701616,0.270886659,19.59858335,0.80071695,61.02783616,60.57053235,0.2565,21.35287594,0.804217816,27.50550971,42,21,59,0.279,0.926
Miguel Cabrera,2019,AL,1B,1744,71.6825955,20.85102424,75.31535149,0.274619764,0.805721791,71.76696306,0.276286825,20.66774953,0.806203514,71.3354994,72.74869111,0.2565,21.04817347,0.805397138,89.6486326,41,12,59,0.282,0.744
Aaron Hicks,2019,AL,OF,5297,66.12816314,20.84289289,61.13343076,0.250297834,0.815564116,59.57538875,0.25197178,20.74642703,0.816293309,65.74379042,63.41565952,0.2565,22.32785094,0.809698523,63.06933257,41,12,36,0.235,0.769
Billy Hamilton,2019,AL,OF,10199,63.66698732,5.723488005,30.53146516,0.258800281,0.632254759,35.00521767,0.253971909,5.646067979,0.631508741,61.22798581,42.67895854,0.2565,5.147761777,0.696056776,42.83594125,41,0,15,0.218,0.564
Tim Beckham,2019,AL,SS,7949,52.65127479,13.86858801,47.96547444,0.25302307,0.704621561,48.63218534,0.253373855,13.81697021,0.704535391,50.19022858,48.82783747,0.2565,14.06342838,0.770731569,53.29566707,39,15,47,0.237,0.753
Jason Castro,2019,AL,C,8722,49.55903621,13.32634335,44.63547875,0.248683589,0.722078896,44.92861125,0.250347575,13.29216297,0.722137344,48.69603057,45.28236421,0.2565,13.49967895,0.778846502,51.93799526,39,13,30,0.232,0.767
Jesus Aguilar,2019,AL,DH,11342,64.81435949,28.95220427,80.71534733,0.275248629,0.874459748,76.35539014,0.280711211,28.75667067,0.875458378,65.45796491,75.67725541,0.2565,30.99135057,0.828395599,44.47154542,39,12,50,0.236,0.714
JaCoby Jones,2019,AL,OF,14818,51.54826459,13.53734295,37.7844436,0.224405543,0.630046824,42.82262922,0.223024231,13.3891696,0.629630297,47.89118523,44.24225964,0.2565,12.85310267,0.707402521,31.75475935,39,11,26,0.235,0.74
Logan Forsythe,2019,AL,2B,7185,48.18599385,4.010457803,34.10122999,0.240442044,0.64353311,34.09258116,0.238972891,3.991037269,0.643065445,47.89453051,35.48461973,0.2565,3.869771916,0.726923122,58.44161844,38,7,39,0.227,0.678
Brock Holt,2019,AL,OF,9345,41.70856395,7.685458756,35.14336053,0.262525478,0.752606979,34.97582944,0.265932461,7.81306925,0.75264785,42.53494798,34.60464422,0.2565,8.636034431,0.785819882,45.50894688,38,3,31,0.297,0.771
Pedro Severino,2019,AL,C,14523,15.20653834,1.740529327,15.23741761,0.175486245,0.500922304,14.28837734,0.177179174,1.637296806,0.499854476,15.15354493,23.01738263,0.2565,3.796201891,0.580663371,26.18153462,37,13,44,0.249,0.74
Dee Gordon,2019,AL,2B,8203,68.57725609,4.894406418,39.13198875,0.280111014,0.661010348,40.55228615,0.271635009,4.838946325,0.660314835,66.80572288,46.62732415,0.2565,4.429851675,0.726437226,55.00583515,36,3,34,0.275,0.663
Aledmys Diaz,2019,AL,1B,15937,49.08150625,13.05865634,52.56156456,0.24546382,0.746088244,50.8281028,0.245304494,13.04343495,0.746163449,47.83905983,50.43796354,0.2565,12.38846117,0.788611312,24.75923276,36,9,40,0.271,0.823
Yonder Alonso,2019,AL,DH,2530,68.3485335,20.98294379,71.55870253,0.259263889,0.770897036,69.77955617,0.25853786,20.74437125,0.771236193,67.63013854,70.9020215,0.2565,21.88062276,0.799498971,84.671319,34,10,37,0.199,0.641
Justin Upton,2019,AL,OF,5222,84.28677906,29.93591933,87.97001786,0.277650356,0.831966766,86.86258406,0.280615091,29.59441645,0.832842774,82.77445005,90.47100327,0.2565,32.44949758,0.815008152,63.98827024,34,12,40,0.215,0.724
Tyler Naquin,2019,AL,OF,13359,52.95460001,16.01058018,46.6849433,0.314086519,0.885944194,46.8645374,0.323028676,16.26956717,0.88673633,51.90314519,48.43598862,0.2565,15.52254359,0.821614043,27.06895552,34,10,34,0.288,0.792
Leonys Martin,2019,AL,OF,11846,51.50870759,10.99697331,42.32904804,0.253153079,0.728807976,42.65728054,0.253214054,11.02500148,0.728840696,49.62314634,44.04248318,0.2565,10.86201882,0.780960831,44.22833959,32,9,19,0.199,0.619
Joey Wendle,2019,AL,2B,13853,66.4147532,11.62309094,57.19141546,0.296410287,0.78891747,54.53891061,0.29656143,11.53673672,0.789122588,68.72100266,55.6809708,0.2565,8.473387502,0.797371559,26.83770835,32,3,19,0.231,0.633
Elias Diaz,2019,AL,C,11680,28.67258709,5.473501292,29.91198541,0.241367824,0.727395393,28.50342824,0.244047645,5.657285008,0.727328623,28.64358484,25.91670864,0.2565,6.127095348,0.776720508,40.64941775,31,2,28,0.241,0.603
Tony Kemp,2019,AL,OF,14894,34.32001525,4.046472545,30.21886746,0.246333067,0.742981088,28.31164655,0.247696378,4.266668415,0.743088235,34.95933757,27.14433226,0.2565,5.442177987,0.785785816,27.69516326,31,8,29,0.212,0.671
Stephen Vogt,2019,AL,DH,5000,49.84889791,14.07570812,51.70108896,0.243466641,0.726263637,50.50681408,0.243153863,13.99092976,0.726270599,49.16337926,49.83334513,0.2565,13.47880118,0.780147653,59.47547923,30,10,40,0.263,0.804
Jonathan Lucroy,2019,AL,C,7870,48.63655525,7.626794661,44.15572261,0.24675695,0.669904955,42.30515666,0.244089461,7.512725957,0.669416038,49.92752164,42.63221454,0.2565,6.395885653,0.732684452,53.20489652,30,8,36,0.232,0.66
Mike Zunino,2019,AL,C,13265,49.75569788,21.98981047,58.56882313,0.234505749,0.720321782,58.62585628,0.235901373,21.84346104,0.720612582,46.67636862,57.43600189,0.2565,19.58083436,0.79081578,30.42681018,30,9,32,0.165,0.544
Greg Allen,2019,AL,OF,16623,31.32415276,-0.267166008,19.01580668,0.244692212,0.653019429,20,0.247644863,-0.122197613,0.652457922,30.89184212,20.6356928,0.2565,1.513825628,0.72238167,23.81546128,30,4,27,0.229,0.636
Russell Martin,2019,AL,C,4616,45.69283817,11.20792118,36.42556947,0.214636148,0.690458346,36.70637839,0.214454681,11.24064577,0.690557766,44.17655398,37.35213701,0.2565,11.46706434,0.7705284,70.1492008,29,6,20,0.22,0.667
Austin Romine,2019,AL,C,5491,24.63964965,8.780872549,29.03534215,0.227016644,0.667909346,27.34668555,0.229243246,8.822210495,0.667645238,25.22613309,24.83506104,0.2565,8.500952535,0.742779114,59.70854565,29,8,35,0.281,0.748
Ian Kinsler,2019,AL,2B,6195,70.14775823,15.56511142,59.29122703,0.237991612,0.709335638,60.57217023,0.233711852,15.37657942,0.709296136,67.21919035,62.79213648,0.2565,14.36570743,0.775900035,58.56749977,28,9,22,0.217,0.646
Chris Davis,2019,AL,1B,9272,56.15061689,19.61851007,58.94116987,0.220519218,0.622159779,57.87337065,0.217250016,19.31435919,0.621740868,53.51650128,58.97535861,0.2565,18.42400051,0.720850952,48.94449307,26,12,36,0.179,0.601
Keon Broxton,2019,AL,OF,9253,49.27397998,15.78077386,45.04123856,0.259962592,0.751491326,45.31776952,0.263886497,15.82605253,0.751699098,47.54122404,46.27028241,0.2565,15.34383337,0.79116119,54.78736733,24,6,16,0.167,0.517
Justin Bour,2019,AL,1B,9744,58.52983278,20.47673291,63.18104976,0.259756388,0.799934656,60.5952414,0.260915972,20.39661358,0.80046993,58.25001677,61.09688943,0.2565,20.67879079,0.805029587,53.05237079,18,8,26,0.172,0.623
Tyler White,2019,AL,1B,15564,30.88356806,12.99084924,33.43834318,0.248119846,0.820084359,34.10089618,0.250816029,13.21566157,0.820739374,30.41862227,31.58615006,0.2565,11.22525938,0.809054891,24.21942737,18,3,23,0.208,0.612
Jeff Mathis,2019,AL,C,3448,17.40378706,0.341304559,15.0995254,0.21358418,0.560784647,14.98524195,0.218592238,0.339113579,0.55992326,17.54396796,21.81977132,0.2565,1.902155209,0.619126704,74.70705981,17,2,12,0.158,0.433
Kendrys Morales,2019,AL,DH,8610,65.20661916,21.53571881,73.58090155,0.25274626,0.76678682,70.33798992,0.251402053,21.33449702,0.767110866,63.90177412,69.56141235,0.2565,22.43385329,0.798965226,53.92546199,16,2,12,0.194,0.566
Sandy Leon,2019,AL,C,5273,25.29467407,6.47441948,25.28601493,0.204924313,0.584322536,24.33370236,0.206224778,6.404814944,0.583597666,25.17829734,23.39148629,0.2565,5.527194722,0.635780255,65.14662803,14,5,19,0.192,0.548
Jace Peterson,2019,AL,2B,12325,25.08298828,3.430337615,20.18413878,0.214451102,0.642508279,20.67798021,0.217361465,3.501594793,0.642180897,25.48301046,21.48350154,0.2565,3.60087778,0.724714446,42.41546018,14,2,11,0.22,0.599
Jon Jay,2019,AL,OF,5227,61.86175968,4.128417506,34.31439969,0.278663833,0.703720348,36.13669802,0.276901811,4.154812239,0.703355747,61.68881447,41.75467433,0.2565,3.689477982,0.76203291,66.91651675,12,0,9,0.267,0.626
Matt Duffy,2019,AL,3B,13836,60.11272326,4.575777529,42.93531794,0.278124416,0.708992306,41.93899067,0.275490385,4.585897274,0.708728807,60.38621949,43.98671921,0.2565,4.346925332,0.768750452,27.05508806,12,1,12,0.252,0.67
Josh Harrison,2019,AL,3B,8202,50.1323771,9.009547467,44.99583189,0.250622708,0.694807397,43.46880241,0.249339354,8.965690603,0.69452107,49.61126997,43.5501195,0.2565,8.227424327,0.756105105,57.65338389,10,1,8,0.175,0.48
Lucas Duda,2019,AL,1B,2502,48.96300224,18.1963214,56.52320963,0.242484763,0.757079817,55.05088492,0.244605971,18.11330195,0.75741573,47.80339684,54.16686948,0.2565,17.31550479,0.796341786,81.93216917,7,4,15,0.171,0.576
Zack Cozart,2019,AL,3B,2616,46.66897395,11.45805386,39.71244769,0.234701259,0.747974877,40.35268315,0.23684485,11.51258158,0.748214328,45.09685037,40.89621022,0.2565,10.53229963,0.790787855,81.87136004,4,0,7,0.124,0.322
Greg Garcia,2019,NL,2B,10951,25.41268281,-0.986098464,19.81023398,0.227593523,0.653110258,18.51926345,0.230221202,-0.792406415,0.65272852,25.67687046,20.78018261,0.2565,2.474121097,0.737989433,47.53595233,52,4,31,0.248,0.718
Orlando Arcia,2019,NL,SS,13185,41.38051284,5.960915707,37.19317639,0.246481986,0.62740729,36.45565227,0.245392746,5.898384729,0.626672511,40.78976383,35.73808877,0.2565,5.873898998,0.684167138,32.73274857,51,15,59,0.223,0.633
David Bote,2019,NL,3B,14593,20.4252485,9.709211565,22.57471712,0.243045265,0.726976996,21.69681366,0.248090576,9.905702055,0.727049256,21.4687664,23.22408409,0.2565,8.652162311,0.780103052,26.73750414,47,11,41,0.257,0.785
Jake Bauers,2019,AL,OF,15194,41.79196488,15.44273616,40.14461718,0.215188469,0.699998749,39.05989872,0.215752901,15.35340677,0.700198426,42.52250701,40.98749808,0.2565,15.3138812,0.777163761,27.72585949,46,12,43,0.226,0.683
Chad Pinder,2019,AL,OF,15191,42.40920648,12.98521121,40.38931009,0.253910681,0.762291077,40.23650629,0.256308178,13.12897153,0.762622713,40.25156938,39.27015002,0.2565,11.72590393,0.796507159,24.66051308,45,13,47,0.24,0.706
Tony Wolters,2019,NL,C,11470,20.29529752,1.62793344,14.61907126,0.202383186,0.606519599,14.54281308,0.206820407,1.683179472,0.605815278,21.13042327,20.15104563,0.2565,2.441200079,0.682298129,41.79241601,42,1,42,0.262,0.666
Ehire Adrianza,2019,AL,3B,8418,37.83216768,7.129280506,35.23726418,0.247538342,0.679989667,34.56206783,0.248929328,7.125257784,0.679659981,38.34693881,35.79621326,0.2565,6.407204566,0.745390915,53.65296821,34,5,22,0.272,0.765
Ronald Guzman,2019,AL,1B,14388,49.10718758,17.29405279,49.47111392,0.243739484,0.722050566,51.02833683,0.246413091,17.1622052,0.722093573,48.04388526,50.97308111,0.2565,17.67831773,0.780855894,25.71892741,34,10,36,0.219,0.723
Jeimer Candelario,2019,AL,3B,13621,76.74471659,18.78503571,63.32169153,0.24182137,0.710034717,64.69893074,0.240108875,18.54185485,0.710134827,73.73092092,67.13252315,0.2565,18.41236618,0.780666894,29.08805622,33,8,32,0.203,0.643
Matt Joyce,2019,NL,OF,3353,42.66512069,12.13479087,39.95061814,0.225288586,0.733967738,38.39363459,0.226373949,12.21389874,0.734247621,41.61212781,39.53545353,0.2565,11.9179906,0.788074551,77.2579522,32,7,23,0.295,0.858
Victor Caratini,2019,NL,C,14968,16.977805,-0.602659346,14.33013099,0.215375994,0.597015895,13.88569408,0.218803538,-0.509910627,0.596320953,17.59977456,20.85578673,0.2565,2.241054018,0.677315663,26.07799389,31,11,34,0.266,0.794
Guillermo Heredia,2019,AL,OF,18721,41.1235993,3.048022637,33.21191996,0.230152525,0.657616141,31.47342352,0.228412621,3.129242621,0.657251906,40.27445934,29.65642563,0.2565,3.59626166,0.735002801,23.15092591,31,5,20,0.225,0.668
Tyler Austin,2019,NL,OF,11850,31.1316385,22.416591,40.84489651,0.233887723,0.767020003,40.307046,0.23732835,22.46364768,0.767520606,30.08544256,39.60638737,0.2565,17.26517193,0.801549365,42.60314394,30,9,24,0.188,0.705
Phillip Ervin,2019,NL,OF,14738,26.70755199,6.633725306,27.53134134,0.245805182,0.727993598,25.97622833,0.250165989,6.819494406,0.727967009,27.18015885,24.21062963,0.2565,6.968667169,0.776738383,27.7557581,30,7,23,0.271,0.797
Gordon Beckham,2019,AL,2B,9015,25.11864278,6.166511999,27.65408132,0.206839916,0.641003652,25.58647494,0.208123202,6.169746831,0.640625117,26.06401297,24.89018639,0.2565,5.231008823,0.71541538,51.19288076,29,6,15,0.215,0.643
Ronny Rodriguez,2019,AL,2B,11875,17.11721745,4.652597782,21.41420447,0.199907081,0.590994028,19.05582059,0.202050157,4.667134774,0.590327568,17.08397476,23.0903696,0.2565,4.766696212,0.652710267,44.10240089,29,14,43,0.221,0.69
John Hicks,2019,AL,C,12547,36.15898647,7.465644151,33.48078207,0.256660461,0.715024071,33.37376751,0.259870362,7.584429988,0.714935481,35.14621179,30.66992001,0.2565,7.82262153,0.772511553,37.41885438,29,13,35,0.21,0.62
Victor Reyes,2019,AL,OF,15487,17.68203719,-0.704241878,7.070919582,0.205583735,0.526964772,8.77077386,0.207980574,-0.707965803,0.525809704,16.74340493,19.93379925,0.2565,2.390445096,0.587871529,25.79317294,29,3,25,0.304,0.767
Jake Cave,2019,AL,OF,14477,37.11663109,16.64494556,36.89803782,0.27445212,0.785974841,36.84581367,0.280232888,16.78262263,0.78633406,36.71208507,39.1250483,0.2565,16.23130765,0.80095077,25.61812576,28,8,25,0.258,0.805
Brad Miller,2019,NL,3B,12775,37.67089372,10.68778436,36.48821926,0.247499236,0.712184311,36.23956438,0.250442916,10.72573247,0.712213368,37.19019739,33.58255871,0.2565,9.923242272,0.774411975,35.0798135,26,13,25,0.26,0.894
Adam Engel,2019,AL,OF,15082,42.38445823,6.42510388,31.66447807,0.230906024,0.585635823,32.32884522,0.228595535,6.317340813,0.584859873,40.67348108,33.52917839,0.2565,5.078587282,0.641142888,26.96445644,26,6,26,0.242,0.687
Jordy Mercer,2019,AL,SS,6547,53.48182278,10.08871203,51.07398874,0.260810774,0.707328662,48.39905219,0.259625122,10.01830736,0.707045919,53.84731632,48.20586652,0.2565,8.749419557,0.758878843,59.29254936,24,9,22,0.27,0.747
Sean Rodriguez,2019,NL,3B,6589,44.57145955,20.20643603,51.01349432,0.279110159,0.858967712,48.94511098,0.284932211,20.34784384,0.859779733,44.6607342,50.14000226,0.2565,19.37821731,0.819353639,60.64383304,24,4,12,0.223,0.723
Cheslor Cuthbert,2019,AL,1B,10473,61.73637245,11.445502,58.63208138,0.268122118,0.731029257,57.51680141,0.267056381,11.37185705,0.730920605,60.28390256,55.50646551,0.2565,10.17204756,0.777930836,43.06943103,24,9,40,0.246,0.673
Curt Casali,2019,NL,C,12510,24.26057742,9.659499743,26.44452452,0.199450678,0.60899816,25.55872037,0.200711564,9.624310215,0.608650806,23.50137608,24.90030962,0.2565,7.882965152,0.693620142,40.86222746,24,8,32,0.251,0.741
Ryon Healy,2019,AL,3B,15447,60.66047421,20.53640147,69.59318379,0.250414761,0.725432504,69.1214124,0.246683912,20.28072193,0.725495749,58.47360159,67.66928904,0.2565,21.7386739,0.787583314,24.22664869,24,7,26,0.237,0.744
Daniel Robertson,2019,AL,3B,14145,40.39457435,7.053350627,30.93141382,0.249770105,0.748105598,31.12196352,0.252749113,7.244098725,0.748376622,39.95989543,30.15842122,0.2565,8.004670363,0.790787869,26.4635333,23,2,19,0.213,0.607
Isiah Kiner-Falefa,2019,AL,C,16512,43.94920828,3.965542605,32.51125321,0.24939055,0.68204712,32.59817833,0.25069337,4.014291753,0.681596844,44.1469075,33.42713268,0.2565,4.167442519,0.743313096,24.24984435,23,1,21,0.238,0.62
Kevan Smith,2019,AL,C,12284,30.34957321,2.552200165,32.70270681,0.256174037,0.696991378,30.01454035,0.257950992,2.693412358,0.696555798,31.14684979,28.32101697,0.2565,4.543335938,0.752354196,39.62538396,21,5,20,0.251,0.71
Austin Slater,2019,NL,OF,16153,20.87151198,-3.587336244,15.35361107,0.262035969,0.639969352,14.73053308,0.267717139,-3.392120992,0.639406758,21.93600393,20.03890533,0.2565,1.937564959,0.733261234,25.30529494,20,5,21,0.238,0.75
Yairo Munoz,2019,NL,3B,16313,37.49053359,7.996560711,37.05320023,0.27579836,0.762909874,34.81689944,0.278797828,8.174535782,0.762959332,38.63428004,33.27106391,0.2565,9.284069094,0.788198395,25.61299958,20,2,13,0.267,0.653
J.T. Riddle,2019,NL,OF,17642,29.72260888,8.123442337,30.49060356,0.226789276,0.64887263,30.09117587,0.226818659,8.109421359,0.648435479,29.5124265,26.74973947,0.2565,7.650149401,0.719153423,25.09056354,15,6,12,0.189,0.601
Joey Rickard,2019,AL,OF,13277,27.61878986,5.520920611,25.0266775,0.233174728,0.683718745,25.40532642,0.236222739,5.663315302,0.683478075,26.42844303,23.60590048,0.2565,5.821318265,0.752504286,32.92523943,14,3,10,0.226,0.669
Eduardo Nunez,2019,AL,2B,6848,59.89463386,11.31473828,53.59362362,0.265205188,0.722227184,53.80852507,0.262602841,11.22580394,0.72199498,58.68557163,53.05464714,0.2565,10.17358245,0.771649299,60.04492632,13,2,20,0.228,0.548
Ryan Goins,2019,AL,3B,9807,40.23506683,11.03783934,49.35779176,0.239761006,0.642027083,44.70060651,0.236600126,10.81940766,0.641421734,42.82911356,43.90061062,0.2565,10.65313686,0.704823356,45.97516124,13,2,10,0.25,0.681
Chris Owings,2019,AL,2B,10030,34.6014227,7.018879653,32.96977089,0.232948193,0.639784335,32.17973691,0.234395393,6.986212069,0.639215076,34.40130409,31.49924003,0.2565,6.274264615,0.699808553,46.60850119,13,3,14,0.139,0.443
Andrew Knapp,2019,NL,C,14942,22.46337826,2.653929112,16.75602537,0.234237242,0.647794034,16.78535911,0.240074461,2.830310089,0.647446641,21.86600481,21.73104889,0.2565,4.496038679,0.725799756,25.73963481,12,2,8,0.213,0.642
Manny Pina,2019,NL,C,2829,39.66864376,7.766448635,37.03260083,0.249572025,0.716690815,35.61327419,0.251324687,7.861695986,0.716524786,38.98839309,34.02099815,0.2565,7.846723299,0.768903581,79.31713616,10,7,25,0.228,0.724
Rosell Herrera,2019,NL,OF,11611,28.99303354,0.387524918,20.48989141,0.224089234,0.603001187,21.45042678,0.225025744,0.417867494,0.602243921,28.57449307,22.0323446,0.2565,1.214631978,0.667657506,42.30318299,10,2,11,0.2,0.602
Luke Maile,2019,AL,C,13355,23.74082153,1.890405545,20.96872305,0.253645823,0.699006284,20.82695055,0.259388265,2.083445843,0.698888678,24.58892103,22.0312804,0.2565,3.646586257,0.764194283,30.42956188,9,2,9,0.151,0.44
Max Stassi,2019,AL,C,10059,29.01002987,10.17023169,26.4583418,0.231970429,0.710018203,27.68234808,0.235091524,10.31946425,0.710173063,28.04087421,26.18685106,0.2565,8.859263888,0.778632255,44.96333258,7,1,5,0.136,0.378