playerid,Name,Season,weightBABIP,weightHH,weightMed,weightFB,weightLD,weightUBR,weightK,AVGPredicted
15362,Jeff McNeil,2019,1.604639752924231,-0.5328345202795147,-0.10827560061065736,0.7110055220701212,-0.06620504524874202,1.691304175394732,-1.900313239336012,0.33880380566306945
5417,Jose Altuve,2019,1.5468358473177486,-0.26891566850912163,0.5942142807937321,-0.7887274117332194,0.7025007320276554,1.1706533607474,-1.4024681932753682,0.31907153693667406
5235,Justin Turner,2019,0.737581168826976,1.4693646700032807,-0.3006240205190014,1.4764942070322429,0.8946771763467547,0.22316268904684927,-1.4487793603507768,0.3186361249702455
13611,Mookie Betts,2019,0.8999826179118591,1.1858962736573029,-0.7543154022593359,1.0234498832791505,-0.37766342052452373,1.6537797923570863,-1.3032299781137784,0.31834579451268236
13590,Jesse Winker,2019,0.9715493581865539,1.6990718187664002,-0.8400358937402286,-0.1742535013554617,0.662740088375428,-0.9354026372404575,-1.2221854357318127,0.31515951733198444
745,David Ortiz,2019,0.3109332941124543,2.0248975616928115,-1.383629254350768,1.3879683046896847,0.5302046095346697,-3.4682984922815328,-1.2387251382587445,0.3099051900098142
13853,Joey Wendle,2019,1.4394857369057061,0.5749730056702825,-0.29644253312969027,-0.5908459829675007,0.13259817301239524,0.612478163062422,-0.5936767397084092,0.3073090349696788
13359,Tyler Naquin,2019,3.0359745584181135,0.819342312865091,-0.777313582900551,-0.7991422237735203,0.9940787854773234,0.7531945994535929,1.5730242913196415,0.30610595404455887
6184,J.D. Martinez,2019,1.6569385246634307,1.9988315022586982,-1.2247327335569178,0.1017390177125142,0.09283752936016779,-1.1558583875866248,0.4384006979721282,0.3053678385729567
9077,Lorenzo Cain,2019,1.3651664296973713,0.29965025289746533,-0.44279459175560404,-1.3198828257885689,0.39104235675187365,1.503682260206504,-0.9062771174674178,0.3050402127894772
10155,Mike Trout,2019,1.084404602465879,1.4384112244252714,-1.4881664390835634,1.1067683796015584,0.2518801039690776,0.30759255088155185,-0.2645366594224686,0.30441926577003553
9166,Buster Posey,2019,0.641241326149504,0.2963919954682012,0.4980400708395597,-0.5491867348062969,0.364535260983722,-0.8509727754057549,-1.5744810995554577,0.3042725654837429
8628,Paulo Orlando,2019,2.1826788089890683,-0.7120386788890409,0.9370962467173032,-1.4240309461915788,0.4639368701142907,0.09651789629479554,0.08445106389579005,0.3027759933535456
5305,Alex Presley,2019,2.2652558169983292,-1.526603036205068,1.8779309093124652,-1.8926974880051228,3.512252883451729,-1.0292135948345713,-0.4282797144390922,0.3023918097950997
5361,Freddie Freeman,2019,1.420217768370212,1.184267144942671,-0.11872931908393687,0.0027983033296549165,2.531490340030118,0.25599652420478913,-0.32242561826672933,0.30189481599450774
12861,Anthony Rendon,2019,0.4870975778655465,0.5130661145142646,0.23460636531291365,1.4400423648911895,0.1591052687805469,1.1706533607474,-1.1709123578983245,0.30179662273764113
4314,Joey Votto,2019,0.8807146493763641,0.9594473823234472,0.5314919699540545,-0.30443865185922386,2.173644547160071,-2.426996862986868,-1.0237090054086326,0.3015435713481536
7996,Jose Martinez,2019,1.3761766974319392,0.9838843130429284,-0.6142355747173891,-0.9553644043780347,1.4778332832460905,0.06368406113685567,-0.49940043530489847,0.30128598827115105
4316,Daniel Murphy,2019,0.5834374205430202,-0.5344636489941466,1.5852267920606373,0.632894431767864,1.4115655438257115,-0.5929926420219417,-1.5662112482919919,0.3012321355014752
11477,Christian Yelich,2019,1.6376705561279365,1.5394172047324586,-1.3564495863202406,-1.715645683320006,0.4838171919404044,1.7663529414700232,-0.12725712844893555,0.3009031181928804
4106,Michael Brantley,2019,0.5531591842729575,0.43486793621192593,0.5858513060151085,-0.9814014344787871,0.94106459394102,0.7860284346115325,-1.744840035582854,0.30068565102254313
11205,Adam Eaton,2019,1.4532485715739165,-0.18420097534825472,0.20951744097704264,-1.3511272619094719,0.9278110460569443,0.14811392297155826,-0.6929149548699992,0.30038982511847606
5450,Daniel Nava,2019,1.549588414251391,0.08623439128066658,0.9998185575569808,-1.0074384645795398,2.385701313305284,-0.6070642856610587,-0.5605973346545458,0.30034619365900006
5933,Jean Segura,2019,0.8944774840445748,-1.0639304812495645,0.9768203769157656,-1.1792828632445058,-0.5234524472493577,1.0533896637547573,-1.4520873008561634,0.29894793936713465
11281,Whit Merrifield,2019,1.0733943347313106,0.23122684688291895,0.3621417306869249,-0.023238726771097548,1.9152003634205927,1.2457021268226909,-0.8533500693812363,0.2984407421412438
7859,Charlie Blackmon,2019,1.1834970120769925,0.5130661145142643,-0.31525922638159304,-0.007616508710646064,0.6229794447232004,0.8516961049274123,-0.40347016064869456,0.29769701177734886
10339,Scooter Gennett,2019,1.3018573902236021,0.49188744122404776,-0.23372022229001194,0.2215093561759754,0.364535260983722,-0.28341648196136576,-0.07598405061544716,0.2971475558610885
9218,Paul Goldschmidt,2019,1.469763973175769,1.839176888224757,-1.6846963463812201,0.013213115369955869,0.510324287708556,0.4952144660697796,0.4350927574667418,0.2966416313233261
18401,Ronald Acuna Jr.,2019,1.411960067569287,1.780528254498003,-1.3418143804576497,0.6589314618686164,-1.0602211365544283,0.7531945994535929,0.6798803548653307,0.2964420033250714
5930,Nick Markakis,2019,0.47608731013097916,0.6694624711189421,-0.04764403346563495,-0.7054089154108114,1.0537197509556646,-0.3209408649990113,-1.3247315913987894,0.29380960633964665
19198,Yuli Gurriel,2019,0.1622946796957819,-0.2477369952189052,0.4562251969464413,-0.13780165921440826,-0.3909169684085996,-0.06296073161519812,-1.6852971064859,0.2937432949561977
3269,Robinson Cano,2019,0.40727313678992616,0.9855134417575602,-0.04555328977097964,-0.8564236899951756,0.11934462512831945,0.1387328272121468,-1.2833823350814602,0.2935956838232265
1857,Joe Mauer,2019,0.8834672163100068,1.2152205905206799,-0.4532483102288837,-1.991638202387982,1.736277466985569,-0.4428951098713594,-0.9807057788386103,0.29292269666256854
10847,Andrelton Simmons,2019,-0.09919917900021537,-0.11089018318981264,-0.4448853354502599,-0.851216283975025,-0.5897201866697368,0.8939110358447637,-2.1335230449657487,0.2925214951806301
11737,Nicholas Castellanos,2019,1.21928038221434,1.9320372249587838,-1.15155670424396,0.10694642373266468,2.0146019725511612,0.33104529028008034,0.18038133855199384,0.29207476199933646
9777,Nolan Arenado,2019,0.35772693198436967,1.1614593429378222,-1.0031139019233906,0.9401313869567427,-0.1192192367850453,0.5937159715435991,-0.6896070143646128,0.2909857251724677
2136,David Peralta,2019,0.792632507499817,1.6436814424689101,-2.046395005556694,-0.9918162465190883,-0.569839864843623,0.41078460423507707,-0.35715899357328573,0.29054947917333696
12495,T.J. Rivera,2019,0.4760873101309792,-0.6142909560111175,0.6443921294654742,0.6589314618686164,1.457952961419977,0.19032885388890944,-1.205645733204881,0.29035792336045435
14109,Albert Almora Jr.,2019,1.0073327283239004,-0.8863554513546702,0.2868749576793117,-0.872045908055627,-0.3047689071621067,-0.1473905934499006,-0.6879530441119197,0.29016173472564566
9874,DJ LeMahieu,2019,0.6109630898794408,0.03736052984170424,0.4813141212823123,-1.3771642920102245,0.40429590463594955,0.3498074817989031,-1.242033078764131,0.2899554550406408
8553,Gerardo Parra,2019,0.8889723501772899,0.09600916356845864,0.6862070033585926,-0.9501569983578844,0.7356346017378449,-0.64927921657841,-0.7259943599238623,0.2898402044354105
10324,Marcell Ozuna,2019,0.5724271528084518,1.4856559571496013,-1.5717961868698,-0.05969056891215095,-0.8481643704092152,0.43892789151331135,-0.40347016064869473,0.28979011881467653
15878,Miguel Andujar,2019,0.42103597145813754,0.4120601342070769,-0.777313582900551,-0.1221794411539568,-0.3312760029302584,0.09651789629479554,-0.8583119801393159,0.28790221394398763
20123,Juan Soto,2019,1.026600696859394,0.21656468845123017,-0.7145912720608733,-0.90329034417653,-1.3252920942359447,0.9408165146418207,-0.19672387906204838,0.28788720229557346
11400,Ronald Torreyes,2019,0.6962926648223458,-2.6181192750085445,2.2542647743505313,-0.90329034417653,-0.9939533971340493,0.049612417497738585,-1.3875824610011298,0.28745400045750713
15986,Willy Adames,2019,2.127627470316225,0.2002734013049096,-0.06646072671753893,-0.90329034417653,-1.1264888759748075,0.9877219934388777,1.3580081584695296,0.28615370817908153
18289,Brian Anderson,2019,0.8614466808408706,0.7704684514261292,-0.5682392134349589,-0.9553644043780349,-0.6626147000321538,1.3629658238153333,-0.31250179675057027,0.28600336938519516
10762,Corey Dickerson,2019,0.7981376413671013,0.04061878727096901,-0.030918083908388277,0.11736123577296564,1.093480394607892,-0.3443936043975398,-0.4100860416594674,0.28541159563295926
2967,Tommy Pham,2019,1.3514035950291605,1.8131108287906437,-1.3292699182897134,-1.1896976752848067,0.6229794447232004,1.9539748566582507,0.44005466822482125,0.28505930401304475
7435,Ben Zobrist,2019,0.060449703151025325,0.1253334804318354,0.9036443476028083,-0.5596015468465978,-0.5035721254232439,0.6359309024609505,-1.438855538834618,0.2849506874643139
13836,Matt Duffy,2019,0.9192505864473531,-0.637098758015966,1.390787628457638,-1.887490081984972,0.9211842721149063,-1.184001674864859,-0.8632738908973954,0.28477279924627985
15429,Kris Bryant,2019,1.0431160984612475,-0.14347275748245342,0.33078057526708615,1.0026202591985487,0.6561133144333899,0.6781458333783018,0.1340701714765853,0.28474227485807024
15640,Aaron Judge,2019,1.76153606814183,2.24645906688277,-1.7536908883048652,0.13298345383341714,0.6229794447232004,0.46707117879154536,1.5498687077819373,0.2846772920534315
14274,Mitch Haniger,2019,0.9880647597884058,0.473967025363095,-0.2608998903205388,-0.002409102690495579,-0.09933891495893157,-0.6070642856610587,0.13407017147658512,0.2844218752857917
15161,Mitch Garver,2019,0.806395342168029,1.145168055791502,-2.1781118583200167,0.1381908598535676,0.3976691306939116,-0.1380094976904892,0.05137165884192665,0.2844063552118099
639,Adrian Beltre,2019,0.3329538295815909,1.0262416596233614,-0.7166820157555293,0.07570198761176175,0.7290078277958071,-0.8040672966086979,-0.6846451036065331,0.2843095478774862
16252,Trea Turner,2019,0.6935400978887029,-0.5018810747015054,0.6172124614349472,-0.2888164337987724,-1.1463691978009212,1.0064841849577004,-0.5490195428856935,0.2842292618854772
1433,Wilson Ramos,2019,0.6164682237467249,0.5635691046678584,-0.8839415113280029,-1.4188235401714282,-0.44393115994490284,-2.5770943951374505,-0.5506735131383865,0.2841492178115872
17992,David Fletcher,2019,0.17330494743035021,-0.7283299660353615,0.22624339053429002,-0.3825497421614812,1.7230239191014933,1.0346274722359348,-1.6687574039589685,0.28414084637465403
13608,Mallex Smith,2019,1.4642588393084854,-1.4370009569003046,1.0123630197249163,-1.502142036493836,0.7025007320276554,1.3582752759356274,-0.2579207784116958,0.28398957792791785
12180,Jorge Alfaro,2019,2.8983462117360093,0.6890120156945264,-0.10827560061065736,-0.90329034417653,0.3976691306939116,-0.5132533280669449,2.5488667404086107,0.28379196493175446
13593,Jose Peraza,2019,0.20633575063405507,-1.1763403625591762,0.8952813728241846,0.013213115369955897,0.9741984636512097,0.781337886731827,-1.5298239027327423,0.2837910090437951
13152,Jorge Polanco,2019,0.6192207906803668,-0.5784501242892119,0.13215992427477402,0.39335375484094154,1.1398678122021573,0.04023132173832719,-0.6681054010796017,0.283482725271452
12161,Xander Bogaerts,2019,0.5806848536093783,0.28498809446577683,-0.29226104574037776,-0.3408904940002773,0.013316242055712883,0.7297418600550643,-0.5672132156653185,0.2830258952680824
8370,Dustin Pedroia,2019,0.43429100049525937,-0.44677275190900895,0.6061633656181562,-0.7294408232313355,0.5765669494602803,-0.6175281569007427,-1.0657592822304145,0.28296726679998024
4579,Starlin Castro,2019,0.877962082442723,0.12859173786109945,-0.030918083908388266,-0.9866088404989378,-0.3312760029302584,0.4670711787915454,-0.30257797523441127,0.28279225112539247
9549,David Freese,2019,1.4670114062421276,0.20027340130490986,-0.0330088276030442,-1.5698383147557924,-0.006564079770400841,-0.8556633232854605,0.4119371739290375,0.2826096534023992
6848,Eduardo Nunez,2019,0.12651130955843443,-1.0362352931008192,-0.03928105868701198,-0.6585422612294571,-0.9078053358875564,-1.1605489354663308,-1.3545030559472662,0.28214819903817173
14950,Johan Camargo,2019,0.7981376413671022,0.06831397541971329,-0.2838980709617539,-0.1690460953353112,-0.31802245504618254,-0.5179438759466505,-0.13221903920701505,0.2821342680518786
13624,Corey Seager,2019,0.8719491429443504,0.8190602593600975,-0.37230468348081447,-0.32326315365959746,0.7157292022430763,1.000710861597722,-0.07833904137259308,0.2820496291888757
9848,Austin Jackson,2019,2.1716685412545,-0.33896820323830007,1.838206779114003,-0.6741644792899086,0.5964723489550489,0.4483089872727227,1.3331986046791322,0.28187015455134284
17901,Andrew Benintendi,2019,0.5283860818701775,-0.5833375104331078,1.5162322501369916,-0.04927575687184997,0.6759936362595036,0.044921869618032885,-0.8086928725585207,0.2818663455839824
10473,Cheslor Cuthbert,2019,0.5311386488038208,-0.4187955102552708,0.07989133190837554,-0.018031320750947044,-1.1264888759748075,-1.6389848191963117,-0.39520030938522877,0.28127125332084396
11493,Manny Machado,2019,-0.2175595571468249,0.8372627287260436,-1.063745469068412,0.8984721387955388,-1.1264888759748075,-0.05357963585578679,-0.9327406415105085,0.2812125526705913
12155,Eddie Rosario,2019,0.4485616407945582,0.15465779729521242,-0.007919903267172457,0.6693462739089173,-0.25838148956784135,1.5552782868832666,-0.43985750620794445,0.2810457991951968
2579,Carlos Ruiz,2019,0.06320227008466697,0.06994310413434601,-0.024645852824420514,-0.22632756155696657,0.06633043359201615,-0.18491497648754618,-1.1560266256240865,0.28072105801706954
17678,Alex Bregman,2019,-0.0634158088628688,0.14162476757815595,-0.024645852824420514,0.8411906725738835,0.510324287708556,1.011174732837406,-1.1378329528444613,0.2804534657668657
5227,Jon Jay,2019,1.0513737992621734,-0.2656574110798578,1.509960019053025,-2.4030232779798704,1.378431674115522,0.4858333703103682,-0.633372025773045,0.28016780597294055
7399,Billy Butler,2019,0.5311386488038208,-0.1255523416215007,0.7907441880913887,-1.0074384645795398,2.7170400104071795,-1.404457425211027,-0.9740898978278377,0.27953495891059604
10953,Phil Gosselin,2019,1.0541263661958147,-1.119320857547054,1.5852267920606387,-1.1636606451840543,0.06633043359201615,0.612478163062422,-0.329041499277502,0.2792893939211625
9241,Starling Marte,2019,0.5972002552112305,-0.3324516883797717,-0.48251872195406675,-0.5908459829675008,-0.7686430831047604,0.7860284346115328,-0.4696289707564214,0.27913105705960983
4922,Ender Inciarte,2019,0.2668922231741803,-0.9124215107887832,0.7280218772517104,-0.7366533515317144,0.7952755672161861,1.949284308778545,-1.3693887882215048,0.2790286174793346
7927,Eric Sogard,2019,0.2834076247760335,-1.1681947189860158,1.7733937245796692,-0.4346238023629861,2.5845045315664215,-0.37253689167577403,-1.4537412711088566,0.27898428938623104
12160,Ben Gamel,2019,1.312867657958172,-1.0052818475228102,1.9197457832055842,-0.9814014344787874,0.9278110460569443,0.73443240793477,0.005060491766517891,0.2788828988774486
13510,Jose Ramirez,2019,-0.5643829907857268,0.17420734187079714,-0.05809775193891481,0.9453387929768932,0.059703659649978244,1.2457021268226909,-1.6671034337062753,0.27878003822557906
11739,J.T. Realmuto,2019,0.4843450109319054,0.4250931639241337,-0.3717093061373027,0.09653161169236368,-0.12584601072708324,1.2644643183415134,-0.34888914230982004,0.2787384082378117
4418,Jed Lowrie,2019,0.20633575063405518,0.6059264512482917,0.21369892836635523,0.8203610484932815,1.2193890995066123,-0.7149468868942896,-0.5787910074341704,0.2787158261067679
5631,Matt Kemp,2019,0.7651068381633968,1.0800029072062194,-0.7187727594501856,0.03404273945055786,1.146494586144195,-0.9635459245186916,0.18368927905738025,0.27801597922716603
12927,Brandon Nimmo,2019,1.4587537054412016,0.5000330847972079,-0.46788351609147494,-0.2731942157383209,0.33140139127353246,1.011174732837406,0.9130901604950676,0.278005831776473
4022,Melky Cabrera,2019,0.060449703151024894,0.258922035031664,0.5231289951754308,-1.2469791415064622,1.6169955360288866,-0.48980058866841636,-1.4173539255496066,0.2779077342302497
7287,Carlos Gonzalez,2019,0.7843748066988923,0.14162476757815584,-0.7522246585646802,-0.10655722309350533,-1.1066085541486936,0.2559965242047892,0.162187665772369,0.2778599274013331
12564,Trevor Story,2019,1.1064251379350147,1.5980658384592128,-1.4338071030225092,1.4608719889717916,0.033196563881826596,-0.07234182737460948,1.2604239135606328,0.27779399348372824
16313,Yairo Munoz,2019,1.026600696859394,0.5912642928166031,-0.10827560061065736,-1.736475307400608,0.19886591243277432,-0.5601588068640018,0.06791136136885835,0.2776401595589604
5254,Robbie Grossman,2019,0.5283860818701777,-0.3422264606675641,0.6862070033585925,-0.012823914730796547,1.1531213600862333,-1.5967698882789603,-0.47128294100911466,0.2773546756860115
3473,Anthony Rizzo,2019,-0.4322597779709072,0.12044609428793948,-0.014192134351140556,0.4818796571834998,0.45068332223021484,-2.2112316605204065,-1.4041221635280614,0.27695543268938844
15223,Adam Frazier,2019,0.12651130955843481,-0.14021450005318956,0.6172124614349472,-0.7574829756123163,-0.006564079770400855,1.0111747328374059,-1.1312170718336887,0.27687973677739636
6368,Adam Jones,2019,0.20633575063405535,-0.3422264606675641,0.16561182338926828,-0.038860944831549005,-0.18548697620542437,0.8939110358447637,-0.8301944858435321,0.27652166011250146
7571,Lonnie Chisenhall,2019,0.4342910004952595,-0.33436287059939707,-0.10259874687020065,0.6296921480279418,-0.09936399262758644,0.14234059961157983,-0.2619297394215348,0.2755502504876625
19755,Shohei Ohtani,2019,1.3569087288964436,1.5687415215958358,-0.3382574070228075,-0.5387719227659958,0.729007827795807,-0.1380094976904892,1.0933729180386231,0.27550786659399096
13744,David Dahl,2019,1.0513737992621732,0.4348679362119259,-0.022555109129763773,0.22671676219612585,0.25188010396907756,0.1246611835730297,0.6368771282953083,0.2753626548733953
8259,Kurt Suzuki,2019,-0.7625678100079558,0.4381261936411902,-0.28180732726709773,1.0859387555209563,0.06633043359201612,-0.7665429135710523,-1.564557278039299,0.2753160695426738
8709,Elvis Andrus,2019,0.14577927809392927,-0.21678354964089577,0.26178603334344064,-0.8095570358138212,-0.3312760029302584,1.6959947232744377,-1.0435566484409509,0.2752915030129089
10348,Domingo Santana,2019,2.0835863993779533,1.0441620754843146,-0.10409411322134551,-1.1324162090631513,1.232642647390688,0.28413981148302336,1.7400752868416516,0.2752817917559171
4191,Yunel Escobar,2019,0.351713992485997,-0.4614349103406974,0.8821415333127378,-1.1981073650448795,-0.1788852799320413,-0.26573706592281565,-0.8523971196329958,0.2752051258233172
5827,Wilmer Flores,2019,-0.8671653534863559,-0.06527457918011481,-0.5640577260456474,1.4921164250926946,-0.6559879260901158,-1.4419818082486726,-1.556287426775833,0.2744203155442103
12284,Kevan Smith,2019,0.6137156568130817,-1.770972343399876,1.6479491029003164,-1.8926974880051228,-0.26500826350987927,-0.7946862008492865,-0.9244707902470427,0.2742960280760403
4962,Asdrubal Cabrera,2019,0.024666333013678765,0.706932431555479,-0.40097971786248526,0.45584262708274736,-0.48369180359713027,-0.7149468868942898,-0.44647338721871693,0.2740017175135606
13769,Adalberto Mondesi,2019,0.944023688850133,1.5687415215958358,-1.9272226149613063,0.1381908598535676,6.269417163706453e-05,0.4717617266712511,0.8783567851885111,0.2738434115314791
15676,Jose Abreu,2019,0.20358318370041312,0.7639519365676011,-0.7313172216181207,-0.2054979374763646,-0.17223342832134858,-0.2787259340816601,-0.37866060685829706,0.27347389555480983
16909,Colin Moran,2019,0.42103597145813754,-0.1255523416215007,0.7907441880913887,-0.8512162839750251,1.3254174825792189,-1.8735122131815964,-0.5936767397084092,0.2733958367786687
14566,Franmil Reyes,2019,1.2192803822143397,1.747945680205362,-1.5508887499232418,-0.7470681635720153,-0.26500826350987927,0.09651789629479554,1.1429920256194184,0.2732620129868435
7007,Yadier Molina,2019,-0.641454864927705,1.1728632439402464,-0.7145912720608737,0.19547232607522297,0.39766913069391163,-1.155858387586625,-1.3511951154418802,0.27319486843078905
16153,Austin Slater,2019,2.1001018009798056,0.6401381542555648,-1.3209069435110903,-2.8300305716322107,-0.3312760029302584,-0.04419854009637532,1.5730242913196415,0.27308152926850215
12916,Francisco Lindor,2019,-0.5065790851792434,0.7818723524285532,-0.47415574717544284,0.4245981909618445,-0.05957827130670411,0.3779507690771373,-1.2221854357318132,0.273059150562702
791,Brandon Phillips,2019,0.1535291732637676,-0.7204663759671941,0.5434410547784786,-0.40137424396185484,0.1988408347641195,0.11419731233334565,-0.9268257810041884,0.2729574109433441
12979,Javier Baez,2019,1.227538083015267,0.10415480714161865,-0.486700209343378,-0.20029053145621412,-0.5101988993652818,1.2550832225821023,0.8667789934196588,0.2727496125835948
13110,Yoenis Cespedes,2019,0.10398296845821012,0.7115377641943819,-0.8866276323661703,0.9577587272974226,-0.41744914184540605,-0.012447480418708107,-0.1726153457761036,0.2726954234758
11936,Joe Panik,2019,-0.7405472745388197,-0.7087804214597764,0.7363848520303347,-0.49190526858464145,0.22537300820092596,-0.3631557959163626,-2.126907163954976,0.27224436584254375
16505,Matt Chapman,2019,0.6302310584149347,1.2331410063816324,-1.3857199980454238,0.8828499207350875,-0.6029737345538126,2.043095266372659,0.6385310985480013,0.2717748013494349
6104,Aaron Hill,2019,-0.4597854473073285,-0.10926105447518016,0.12170620580149395,0.9713758230776457,0.19886591243277432,0.6593836418594788,-1.2221854357318127,0.2716293055233963
2918,Angel Pagan,2019,-0.07442607659743711,-1.4940204619124269,1.4597821703812834,-0.27840162175847144,1.1928820037384607,0.4717617266712511,-1.48682067616272,0.2715922798654607
12547,John Hicks,2019,0.9990750275229746,0.558681718523962,-1.174554884885176,0.19026492005507248,-0.5963469606117747,-0.32563141287871705,0.944515595296238,0.2711976117955992
16556,Ozzie Albies,2019,-0.17627105314219413,0.09275090613919418,0.38723065502279586,0.7266277401305727,-0.31802245504618254,1.5130633559659155,-0.802076991547748,0.27099715412991554
4940,Jason Heyward,2019,-0.2946314312888034,-0.8733224216376141,-0.4469760791449157,-0.20549793747636458,-0.7553895352206845,1.0815329510329914,-1.3346554129149484,0.27084798811973126
18030,Harrison Bader,2019,1.5771140835878101,0.6890120156945264,-1.571796186869801,-0.22632756155696657,1.524220700840356,1.9258315693800165,1.3414684559425978,0.2706687398666237
4229,Howie Kendrick,2019,0.640733520518415,-0.08510617726069276,0.36781858442738125,-1.3387073275889427,-0.039723027149245194,0.5082033342286241,-0.21231063184073984,0.27061139497371667
8203,Dee Gordon,2019,0.5449014834720307,-2.396557769818585,2.206177669373445,-2.0957863227909916,0.33140139127353246,1.4567767814094472,-1.2271473464898923,0.27046897979493156
13757,Chris Taylor,2019,1.3514035950291594,0.5098078570850005,0.2095174409770426,0.4141833789215434,1.4049387698836737,1.7382096541917889,1.1512618768828835,0.27019988205627377
1744,Miguel Cabrera,2019,0.21959077967117754,0.814172873216201,0.004029181557250974,-0.16704097305508286,0.9145324205042136,-1.6869730734736414,-0.22223445335689873,0.26963188307753383
13338,Omar Narvaez,2019,0.8063953421680289,-1.2431346398590906,1.5036877879690569,-1.0751347428414961,2.385701313305284,-0.6492792165784099,-0.40677810115408075,0.26962457724556554
5485,Jose Pirela,2019,0.3549743650507271,0.1432538962927879,-1.0407472884271969,-1.1220013970228504,-0.17223342832134858,-1.1464772918272135,-0.3058859157397977,0.26948786866274604
16623,Greg Allen,2019,0.5311386488038208,0.4609339956460386,0.4562251969464413,-1.1115865849825495,0.9278110460569443,0.09651789629479554,-0.21326358158898007,0.2694808357226005
3892,Josh Reddick,2019,-0.3744558723644236,-0.4969936885576095,0.6109402303509794,0.9140943568559903,-0.06620504524874199,0.21378159328743798,-1.0650582617259619,0.2694609607177039
4556,James Loney,2019,-0.7075164713351143,-0.630582243157438,-0.04555328977097972,0.034042739450557837,0.7952755672161861,-0.18491497648754618,-1.8341544292282852,0.26923340793282147
9847,Andrew McCutchen,2019,0.07971767168651944,1.0930359369232758,-0.7856765576791749,0.25275379229687833,0.37778880886779787,-1.2121449621430935,-0.15702859299741262,0.26918058744056234
9957,Steve Pearce,2019,-0.07717864353107873,0.41368926292170893,-0.3298944322441839,0.018420521390106373,-0.10596568890096944,0.2653776199642005,-0.6234482042568859,0.2691675929980816
10556,Cesar Hernandez,2019,0.8394261453717333,-1.6031720857927745,1.4221487838774767,-0.8147644418339718,0.059703659649978286,0.33104529028008034,-0.13056506895432182,0.2691656607936266
11680,Elias Diaz,2019,-0.20379672247861447,-0.052241549463058534,-0.4783372345647545,-0.2159127495166656,-0.6294808303219642,0.1903288538889094,-0.8946993256985657,0.2690435159165467
13355,Luke Maile,2019,1.384434398232866,0.13510825271962826,-0.024645852824420514,-0.33047568195997634,-0.46381148177101655,0.0027069387006816315,1.2918493483618028,0.26890128741767383
13075,Nori Aoki,2019,0.07095216525450516,-1.1554437427739526,0.9511360752363824,-1.0731296205612677,-0.6162523601065433,0.36748689783745314,-1.040949728440017,0.26886827777271616
6589,Sean Rodriguez,2019,1.191754712877919,1.5687415215958358,-1.4045366912973272,0.24233898025657735,0.9940787854773234,-0.7477807220522297,1.4241669685772562,0.268821815864311
3312,Martin Prado,2019,0.0824702386201615,-0.6094035698672213,1.6730380272361856,-1.0074384645795398,0.94106459394102,-0.12393785405137217,-1.0501725294517232,0.2687751395869381
13777,Adonis Garcia,2019,0.20083061676677105,-0.5979996688647969,0.28896570137396765,-1.1636606451840543,-0.06620504524874202,0.0027069387006816315,-0.7756134675046574,0.26877205280667016
12552,Eugenio Suarez,2019,0.4292936722590638,1.5182385314422422,-0.8525803559081642,0.3048278524983832,0.8284094369263757,-0.6352075729392929,0.3821657093805606,0.2687437628412381
10542,Derek Dietrich,2019,0.643993893083146,0.14814128243668423,-0.6414152427479164,0.3829389428006405,0.47056364405632856,-0.5226344238263563,0.4003593821601852,0.26869052101317353
10231,Jose Iglesias,2019,-0.3579404707625704,-1.1372412734080068,0.6193032051296031,-0.7991422237735202,0.5898455750130109,0.612478163062422,-1.6819891659805137,0.2684585694043361
393,Victor Martinez,2019,-0.8368871172162922,0.736256748418856,-0.2128127853434533,-0.09093500503305388,1.0470929770136266,-1.1980733185039762,-1.587712861577003,0.2671821925702899
5497,Marwin Gonzalez,2019,0.38250003438714797,0.43975532235582215,-0.39679823047317375,-0.14821647125470927,0.2452533300270397,-0.5226344238263563,0.08775900440117652,0.26683256226939295
14894,Tony Kemp,2019,-0.1294774152702772,-0.5328345202795147,0.9789111206104216,-0.6429200431690056,0.662740088375428,-0.7946862008492865,-1.0402487079355647,0.2666366300946785
5275,Francisco Cervelli,2019,0.2834076247760333,-0.09622802475812361,0.757292288976894,0.06528717557146069,-0.4770650296550924,-0.0676512794949038,-0.07598405061544738,0.2665351490754091
15937,Aledmys Diaz,2019,-0.64695999879499,-0.6680522035939751,0.40813809196935513,0.5704055595260581,-1.152995971742959,-0.5554682589842961,-1.2354171977533581,0.26618580620363486
4220,Ryan Zimmerman,2019,-0.1377351160712048,0.9627056397527118,-0.7605876333433037,-0.1950831254360636,-0.9939533971340493,0.5374293969871309,-0.36212090433136523,0.26586792789143143
13613,Ketel Marte,2019,-0.36344560462985565,-0.2037505199238398,-0.1459089871144632,-0.7314459455115638,-0.3312760029302584,-0.13331894981078357,-1.1378329528444613,0.2655635440806182
6012,Didi Gregorius,2019,-0.8313819833490086,-0.40576248053821434,-0.4281593858930125,0.7995314244126795,-0.3644098726404479,0.7860284346115327,-1.4669730331304018,0.26543793309444147
9134,Tyler Flowers,2019,0.376994900519864,1.8538390466564452,-1.550888749923241,0.20067973209537346,0.1325981730123952,-0.1614622370890177,0.6104136042522177,0.2653487088548625
10816,Jedd Gyorko,2019,-0.024879871791879477,0.24588900531460745,-0.08109593258012972,0.6693462739089173,-0.3445295508143342,-0.9166404457216346,-0.15537462274471933,0.26532517338839307
16997,Gleyber Torres,2019,0.5586643181402416,0.8030510257187703,-0.15009047450377577,0.8672277026746359,1.0603465248977024,-0.7946862008492865,0.663340652338399,0.265318781738298
3516,Eric Hosmer,2019,0.43755137305999003,-0.07830760889717171,-0.8003117635417663,-2.163482601052948,-0.3047689071621067,-0.42882346623224227,-0.3240795885194226,0.26518973881723296
12856,George Springer,2019,0.052192002350098646,0.1530286685805806,-0.1396367560304958,-0.34089049400027727,-1.2325172590474138,0.5468104927465421,-0.2810763619494001,0.26504095076027473
18718,Hyun Soo Kim,2019,0.25262158287488207,-0.4272232073334242,0.49953543719070426,-0.6825741690499811,0.377763731199143,0.1845555305289311,-0.420710883680079,0.2650236483020339
6387,Michael Bourn,2019,0.9715493581865539,-1.2822337290102597,1.8152085984727877,-1.2678087655870642,0.3976691306939116,0.049612417497738585,0.18368927905738025,0.2649996943861773
13145,Josh Bell,2019,-0.10470431286749952,-0.004996816738728566,-0.28807955835106624,-0.44503861440328696,-0.8812982401194047,-1.1605489354663305,-0.5060163163156711,0.26484437933764354
19238,Lourdes Gurriel Jr.,2019,0.6962926648223458,-0.4676693716942325,1.1670780531294545,-0.486697862564491,0.7952755672161861,-0.2787259340816601,0.20022898158431193,0.26474017533673644
10264,Brandon Belt,2019,0.15678954582849775,1.0734863923476912,-0.9592082843356164,1.7733163501808211,1.7561577888116828,-0.1333189498107836,0.34743233407400376,0.2646417380754477
9009,Conor Gillaspie,2019,-0.6249394633258518,-0.2884652130847063,0.10079876885493474,0.6589314618686164,0.5964723489550489,0.0027069387006816315,-1.2387251382587445,0.26462271088802014
15998,Cody Bellinger,2019,0.22285115223590768,1.2217371053792083,-1.2874550443965955,1.0599017254202039,-0.6957485697423433,0.18094775812949804,0.5822961099564337,0.26447929827777683
12532,Kolten Wong,2019,-0.26435319501873966,-0.8961302236424631,0.5377642010380222,-0.5179422986853939,-0.43730438600286486,0.27475871572361193,-1.0832519345055869,0.26443097249328273
11615,Brandon Drury,2019,0.3764870948887762,-0.11443049412406976,0.3113685046716713,-0.4794853342641121,0.039798260155209694,0.21269881780716524,-0.04360566606603652,0.2643029349078403
9345,Brock Holt,2019,0.6439938930831461,-0.9841031742325939,0.8325590619845071,-1.7937567736222635,0.9874520115352854,-0.48511004078871056,-0.3125017967505702,0.2643020115134392
11579,Bryce Harper,2019,0.162294679695782,0.91383177831375,-0.0873681636640973,0.4975018752439513,0.0928375293601678,-0.7477807220522295,0.2134607436058572,0.26424955717430854
1101,Ichiro Suzuki,2019,0.20307537806932457,-1.3069527132347338,0.6312522899540273,-0.948151876077656,0.4175243748513705,-0.08280569861429352,-0.7233874399229288,0.2641991524456526
5452,Ji-Man Choi,2019,0.3935103021217167,1.6827805316200797,-1.2581846326714128,-0.1742535013554617,6.269417163706453e-05,-0.8884971584434004,0.613721544757604,0.2638566022335288
11609,Willson Contreras,2019,0.45957190852912655,-0.3666633913870453,0.03180422693128935,-0.7574829756123164,-1.2325172590474138,-1.8688216653018905,0.22669250562740262,0.26372420482088993
8202,Josh Harrison,2019,-0.16250821847398292,-0.20212139120920725,0.23878785270222552,0.4818796571834998,0.722381053853769,0.6922174770174188,-0.6333720257730451,0.2637063292621859
5913,Leury Garcia,2019,1.2137752483470559,-0.7381047383231534,0.780290469618109,-1.9343567361663268,1.6633829536231521,-0.5929926420219417,0.4532864302463666,0.2636736059258266
3256,Welington Castillo,2019,0.5911873157128585,0.5795783383091856,-0.03987643603052337,-0.08892988275282554,0.7952504895475313,-0.8989610296830843,0.5319759818711862,0.2635342817514667
14221,Jorge Soler,2019,0.553159184272958,0.9708512833258718,-1.155738191633272,0.14860567189386858,-0.795150178872912,-0.6117548335407643,0.838661499123875,0.26350995179020564
11342,Jesus Aguilar,2019,0.45957190852912666,1.7740117396394748,-1.6742426279079405,0.7110055220701212,0.4506833222302148,-0.7712334614507579,0.9230139820112264,0.263489993777528
3298,Charlie Culberson,2019,1.0816520355322372,-0.30475650023102685,-0.3382574070228075,-1.0595125247810446,-0.46381148177101655,0.4717617266712511,0.8618170826615794,0.26298419823762753
3174,Shin-Soo Choo,2019,0.4843450109319056,1.1207311250720207,-0.41979641111438887,-1.2417717354863118,0.6362329926072762,0.030850225978915777,0.23661632714356137,0.2628848615565534
14503,Renato Nunez,2019,0.3935103021217167,-1.00528184752281,0.22624339053429002,0.9713758230776457,-1.2590243548155655,-0.8884971584434004,0.4317848169613553,0.2625452408870761
10200,Tucker Barnhart,2019,-0.0716735096637941,0.3811066886290682,0.31823611309915034,-0.8199718478541222,1.1266142643180814,-1.2355977015416217,-0.5969846802137952,0.2625298771931643
11846,Leonys Martin,2019,0.12651130955843484,0.31105415389988966,-0.7438616837860565,1.028657289299301,-0.8282840485831015,0.5468104927465423,0.3044291075039815,0.2624826253502954
2829,Manny Pina,2019,0.013656065279109009,0.05691007441728957,-0.5598762386563354,0.185057514034922,1.093480394607892,-0.8087578444884037,-0.2827303322020933,0.2622783935761685
3395,Cliff Pennington,2019,0.8889723501772899,-0.630582243157438,1.2298003639691322,0.5547833414656066,-0.26500826350987927,0.33104529028008023,0.9114361902423745,0.2622078541065634
1908,Adrian Gonzalez,2019,0.05443676365265268,-0.08999356340458892,0.505807668274672,-0.22952984529688875,0.6163275931125077,-0.7160296623745623,-0.3363584007927273,0.2621229628999363
11476,Odubel Herrera,2019,0.321943561847022,-1.138870402122639,-0.16472568036636687,0.10694642373266466,-0.5433327690754713,0.34511693391919734,-0.03132685379273185,0.2620813733224858
6153,Eduardo Escobar,2019,-0.11571458060206817,0.24263074788534345,0.1865192603358282,1.007827665218699,0.7555149235639587,0.3873318648365486,-0.23145725436860495,0.26202905678360944
4727,Jacoby Ellsbury,2019,-0.01988254355568353,-0.6960294452477132,0.36781858442738125,-0.4482408981432092,0.49704566215582535,0.43784511603303855,-0.6737683323421337,0.262002826356073
7802,Miguel Rojas,2019,-0.3386725022270759,-1.5200865213465393,1.0458149188394108,-1.0334754946802922,0.7820220193321102,-0.3209408649990114,-1.4752428843938676,0.2620026539384126
8090,Matt Carpenter,2019,-0.3634456046298547,2.081917066704933,-0.9989324145340787,1.87225706456368,1.2127623255645745,-0.6258264771798816,0.12083840945503997,0.26200096619422153
14712,Manuel Margot,2019,-0.31114683289065503,0.2703259360340885,-1.10556034296153,0.24754638627672784,-0.15897988043727274,0.3826413169568429,-0.5440576321276137,0.2619864918047447
8347,Denard Span,2019,-0.23407495874867676,-0.7918659859060112,0.7823812133127642,-0.47628305052418995,1.1199874903760436,0.9689598019200549,-1.1014456072852117,0.2618485507653095
8418,Ehire Adrianza,2019,0.3384589634488751,0.4609339956460386,-0.4218871548090444,0.08611679965206272,1.3254174825792189,-0.23182045528460313,0.20022898158431193,0.26181924597326756
16512,Isiah Kiner-Falefa,2019,0.1457792780939294,-0.6794561045963998,0.8325590619845071,-1.840623427803618,1.2591497431588397,0.8939110358447636,-0.907931087720111,0.26172386144203863
7870,Jonathan Lucroy,2019,-0.5203419198474529,-0.3943585795357901,0.3286898315724295,-0.5491867348062967,0.5567117053028213,-0.5507777111045904,-1.2552648407856766,0.2616454107963834
3882,Chris Young,2019,-0.0033671419538305603,-0.0020206128144581725,-0.8489942458623636,1.004625381478777,0.3181227657208019,0.08605402505511149,-0.02375802303371847,0.26163252980080864
12649,Alex Dickerson,2019,-0.7350421406715366,0.10252567842698714,-1.279092069617972,0.9713758230776457,0.3976691306939116,-0.37253689167577403,-0.9575501953009061,0.2609869503764269
9048,Ezequiel Carrera,2019,0.558156512509153,-0.7693402374061558,0.36154635334341345,-0.7606852593522384,-0.13912463627981383,0.29712867964186773,0.16479458577330275,0.2608241916153965
1738,Jhonny Peralta,2019,-0.18452875394312035,-0.20700877735310352,1.2298003639691322,0.1381908598535676,0.9278110460569443,-0.9354026372404575,-0.544057632127614,0.26010252422681845
8027,Adam Lind,2019,-0.21806736277791292,0.4134072094167158,-0.34094352806097566,0.05167007979123763,-0.3180475327148374,-0.25166542228369854,-0.3016250254861709,0.2599744397609097
5222,Justin Upton,2019,0.668766995485925,1.4498151254276956,-1.8435928671750696,0.3412796946394366,-0.026444401596514594,0.32635474240037465,1.2207286274959963,0.2599543492455474
14477,Jake Cave,2019,1.7147424302699144,0.6727207285482059,1.1461706161828953,-0.8512162839750251,1.3916852219995979,-0.2787259340816601,1.9534374494390707,0.2599288800854486
589,Carlos Beltran,2019,-0.19329426037513417,0.12505142692684218,0.0855681856488319,0.22351447845620373,-0.3379278545409511,-0.6597430878180941,-0.26689165017961414,0.259667921076674
5751,Hernan Perez,2019,-0.07442607659743664,-0.06527457918011519,-0.19608683578620534,0.12256864179311613,-0.40417051629267536,0.11528008781361834,-0.17522226577703748,0.2592123998724686
6740,Johnny Giavotella,2019,-0.6799908019986934,-1.2985250161565802,0.8952813728241847,-1.1115865849825495,0.662740088375428,-0.37253689167577403,-1.751455916593627,0.2591965063982429
5343,Brandon Crawford,2019,0.03292403381460407,0.25240552017313567,-0.4030704615571415,-0.3929645542017822,0.5633384792448594,0.19032885388890944,-0.18183814678781013,0.2589516174481606
17171,Yasmany Tomas,2019,0.2558819554396127,1.226624491523104,-0.881850767633347,-0.4346238023629861,-0.06620504524874202,-0.8884971584434004,0.4979436270690821,0.25877667084126693
9256,A.J. Pollock,2019,-0.4019815417008443,1.3439217589766121,-0.79822101984711,0.2058871381155239,-0.2517547156258034,0.5515010406262478,-0.23807313537937777,0.2582108907298693
4720,Chase Headley,2019,0.3517139924859975,-0.2708268507287471,0.4869909750227687,-0.3701298078409519,0.7753701677214175,0.29712867964186784,0.12013738895058716,0.2582007366689715
4792,Jeff Francoeur,2019,0.8889723501772899,-0.6631648174500792,0.3935028861067637,-0.22632756155696657,-0.795150178872912,0.4248562478741942,0.9941347028770331,0.25797285992111507
6652,Chase d'Arnaud,2019,0.06320227008466697,-1.1681947189860158,0.8116516250379479,0.1381908598535676,0.729007827795807,0.2841398114830233,-0.3455812018044337,0.2577849313786913
6609,Freddy Galvis,2019,-0.07442607659743695,0.16931995572690128,0.4917678397555917,0.3464871006595871,0.4506833222302149,-0.10986621041225503,-0.09252375314237887,0.2576716795851852
12409,Ryan Rua,2019,1.1367033742050787,-0.15813491591414183,0.6025772555723558,-1.0595125247810446,-0.3312760029302584,0.9877219934388777,1.176071430673281,0.25757970100640804
4892,Mike Moustakas,2019,-1.1148963775141423,0.8046801544334019,-1.6575166783506934,1.4296275528508886,-0.45055793388694065,-1.4654345476472008,-0.85004212887585,0.25736036739672963
2434,Nelson Cruz,2019,-0.4350123449045489,1.2640944519596413,-1.1013788555722186,0.4350130030021454,-1.0535943626123905,-1.6342942713166058,0.010022402524597365,0.2573071732510628
8001,Hanley Ramirez,2019,-0.11897495316679801,0.27167301124372695,-0.736094086350944,-0.104552100813277,-0.07948367080147267,-0.4205251459531036,-0.09818668440491111,0.25693902466096025
15191,Chad Pinder,2019,0.3962628690553588,1.4384112244252716,-0.8421266374348839,0.2110945441356744,-0.5367059951334335,-0.4194423704728309,1.0305220484362825,0.2569293743065779
4949,Giancarlo Stanton,2019,0.39901543598900047,1.2820148678205943,-1.8833169973735318,0.3100352585185337,-1.093355006264618,-0.433514014111948,1.126452323092486,0.2567044360669681
13367,Stephen Piscotty,2019,-0.24783779341688772,0.8323753425821472,-0.3215314574655606,-0.3929645542017822,-0.11259246284300739,-0.020745800697846872,-0.22318740310513926,0.25659674927579446
15518,Amed Rosario,2019,0.2558819554396127,-0.9401166989375278,0.7489293141982702,-0.7991422237735203,-0.26500826350987927,2.2072644421623586,-0.18018417653511667,0.2565805025552988
6547,Jordy Mercer,2019,-0.09094147819928945,-0.604516183723325,0.8848276543509048,-0.3044386518592239,0.9675716897091717,0.32635474240037465,-0.5010544055575914,0.2564636880674005
14225,Yasiel Puig,2019,-0.44877517957275925,0.4169475203509734,-1.327179174595058,0.10694642373266468,-0.6692414739741918,-0.2834164819613657,-0.35881296382597905,0.2564186361162559
5038,Josh Donaldson,2019,-0.0771786435310792,0.9871425704721921,-1.2330957083355412,0.17985010801477153,-1.08672823232258,0.06837460901656137,0.339162482810538,0.2564058168481011
9368,Evan Longoria,2019,-0.6029189278567166,0.8421501148699394,-0.7166820157555295,0.5391611234051552,-0.6228540563799263,0.22785323692655496,-0.4034701606486945,0.25640405377074166
14330,Nick Williams,2019,0.8311684445708072,-0.37806729238946934,0.8471942678470985,-0.7054089154108114,0.8151558890422997,-0.24120155104401453,0.7708487187634548,0.2563848034646945
1679,Chase Utley,2019,-0.31715977238902787,0.34987118954606566,-0.10259874687020099,0.09853673397259202,-0.09936399262758638,0.1845555305289311,-0.2917012039700118,0.25588765820895565
5384,Juan Lagares,2019,0.22835628610319186,-0.6142909560111175,0.2053359535877308,-0.9553644043780349,-0.06620504524874202,1.2691548662212195,-0.09748566390045864,0.255672176783153
12907,Gregory Polanco,2019,-0.4900636835773908,-0.2819486982261779,-0.15218121819843092,1.3098572143874274,-0.5300792211913956,-0.5789209983828245,-0.2711525404332412,0.2556406625456379
5223,Cameron Maybin,2019,0.09348050635472961,-0.43671592611622306,0.22206190314497887,-1.2521865475266127,-0.1788602022633864,0.0636840611368556,-0.2413810758847641,0.25561576314246587
14162,Carlos Correa,2019,0.18982034903220257,-0.10111541090202025,0.41022883566401147,-0.4033793662420832,-0.1324727846691211,0.7860284346115327,0.143993992992744,0.2556038685998404
14145,Daniel Robertson,2019,0.37148976665257893,0.16769082701226876,-0.8421266374348848,-0.6012607950078017,-0.7487627612786465,0.43423734363360555,0.5359849428810249,0.2555024584501007
10071,Jonathan Villar,2019,1.0733943347313097,-0.24773699521890497,-0.921574897831809,-1.7625123375013605,-0.3644098726404479,0.1434233750918525,1.0817951262697707,0.2553831335453727
3410,Ryan Braun,2019,-0.44327004570547596,1.216849719235312,-1.3815385106561116,-0.8616310960153262,0.01994301599775078,0.09182734841508983,-0.4431654467133307,0.25520194697715565
6364,Danny Valencia,2019,0.09072793942108778,-0.2656574110798575,0.357960243297613,-0.648127449189156,0.5235778355926318,-1.0432852384736884,-0.06109831834120877,0.255200383333237
10459,Adeiny Hechavarria,2019,-0.4019815417008439,0.31268328261452155,-0.12918303755721622,-0.1742535013554617,0.6296062186652384,0.10589899205420694,-0.5308258701060686,0.25512885251669265
13301,Max Muncy,2019,-0.04690040726101629,2.269266868887619,-1.697240808549155,1.4921164250926946,-0.3312760029302584,0.4717617266712511,0.9941347028770331,0.2550974884621111
12533,Marcus Semien,2019,-0.17351848620855098,-0.32104778737734746,0.5377642010380221,0.46625743912304835,0.25188010396907756,0.5515010406262479,-0.19672387906204855,0.25505125863819433
13768,Travis Jankowski,2019,0.7017977986896293,-1.3490280063101738,0.9329147593279913,-2.429060308080623,0.4573100961722527,0.7297418600550643,-0.021403032276572642,0.2550105814202668
13866,Bruce Maxwell,2019,0.42103597145813754,0.2817298370365124,-0.10827560061065736,-0.5908459829675007,6.269417163706453e-05,-0.6539697644581157,0.613721544757604,0.25482750354057454
15564,Tyler White,2019,-0.23132239181503533,-0.19886313377994322,-0.22117576012207624,0.7578721762514756,-0.8614179182932911,-0.14270004557019492,0.0629494506107787,0.2540415116743946
5760,Avisail Garcia,2019,0.286160191709676,0.5651982333824902,-0.46997425978613094,-0.7731051936727678,-0.6758682479162296,0.3920224127162544,0.5277150916175594,0.2540280307251966
1907,Andres Blanco,2019,0.008150931411825341,-1.00528184752281,0.07989133190837554,-0.7991422237735203,-0.5300792211913956,0.23723433268596636,-0.2628826891697752,0.2539864493030536
9886,Ivan De Jesus,2019,0.641241326149504,-1.689515907668273,2.2333573374039717,-1.4240309461915788,1.8555593979422516,-0.18491497648754618,-0.03132685379273185,0.25394416111325113
8392,Daniel Descalso,2019,-0.14599281687213073,1.0457912041989461,-0.9153026667478421,1.3411016505083304,0.14585172089647103,0.43892789151331124,0.5078674485852414,0.2539027665752282
3797,J.J. Hardy,2019,-0.4162521820001428,-0.353912415174982,0.10438487890073518,0.05167007979123763,-0.45720978549763347,-0.33609528411840106,-0.44552043747047654,0.25382839907213317
18015,Paul DeJong,2019,0.1540369788948563,0.7395150058481201,-1.1912808344424233,1.2734053722463738,0.7886487932741482,0.03085022597891579,0.7906963617957731,0.2537040862117598
2530,Yonder Alonso,2019,-0.32766223449250764,0.5179535006581606,-0.5494225201830559,0.5599907474857571,0.38441558280983573,-0.9119498978419289,-0.029672883540038542,0.2536788700288534
3531,Troy Tulowitzki,2019,-0.47405608760662604,-0.12420526641186211,-0.07123759145036185,0.05167007979123764,-0.6957736474109981,-0.5893848696225086,-0.4157489729219995,0.2536530504169115
4403,Erik Kratz,2019,-1.0102988340357433,2.106353997424414,-1.4045366912973272,0.398561160861092,-0.9276856577136702,-0.23182045528460313,-0.47789882201988726,0.25358039335646043
7739,Travis d'Arnaud,2019,-0.4823137884075528,-0.09976833569238126,0.035390336977090125,0.09853673397259202,-0.7554146128893393,-0.06873405497517644,-0.4256727944381585,0.2535566875796339
13005,Kelby Tomlinson,2019,0.7238183341587665,-2.2597109577894923,1.6479491029003164,-1.6323271869975984,1.524220700840356,0.7531945994535929,-0.08094596137352694,0.2535558259532628
1737,Justin Morneau,2019,0.5311386488038208,-0.8749515503522456,1.9197457832055838,-0.7470681635720153,-0.26500826350987927,0.23723433268596636,0.44832451948828694,0.25346438243334013
12434,Kevin Pillar,2019,-0.4818059827764638,-0.3422264606675638,-0.36543707505333495,0.08090939363191221,1.013959107303437,0.8563866528071181,-0.7094546573969309,0.2531125146765662
11255,Matt Szczur,2019,-0.1767788587732817,-1.194542831925122,0.6249800588700596,0.48909218548387856,-0.3379278545409511,0.07198238141599438,-0.2123106318407397,0.2529700856326517
10047,Wil Myers,2019,0.41553083759085335,1.6730057593322873,-1.452623796274413,-0.21070534349651515,0.9609449157671338,0.8376244612882955,0.9809029408554877,0.25296120200320893
17919,Ian Happ,2019,1.3073625240908877,0.5179535006581608,-0.599600368854798,0.4766722511633493,0.09946430330220568,0.1762572102497923,2.2230346006280564,0.2528280566857603
2616,Zack Cozart,2019,-0.9167115582919131,0.1579160547244765,-0.25253691554191515,0.7578721762514757,-0.11921923678504528,0.030850225978915735,-0.8202706643273731,0.25265302291047576
2430,Darwin Barney,2019,-0.1767788587732817,-0.9843852277375869,0.9762249995722535,-0.4169964620223063,0.23860147841634696,0.24084210508539944,-0.44552043747047654,0.2523080356004755
5247,Brett Lawrie,2019,0.6687669954859249,-0.7609125403280026,0.3935028861067637,0.9713758230776457,-0.3312760029302584,0.9408165146418207,1.1926111332002125,0.2519516829407819
14553,Nomar Mazara,2019,-0.11296201366842624,0.2735841934633525,-0.5828744192975504,-1.0438903067205931,-0.6228540563799263,-0.4851100407887107,-0.013133181013106933,0.25184524250234874
4712,Ben Revere,2019,-0.5896638988195935,-1.2238671487884991,1.07030846583177,-1.119996274742622,0.21872115659023322,0.8177794942891999,-1.2493499802793564,0.25170086293665656
7331,Seth Smith,2019,-0.15200575637050343,0.14460097150242687,0.36154635334341345,-0.33888537172004896,0.377763731199143,-0.6315998005398598,-0.04360566606603652,0.2516484390936233
5887,John Jaso,2019,-0.3667059771945853,-0.0166827712461467,-0.42875476323652395,0.19227004233530076,-0.15900495810592755,-0.2235221350054643,-0.1676534350180241,0.2514318917327548
11602,Yolmer Sanchez,2019,0.15403697889485568,-1.0525265802471404,1.5099600190530247,-0.8564236899951756,0.30489429550538083,-0.11924730617166651,-0.06440625884659525,0.25112649318064445
1177,Albert Pujols,2019,-1.4259364410156976,1.0018047289038807,-1.1891900907477668,0.2110945441356744,-0.10596568890096947,-1.3481708506545584,-1.289998216092233,0.2511133929371689
6195,Ian Kinsler,2019,-1.269040125798099,-0.2265583219286885,0.05271166387784887,1.0182424772590002,0.19223913849073643,1.0721518552735803,-1.339617323673028,0.2508908367239066
10815,Jurickson Profar,2019,-0.6910010697332628,-0.031062876172841813,-0.7898580450684867,-0.5491867348062968,6.26941716370677e-05,0.3685696733177257,-0.8037309618004413,0.2505983805999277
7185,Logan Forsythe,2019,-0.1047043128675,0.23611423302681536,0.5628531253738933,-0.3981719602219327,-0.15897988043727268,0.7578851473332985,0.08114312339040386,0.25038760472889876
3812,Gregorio Petit,2019,0.42103597145813754,-1.0704469961080922,1.2925226748088097,-1.1115865849825495,0.5302046095346697,-0.7008752432551727,0.28292749421897045,0.2502840175457911
3376,Nick Hundley,2019,0.2090883175676973,1.034387303196522,-1.3062717376484987,0.3464871006595871,0.6892471841435794,-0.635207572939293,0.9279758927693063,0.25008566715108693
14738,Phillip Ervin,2019,0.2558819554396127,0.18398211415858903,-0.5473317764883996,0.1381908598535676,1.7892916585218723,0.8001000782506498,0.5144833295960137,0.2500747143871814
6310,Alcides Escobar,2019,-0.7185267390696827,-0.8179320453401242,0.4269547852212584,-0.4294163963428356,0.23199978214296385,1.5130633559659152,-1.0882138452636663,0.25003447793924105
12775,Brad Miller,2019,0.454066774661842,1.101181580496436,-1.5592517247018647,0.3569019126998881,-0.6758682479162296,-0.5367060674654733,1.4506304926203475,0.2500057091795661
17350,Rafael Devers,2019,-0.038642706460088994,0.16117431215374026,-0.5494225201830558,0.16943529597447052,-1.7759127222945224,0.8141717218897668,0.5359849428810249,0.24998270473279366
7619,Mark Reynolds,2019,0.3054281602451704,0.21493555973659817,-0.23999245337398004,0.5964425896268106,-0.4704382557130544,-1.1511678397069192,1.0784871857643845,0.2497255590026669
5000,Stephen Vogt,2019,-0.639210103625151,-0.36368718746277406,-0.15277659554194273,0.8171587647533594,0.11931954745966458,-0.43459678959222064,-0.4107870621639199,0.24970520955039444
13862,Devon Travis,2019,-0.4074866755681283,-0.5589005797136276,0.06943761343509593,-0.7939348177533697,-0.11921923678504528,0.33104529028008023,-0.5506735131383864,0.24940133647896273
14106,Addison Russell,2019,0.05769713621738279,-0.5670462232867879,0.5774883312364847,-0.05969056891215094,0.7555149235639587,0.5890254236638935,0.15391781450890304,0.24924351514344337
17232,Yoan Moncada,2019,1.0348583976603207,0.4918874412240476,0.18024702925185976,0.29962044647823266,0.22537300820092593,0.3826413169568429,1.950129508933684,0.2488238338295834
4146,Gorkys Hernandez,2019,-0.0909414781992885,0.2084190448780704,-0.9090304356638732,-0.1325942531942578,-1.1066085541486936,0.6218592588218333,0.44336260873020755,0.24786448032829497
9253,Keon Broxton,2019,0.7811144341341612,0.5698035660213929,-0.35348799022891114,-0.22952984529688875,0.33800308754691555,-0.15316391680987895,1.564053419551723,0.24776473273271218
12179,Maikel Franco,2019,-1.1396694799169211,-0.7543960254694737,-0.5410595454044324,-0.028446132791248024,-1.1728762935690729,-0.30686922135989425,-1.1527186851186997,0.2476729558952916
9054,Justin Smoak,2019,-0.206549289412257,0.4120601342070775,0.3809584239388281,0.9557536050171942,-0.3379027768722962,-2.187778921121878,0.6451469795587743,0.2474527831996944
9627,Yan Gomes,2019,0.1292638764920776,0.6352507681116685,-0.47624649087009874,0.7630795822716261,0.7025007320276553,-0.4382045619916537,0.926321922516613,0.2474473241710837
2396,Carlos Santana,2019,-1.4892454804894653,-0.04246677717526593,-0.5243335958471848,0.9713758230776457,-1.2590243548155655,0.1903288538889094,-1.2072997034575743,0.2473979142058475
16376,Michael Conforto,2019,-0.06066324192922701,0.7297402335603276,-0.9926601834501105,0.41418337892154344,-0.09271214101689368,0.5468104927465423,0.6649946225910922,0.24730034630326916
2578,Peter Bourjos,2019,0.029663661249873463,-0.6911420591038172,0.13574603432057433,-0.13579653693417995,-0.854816222019908,0.5785615524242095,0.3731948376126419,0.24712260425177798
8610,Kendrys Morales,2019,-0.7102690382687563,1.0376455606257862,-0.4448853354502599,-0.18987571941591314,-0.788523404930874,-1.9485609792568872,-0.10244757465853783,0.2469667477356983
12546,C.J. Cron,2019,-0.16250821847398325,0.6938994018384227,-1.5508887499232409,0.5808203715663591,0.17235881666462266,-0.6633508602175271,0.6203374257683768,0.24691640160463105
11982,Travis Shaw,2019,-0.8809281881545661,0.7932762534309781,-1.164101166411896,1.0963535675612575,-0.7752698570467983,-0.22712990740489744,-0.13221903920701494,0.24691469521422652
9927,Brett Gardner,2019,-0.45428031344004344,-0.9270836692204716,0.9621851710531739,-0.5335645167458454,-0.4306776120608269,2.2682415645985325,-0.5936767397084091,0.24688135108194517
1327,Jayson Werth,2019,-0.3584482763936586,0.08106495163177668,-0.22177113746558816,0.6453143660883932,-0.6162523601065433,0.677063057898029,0.2193756041121772,0.2467645758622916
11445,Mark Canha,2019,-0.5148367859801701,0.6238468671092442,-0.881850767633347,0.5027092812641017,0.19886591243277432,0.37795076907713726,0.03483195631499495,0.24676011947400106
10349,Tommy Joseph,2019,-0.4492829852038473,0.22768653594866145,-0.585560540335718,0.6609365841488447,-0.4373294636715197,-0.25166542228369854,0.16975649653138214,0.24672163128137245
13185,Orlando Arcia,2019,0.11274847489022458,-1.0720761248227246,-0.03509957129770012,-1.2417717354863118,-0.6957485697423433,0.5608821363856593,0.12083840945503965,0.2466934444230291
12984,Jackie Bradley Jr.,2019,-0.05240554112830045,0.7786140949992891,0.1363414116640854,-0.20549793747636458,-0.3644098726404479,1.2832265098603362,0.5442547941444911,0.24633751529818307
18721,Guillermo Heredia,2019,-0.7295370068042514,-1.388127095461343,0.8681017047936577,-0.3721349301211802,0.20549268637481222,0.012088034460093017,-0.9773978383332241,0.24632968433630004
11489,Michael A. Taylor,2019,0.8834672163100068,-0.12718147033613275,-0.07482370149616263,-0.3981719602219327,-0.4638114817710165,1.2034871959053397,1.5928719343519595,0.24618340664647936
9744,Justin Bour,2019,-0.3937238408999174,0.6727207285482059,-1.4818942079995958,0.03404273945055783,-0.2650082635098793,-2.4598306981448084,0.34081645306323116,0.24599467294009703
11611,Rosell Herrera,2019,-0.3496827699616437,0.5912642928166031,-1.1327400109920576,-2.1009937288111424,0.06633043359201615,0.9877219934388777,-0.37866060685829706,0.2459566778237903
14161,Byron Buxton,2019,0.5498988117082264,-0.5885069500819975,0.8633248400608345,0.3953588771211698,0.39764405302525674,1.0288541488759562,1.122443362082647,0.24588403718169458
12294,Cory Spangenberg,2019,1.1752393112760668,0.03410227241244013,0.2157896720610104,-1.4032013221109767,1.3320442565212565,1.011174732837406,1.5978338451100393,0.24555640570259976
7304,Salvador Perez,2019,-1.1479271807178473,1.456331640286224,-1.063745469068412,1.3202720264277286,-0.284888585335993,-1.1558583875866248,-0.22649534361052545,0.24549061781122805
4082,Erick Aybar,2019,-0.46579838680569974,-1.1847680596373298,1.2333864740149316,-0.8075519135335929,-0.2186459235842687,-0.2798087095619327,-0.5794920279386231,0.2454785332759472
7949,Tim Beckham,2019,0.35497436505072694,0.027585757553912182,-0.396798230473174,-0.5856385769473502,-0.10596568890096945,0.05899351325714995,0.9213600117585332,0.2452961739910413
5133,Alexei Ramirez,2019,-0.9827731646993224,-1.6406420462293114,1.5015970442744018,-0.9553644043780349,-0.26500826350987927,-0.09110401889343227,-1.4372015685819248,0.24522881036356053
12858,Brian Goodwin,2019,-0.2671057619523813,0.10252567842698714,0.28896570137396765,1.1275980036821602,-0.46381148177101655,-0.7946862008492865,0.5971818422306723,0.24509389685108574
15149,Trey Mancini,2019,0.12100617569115069,0.045506173414865174,-0.45115756653422723,-1.299053201707967,-0.6096005084958505,0.8610772006868239,0.4615562815098323,0.2449230435712692
3086,Mitch Moreland,2019,-0.49281625051103195,0.4560466095021424,0.2283341342289459,0.05487236353115979,-0.2782618113939551,-1.3528613985342643,0.11918443920234657,0.244807556766105
13277,Joey Rickard,2019,-0.05515810806194253,-0.9678118870862733,0.21369892836635446,0.6276870257477134,0.7555149235639586,0.659383641859479,0.3093910182620609,0.2446946630059894
10322,Danny Santana,2019,0.1182536087575086,-0.5654170945721558,0.5816698186257966,-1.5281790665945887,0.3976691306939116,-0.09110401889343227,0.16714957653044854,0.2446281475629921
12092,Niko Goodrum,2019,0.3109332941124543,0.5098078570850002,-0.170997911450335,-0.486697862564491,0.4639368701142907,0.8001000782506498,0.9279758927693063,0.2445959301896407
3142,Robinson Chirinos,2019,0.04118173461553031,1.311339184683971,-1.097197368182907,1.6431311996770586,-0.6559879260901159,-1.5639360531210205,1.574678261572335,0.24442937841094908
5297,Aaron Hicks,2019,-0.8396396841499347,0.3843649460583323,-0.6142355747173895,0.3360722886192861,-0.4903185775391682,1.4661578771688584,-0.37535266635291076,0.24442120132981843
12174,Jorge Bonifacio,2019,0.19807804983312893,0.19212775773174956,0.025531995847321583,0.5391611234051552,1.0470929770136266,0.17625721024979235,0.9296298630219993,0.24429359611161036
6876,Mark Trumbo,2019,-0.21205442327954052,0.583118649243443,-0.9111211793585301,0.12256864179311616,-0.19874052408950021,-0.3303219607584228,0.5541786156606499,0.2441972643007889
11368,Yasmani Grandal,2019,-0.5368573214493056,0.952930867464919,-1.362721817404208,0.8724351086947865,-1.391559833656324,-2.0283002932118843,0.6269533067791493,0.24413043149596358
15447,Ryon Healy,2019,-0.42950721103726464,0.04550617341486517,0.10498025624424659,0.10694642373266466,-0.5433327690754715,-0.6539697644581157,0.15557178476159622,0.2441053910291546
18314,Dansby Swanson,2019,-0.2781160296869511,0.03898965855633629,0.02344125215266646,0.008005709349805379,-0.15897988043727274,0.73443240793477,0.22834647588009582,0.24405670813811456
6885,Ian Desmond,2019,0.1430267111602867,-0.30149824280176246,-0.4867002093433783,-1.9864307963678316,-1.384933059714286,0.5468104927465423,0.3838196796332535,0.2440439309918896
3255,Franklin Gutierrez,2019,0.22835628610319186,2.204101720302337,-2.1572044213734576,-0.5387719227659958,-0.795150178872912,0.4248562478741942,1.4572463736311196,0.24402831347858062
17182,Jung Ho Kang,2019,-0.7625678100079559,0.965963897181976,-1.0700177001523798,0.4506352210625969,-0.26500826350987927,-0.9823081160375143,0.03483195631499495,0.24383338642530333
16221,Bradley Zimmer,2019,0.7513440034951858,0.004777955549063776,-0.0037384158778613038,-0.6949941033705105,6.269417163706453e-05,1.3629658238153333,1.4241669685772562,0.24373925810439606
12282,Rougned Odor,2019,-0.5726406915866533,1.3406635015473483,-1.2707290948393477,0.5808203715663591,-0.8084037267569879,0.43892789151331124,0.4367467277194348,0.24349155689002408
11379,Delino DeShields,2019,0.05219200235009919,-1.2431346398590901,1.2465263135263793,-0.5700163588868987,-0.5632130909015852,0.9408165146418205,0.25977191068126587,0.24347994534592843
12926,Alen Hanson,2019,-0.2258172579477511,-1.3213328181614288,0.7761089822287972,0.41939078494169396,-1.5506024082652334,0.8845299400853522,0.24819411891241386,0.24336534649581784
8252,Hunter Pence,2019,-0.17627105314219424,-0.5654170945721558,-0.15427196189308695,-0.8720459080556271,-1.0337140407862766,0.673455285498596,0.15060987400351672,0.24320720988108446
4298,Matt Wieters,2019,-1.0570924719076586,-0.23307483678721608,0.07780058821372038,1.0234498832791505,-0.01981762765447667,-0.7290185305334067,-0.5523274833910796,0.24317348265928065
5408,Jake Smolinski,2019,-1.202978519390689,-0.6794561045963998,0.47713263389300054,-0.07010538095245193,0.5964723489550489,-0.7008752432551727,-1.2221854357318127,0.24312138844304415
1873,Matt Holliday,2019,-0.6226947020232985,0.16415051607801157,-0.3597602213128789,0.11415895203304349,-1.212662014889955,-0.44866843323133776,0.05067063833747418,0.2431100557619097
7539,Neil Walker,2019,-0.7488049753397461,0.44138445107045415,-0.39888897416782965,0.6068574016671116,0.7025007320276554,0.03554077385862149,-0.17522226577703742,0.24304338885003998
10807,Tyler Saladino,2019,-0.2510981659816184,-0.9452861385864176,0.612435596702124,-0.27639649947824313,-0.3975688200192923,0.339343610559219,0.04074681682131502,0.24297787632980755
2151,Edwin Encarnacion,2019,-0.9194641252255545,1.1419097983622375,-0.8797600239386913,0.9245091688962912,-0.1192192367850453,-2.3144237138739316,0.07121930187424488,0.24291336287448387
11391,Tyler Holt,2019,0.4760873101309792,-1.9501765020094022,3.529618428090643,-1.371956885990074,0.5302046095346697,0.8470055570477067,0.3160068992728338,0.2428262057064225
10323,Rafael Ortega,2019,-1.0928758420450058,-1.9013026405704405,1.4388747334347243,-1.5281790665945887,-0.9276856577136702,0.37795076907713726,-1.6191382963781733,0.24277153005904104
10030,Chris Owings,2019,-0.3551879038289286,0.38599407477296444,-0.2964425331296895,0.2058871381155239,0.2585068779111155,-0.2552731946831316,0.3325466017997653,0.24268126696285386
3648,Rene Rivera,2019,-0.011624842754756837,0.017528931761126493,0.11692934106867071,0.05167007979123764,0.4175243748513705,-0.39238185867486935,0.6560237508231737,0.2426424657086526
12225,Scott Schebler,2019,-0.3992289747672022,0.7492897781359126,-0.6915930914196582,-0.4398312083831366,-0.5433327690754715,0.1340422793324411,0.28954337522974294,0.24250067975397338
5352,Yangervis Solarte,2019,-1.4562146772857603,-0.6322113718720701,0.05480240757250482,0.32045007055883473,-0.4571847078289787,-1.137096196067802,-1.2701505730599152,0.2424624069874789
8722,Jason Castro,2019,0.11224066925913638,0.21302437751697295,0.19846834516025164,-0.19828540917598578,0.39764405302525674,-0.6175281569007427,0.834652538114036,0.24236965861192478
2234,Kelly Johnson,2019,-0.5423624553165894,-0.6468735303037586,0.22624339053429002,-0.3825497421614812,-0.1324727846691211,0.049612417497738585,-0.27942239169670685,0.2421186407217128
11146,Cameron Rupp,2019,0.09572526765728387,-0.08510617726069303,0.11065710998470295,0.0204256436703347,-0.7951752565415668,-0.5330982950660402,0.9537383963079439,0.2419839355938758
6908,Clint Robinson,2019,-1.1479271807178473,-0.6794561045963998,-0.4218871548090444,0.398561160861092,-1.6566307913378402,-1.4513629040080838,-0.6432958472892043,0.24196290535579543
9807,Ryan Goins,2019,-0.48731111664374777,-0.9401166989375278,0.9161888097707439,-0.22632756155696657,-1.7891662701785982,0.049612417497738585,-0.04786655631966354,0.24192985390584226
9774,Christian Vazquez,2019,-0.836887117216293,-1.0264605208130266,1.1419891287935833,-0.4137941782823842,0.5036975137665181,-0.8744255148042833,-0.8219246345800663,0.24179260550062923
10199,Billy Hamilton,2019,0.3164384279797383,-2.492676363981876,1.6207694348697883,-0.24715718563756853,1.232642647390688,1.8695449948235483,0.2233845651220161,0.24174110813139055
12101,Kennys Vargas,2019,0.6687669954859249,-0.8097864017669643,-0.2128127853434534,-0.6429200431690056,-0.26500826350987927,0.4248562478741942,1.3249287534156662,0.2414181518887183
15172,Tim Anderson,2019,0.23661398690411747,-0.5817083817184765,0.5607623816792373,-0.7835200057130689,-0.32464922898822046,1.0346274722359345,0.7096518194138078,0.24135326045682648
13066,Teoscar Hernandez,2019,0.3384589634488751,0.6238468671092442,-0.3173499700762483,1.0234498832791505,-0.39754374235063744,0.612478163062422,1.6557228039543002,0.24133597014503247
11265,Jonathan Schoop,2019,-0.40198154170084394,-0.5377219064234104,-0.3863445119998945,0.034042739450557837,-0.5565863169595472,-0.19429607224695755,0.1704575170358349,0.24119319009298038
13176,Blake Swihart,2019,0.2834076247760335,-0.630582243157438,0.5816698186257966,0.19026492005507248,-0.1324727846691211,0.09651789629479554,1.0437538104578281,0.2411508635318067
9776,Jason Kipnis,2019,-1.0102988340357435,0.006407084263695198,-0.27135360879381853,1.0546943194000535,0.12597139907035734,0.3169736466409632,-0.36542884483675175,0.24083992399010867
14593,David Bote,2019,0.3659846327852959,0.8356336000114115,-1.0491102632058207,-1.5802531267960935,-1.1264888759748075,0.2841398114830233,1.225690538254076,0.24083364450972616
9785,Kyle Seager,2019,-1.1561848815187736,0.5391321739483772,0.6004865118777,1.4504571769314907,-0.2318743937996897,-1.0901907172707452,-0.2281493138632187,0.24043921806262675
9393,Matt Adams,2019,-0.8754230542872817,0.7867597385724499,-0.7689506081219276,1.4035905227501362,-0.48369180359713027,-0.6117548335407643,0.24984808916510687,0.2404036907428442
14344,Matt Olson,2019,-0.6854959358659785,1.910858551668567,-1.780870556335392,1.0442795073597524,-0.4836918035971303,-0.8697349669245776,0.7344613732042053,0.24031495234253816
9810,Brian Dozier,2019,-1.0653501727085852,0.4250931639241336,-0.24835542815260336,1.0807313495008057,-1.1397424238588834,0.44830898727272267,-0.15702859299741256,0.2401531527325685
15117,Hunter Dozier,2019,-0.1294774152702772,1.8619846902296058,-1.697240808549155,0.034042739450557837,0.2651336518531534,-0.7008752432551727,1.1429920256194184,0.2400736288788117
12144,Max Kepler,2019,-1.381895370077424,0.31919979747305005,-0.6351430116639486,0.9817906351179466,-1.384933059714286,0.6406214503406561,-0.605254531477261,0.23997873027568978
9892,Jay Bruce,2019,-0.9387320937610495,0.38436494605833244,0.26596752073275254,1.7264496959994664,0.41754945252002534,-0.4382045619916537,0.029870045556915442,0.23992756511072366
14320,Wilmer Difo,2019,-0.3524353368952873,-1.9387726010069777,1.1712595405187662,-0.5960533889876511,0.7488881496219206,0.26537761996420056,-0.41339398216485357,0.2398945098488159
9682,Adam Rosales,2019,0.1535291732637676,0.02241631790502266,0.3678185844273812,0.801536546692908,-0.21864592358426876,0.36748689783745314,1.2514530417927143,0.23974142896348852
5409,Pablo Sandoval,2019,-0.8616602196190719,0.7883888672870815,-0.597509625160142,-0.5335645167458453,-0.7686430831047604,-0.18491497648754618,-0.17687623602973063,0.2395870893505567
1849,Rickie Weeks Jr.,2019,-0.3496827699616437,1.0962941943525404,-0.881850767633347,0.398561160861092,-0.9939533971340493,0.4717617266712511,0.8452773801346477,0.239522344656722
9981,Michael Saunders,2019,-0.3171597723890278,-0.06555663268510836,-0.13395990229003946,0.20789226039575226,-0.17888527993204126,0.40970182875480443,0.4575473204999935,0.23933041233347446
7244,Tyler Moore,2019,-0.3772084392980661,-0.060387193036218464,1.1252631792363361,2.117005147510753,-2.054237227860115,0.37795076907713726,1.06029351298476,0.23919808747723872
5667,Steven Souza Jr.,2019,0.09623307328837181,1.0425329467696822,-1.1369214983813691,0.17985010801477147,0.6229794447232005,0.43423734363360555,1.2356143597702356,0.23896421770425047
10951,Greg Garcia,2019,-0.28086859662059227,-1.5151991352026433,1.765030749801047,-0.9814014344787872,1.0470929770136266,0.41547515211478275,-0.3191176777613431,0.23889046220412957
16472,Rhys Hoskins,2019,-1.0460822041730902,0.7297402335603275,-0.8379451500455726,2.1690792077122576,-0.23850116774172764,0.34980748179890303,0.20022898158431193,0.2388410996022769
10472,Enrique Hernandez,2019,-1.1424220468505633,0.3827358173437001,-0.5473317764883997,1.1171831916418593,-0.9011785619455185,0.8047906261303556,-0.23311122462129807,0.23877059556767868
12508,Jett Bandy,2019,-1.505760882091317,-0.9726992732301689,0.5816698186257966,2.3773754485182774,0.06633043359201615,-1.3575519464139698,-0.7756134675046574,0.23875420321883623
11038,Kevin Kiermaier,2019,-0.18728132087676133,-0.3177895299480833,-0.8943952298012825,-0.6429200431690056,-0.5499595430175093,1.0862234989126973,0.41855305493981,0.23872486069492577
12701,Billy Burns,2019,-1.0102988340357433,-3.465266206617213,1.668856539846873,-1.1636606451840543,-0.46381148177101655,0.9877219934388777,-1.6687574039589685,0.2385029654275413
3708,Rajai Davis,2019,-0.19553902167768777,-1.3066706597297402,-0.03928105868701193,-0.5127348926652433,-0.08608536707485576,0.6781458333783018,0.17872736829930075,0.23803535295919925
7462,Trevor Plouffe,2019,-0.5483753948149627,-0.03134492967783491,0.10438487890073518,-0.05768544663192263,-0.019842705323131486,-0.29388035320104977,0.15487076425714372,0.23800916119977142
15197,Carlos Asuaje,2019,-0.7377947076051776,-0.013142460311889481,-0.40725194894645317,0.4714648451431988,0.08621075541812984,-0.22243935952519175,0.03979386707307446,0.2378344700850495
8267,Chris Iannetta,2019,-0.4597854473073274,0.6531711839726212,-0.39261674308386213,0.6953833040096697,0.22537300820092593,-0.8462822275260492,0.6683025630964785,0.23755290296493045
15464,Hunter Renfroe,2019,-0.7845883454770924,1.6208736404640611,-2.387186227785609,1.273405372246374,-0.8415375964671773,-0.31155976923959994,0.8039281238173182,0.23655722456698083
12859,James McCann,2019,-0.3634456046298555,0.5244700155166888,-0.3445296381067754,0.2110945441356744,0.9079307242308305,-1.0292135948345713,0.6302612472845357,0.23640581115748402
15112,Ryan McMahon,2019,0.7238183341587665,0.06994310413434601,-0.170997911450335,-0.7470681635720153,0.662740088375428,0.33104529028008023,1.7384213165889586,0.23623115220154062
10243,Randal Grichuk,2019,-0.39097127396627646,0.7199654612725355,-1.322997687205746,1.3306868384680293,-0.649361152148078,0.06837460901656134,1.096680858544009,0.23609171585889083
12158,Austin Barnes,2019,-0.0303850056591643,-0.3731799062455732,-0.3152592263815927,-1.1949050813049573,0.12597139907035737,0.08244625265567843,0.5740262586929676,0.23591378364399826
13329,Jake Lamb,2019,-0.374455872364423,1.0881485507793796,-1.009386133007358,-0.21070534349651512,-0.8746714661773669,0.6406214503406562,0.818813856091557,0.23581351611776719
17642,J.T. Riddle,2019,-0.6744856681314099,-0.21352529221163172,0.002533815206106821,-0.913705156216831,0.05970365964997823,-0.5460871632248847,-0.163644474008185,0.235752256980759
4881,Carlos Gomez,2019,-0.24783779341688733,-0.0734202227532752,-0.29644253312968993,0.9557536050171942,6.26941716370677e-05,-0.4428951098713594,0.9709791193393282,0.23522329086844815
2495,Pedro Alvarez,2019,-0.5148367859801701,0.8682161743040526,-1.6345184977094773,0.08611679965206272,-1.2590243548155655,0.4717617266712511,0.7625788674999893,0.23492016993379738
3364,Miguel Montero,2019,-0.8126218204446021,-0.45166013805290506,0.5998911345341884,0.2235144784562037,-0.8746965438460217,-0.322023640479284,0.0060134415147584455,0.23488389531786963
14968,Victor Caratini,2019,-0.2946314312888036,-0.8586602632059259,0.6443921294654742,-1.5802531267960935,0.3314013912735325,0.7062891206565358,-0.03132685379273185,0.23483045815946904
5209,Alex Gordon,2019,-0.3909712739662759,0.2801007083218806,-0.09991262583203298,-0.7002015093906611,1.4712065093040527,-0.5648493547437075,0.29781322649320885,0.2345377060861641
12147,Nick Ahmed,2019,-1.0405770703058062,0.3517823717656913,-0.29644253312968954,-0.18987571941591314,0.576592027128935,0.5515010406262479,-0.3373113505409678,0.2334273726808616
2502,Lucas Duda,2019,-0.49281625051103267,0.9838843130429282,-1.0512010069004765,1.455664582951641,1.0338394291295507,-1.7890823513468939,1.0784871857643847,0.23325441064541316
11899,Joc Pederson,2019,-1.2938132282008774,0.8959113624527973,-0.8755785365493796,0.815153642473131,-1.0535943626123905,0.9455070625215263,-0.10079360440584477,0.23325153187815473
1159,Andrew Romine,2019,-0.5423624553165894,-0.6631648174500792,-0.2546276592365718,-1.371956885990074,1.9218271373626306,-0.09110401889343227,-0.31250179675057027,0.23313197784941597
3123,Gregor Blanco,2019,0.09623307328837195,-0.8830971939254066,1.0019093012516365,-0.44503861440328707,1.1266142643180816,0.504595561829191,0.7824265105323069,0.23311967698952443
746,A.J. Pierzynski,2019,-1.7534919061191052,-1.1844860061323363,1.5434119181675203,-0.6949941033705105,-0.39754374235063744,-0.2787259340816601,-1.6522177014320367,0.2322415193048901
4747,Curtis Granderson,2019,-0.5588778569184426,0.5098078570850002,-0.22326650381673302,0.7578721762514756,1.6236223099709246,-0.6117548335407642,0.6004897827360587,0.23215793362009884
5491,Austin Romine,2019,-0.36344560462985565,-0.016400717741153314,-0.15636270558774273,-0.7366533515317144,0.033196563881826624,-0.44289510987135944,0.545908764397184,0.23199939747816836
13621,Jeimer Candelario,2019,-0.5974137939894326,0.2817298370365124,-0.7354987090074325,0.6068574016671116,-1.1264888759748075,0.612478163062422,0.7625788674999893,0.23153267657169255
7087,Caleb Joseph,2019,-0.13498254913756333,-1.316445432017533,1.877930909312466,-0.09614241105320437,0.2850139736792671,-0.4428951098713594,0.65341683082224,0.23146897054049537
18722,Dae-Ho Lee,2019,-0.18452875394312035,-1.119320857547054,1.02072599450354,-1.5281790665945887,0.5302046095346697,-2.0142286495727673,0.34908630432669724,0.23123297741297427
2636,Brandon Guyer,2019,-1.2332567556607523,0.19538601516101367,-0.6372337553586045,0.4922944692238007,-0.27163503745191714,-0.26465429044254296,-0.20333976007282126,0.23113645306027092
10059,Max Stassi,2019,0.035676600748246155,0.42835142135339743,-1.1327400109920576,-0.8512162839750251,-1.1264888759748075,-0.6539697644581157,1.3910875635233928,0.2310898683410083
14388,Ronald Guzman,2019,-0.04690040726101629,-0.07667848018253903,0.22624339053429002,0.1381908598535676,0.13259817301239524,0.37795076907713726,1.176071430673281,0.2310435317636503
9112,Khris Davis,2019,-0.8286294164153664,1.6697475019030232,-0.8442173811295404,1.361931274588932,-1.2060101632792624,-0.8556633232854605,1.0884110072805435,0.23089455956224988
9015,Gordon Beckham,2019,-1.5332865514277387,-0.40250422310895023,0.8325590619845071,0.9193017628761408,-2.186772706700873,0.1434233750918525,-0.4282797144390922,0.23001323627801343
1572,Coco Crisp,2019,-1.340606866072793,-1.4451466004734652,2.1915424635108534,0.3464871006595871,0.4639368701142907,0.19032885388890944,-0.907931087720111,0.22993758203058512
12164,Miguel Sano,2019,0.4485616407945587,1.5443045908763549,-1.197553065526391,0.7110055220701212,-1.1198621020327695,-0.4288234662322423,2.687800241634837,0.22968292842499138
14942,Andrew Knapp,2019,0.5338912157374625,0.135108252719628,0.6255754362135713,-0.44503861440328707,0.49707073982448013,0.21847214116714359,1.9005104013528888,0.22966295394870853
17975,Scott Kingery,2019,-0.2671057619523813,-1.119320857547054,0.4562251969464413,0.8672277026746359,0.729007827795807,0.5186672054683081,0.7956582725538527,0.22960371620433562
17098,Dustin Fowler,2019,-1.0653501727085848,0.9822551843282965,-1.1327400109920576,0.398561160861092,-0.46381148177101655,-0.41944237047283095,0.33254660179976553,0.22921445010585384
9629,Shawn O'Malley,2019,0.22835628610319186,-2.3411673935210953,1.7315788506865508,-1.319882825788569,0.5964723489550489,-0.4663478492698879,0.6964200573922624,0.2287520243324292
11003,Evan Gattis,2019,-1.3984107716792769,-0.04735416331916202,-0.024645852824420174,1.2161239060247186,-0.8150305006990257,-0.724327982653701,-0.09583169364776528,0.2283598090399416
5015,Melvin Upton Jr.,2019,-0.019374737924595473,-0.5654170945721558,0.7489293141982702,-0.1221794411539568,-1.0602211365544283,1.0346274722359348,1.2587699433079393,0.22833540882120226
11875,Ronny Rodriguez,2019,-1.3130811967363722,0.26543854989019183,-1.279092069617972,0.1381908598535676,-1.1264888759748075,0.0027069387006816315,-0.13056506895432204,0.22808274445659024
3448,Jeff Mathis,2019,-0.09919917900021584,0.6466546691140931,-0.39052599938920585,0.38293894280064045,0.7223810538537692,-0.6727319559769385,1.4919797489376763,0.2279710421475531
11738,Christian Villanueva,2019,-0.6799908019986934,-0.19071749020678294,-0.8191284567936693,1.804560786301724,-0.39754374235063744,0.0027069387006816315,0.9775950003501014,0.227692195531068
3711,Eric Thames,2019,-0.2533429272841724,1.8212564723638043,-1.2895457880912513,1.4869090190725438,-0.3909169684085995,-0.3490841522772455,2.0047105272725583,0.22756575552071517
15487,Victor Reyes,2019,-0.6524651326622742,0.16769082701226848,-0.5264243395418404,-1.840623427803618,1.524220700840356,-0.23182045528460313,-0.03132685379273185,0.22727803622674242
7226,Matt Davidson,2019,0.10724334102294025,0.8959113624527975,-0.9612990280302719,0.783909206352228,-0.854791144351253,-1.0432852384736884,2.1965710765849664,0.22718926652278001
2218,Ryan Raburn,2019,-0.239580092615962,0.8030510257187703,-0.3591648439693667,0.6068574016671116,-1.7228985307582192,0.5186672054683081,1.6722625064812318,0.2269797214302562
14897,Daniel Palka,2019,0.20083061676677105,0.47722528279235915,-1.0700177001523798,0.19026492005507248,-1.524095312497082,-0.32563141287871705,2.1353741772353194,0.22686343508008247
9911,Chris Carter,2019,-0.47405608760662643,0.3987450509850273,-0.2719489861373302,1.238958652385549,-0.17888527993204129,-0.5893848696225086,1.2961102386154297,0.2267207614756398
11200,Kole Calhoun,2019,-1.1011335428459321,1.0262416596233617,-0.4992446715113139,-0.11176462911365581,0.1723588166646227,-0.40537072683371383,0.19526707082623218,0.22671970044823636
12937,Jose Osuna,2019,-1.2855555273999515,-0.630582243157438,-0.23372022229001263,-0.9553644043780349,-0.728882439452533,0.1434233750918525,-0.5936767397084092,0.226554775498863
3057,Mike Napoli,2019,-0.6639832060279294,0.25701085281203845,-0.6294661579234924,1.0827364717810342,-0.7355342910632257,-0.8708177424048502,1.0579385222276136,0.22654723900511015
15082,Adam Engel,2019,-0.033137572592805475,-1.2757172141517312,0.10079876885493474,0.7943240183925291,-1.2590243548155655,0.6593836418594788,1.4522844628730405,0.22649868049005964
1736,Jose Reyes,2019,-1.7892752762564514,-1.1046586991153655,-0.4846094656487222,0.6537240558484659,-0.6162272824378884,0.012088034460092989,-0.9757438680805309,0.2262540727236673
10028,Christian Bethancourt,2019,-0.3496827699616437,-0.9401166989375278,1.6479491029003164,0.4506352210625969,-1.590363051917461,0.2841398114830233,1.0437538104578281,0.22616224482558067
13807,Kevin Plawecki,2019,-1.202978519390689,0.31431241132915355,-0.6727763981677549,0.4506352210625969,-2.253040446121252,-0.9354026372404575,0.38216570938056016,0.22593585148402662
11997,Cody Asche,2019,-0.8176191486807975,-0.027804618743577345,-1.2372771957248536,0.7630795822716262,0.13259817301239524,0.09651789629479554,0.5971818422306723,0.2258426357863414
5666,Devin Mesoraco,2019,-1.7810175754555253,-0.22330006449942408,-0.46370202870216276,1.7524867261002188,-1.2590243548155655,-0.23182045528460313,-0.36212090433136535,0.22582287346947316
12976,Austin Hedges,2019,-0.7350421406715351,0.3729610450559078,-1.757872375694177,1.3619312745889323,-1.0204604929022008,-0.5226344238263562,1.1446459958721111,0.22575880230933204
6564,Bobby Wilson,2019,-0.239580092615962,-1.3636901647418624,1.1252631792363361,-0.07010538095245193,1.1266142643180816,0.049612417497738585,0.7129597599191941,0.2251891432884137
6887,Martin Maldonado,2019,-0.7543101092070297,-0.6094035698672211,0.7217496461677433,0.1798501080147715,-0.64273437820604,-0.7993767487289922,0.5277150916175591,0.22486116361250366
4467,Brandon Moss,2019,-0.7630756156390446,0.5111549322946392,-0.4162103010685888,1.176469780143743,0.13919986928577832,-0.0968773422534106,0.9884717716145006,0.2239680115925807
1191,Chris Johnson,2019,0.1457792780939294,0.0373605298417049,0.35168801221364526,-0.9553644043780349,1.9218271373626306,-0.5132533280669449,1.3745478609964612,0.22388178051093344
4866,Jarrod Dyson,2019,-1.489245480489465,-2.1831419082017858,1.5329581996942392,-0.6064682010279522,-0.01319085371243875,0.9126732273635865,-1.1940679414360291,0.22385661313960883
16478,Kyle Schwarber,2019,-0.7130216052023984,0.910573520884486,-1.1557381916332725,0.7005907100298203,-1.0734746844385041,0.06368406113685567,1.2124587762325312,0.22344995673359222
10642,Carlos Perez,2019,-1.7810175754555253,-1.2496511547176186,-0.06646072671753893,0.9193017628761408,-1.1264888759748075,-0.23182045528460313,-0.7259943599238623,0.2233477968427517
12325,Jace Peterson,2019,-0.8644127865527134,-0.8733224216376138,1.6395861281216912,-0.6272978251085541,-1.3981866075983618,-0.28341648196136576,0.22338456512201613,0.22330603670174992
4810,Brian McCann,2019,-1.7975329770573785,-0.9156797682180474,0.809560881343292,1.4817016130523935,-0.12584601072708318,-0.6774225038566442,-0.6168323232461133,0.22281313985520146
9953,Ryan Schimpf,2019,-1.1204015113814265,1.0148377586209376,-2.1781118583200167,4.668634097384492,-1.7891662701785982,1.7851151329888457,1.7549610191158902,0.22269660799966423
13157,Nicky Delmonico,2019,-0.8726704873536407,-0.5979996688647969,0.8116516250379479,0.5547833414656066,-1.1264888759748075,-0.18491497648754618,0.663340652338399,0.2213315681939279
4062,Dexter Fowler,2019,-1.3268440314045828,0.22145207459512692,-0.12291080647324809,0.5339537173850046,-0.3776634205245237,0.8188622697694727,0.12249237970773295,0.22124027004746227
5107,Jefry Marte,2019,-1.447956976484834,-0.2558826387920654,0.03389497062594565,-0.4814904565443404,-1.8819411053671287,0.23723433268596633,-0.2033397600728212,0.220961919635404
11472,Dixon Machado,2019,-1.4231838740820555,-0.23959135164574463,0.7698367511448295,-0.6429200431690056,1.1928820037384607,0.5186672054683081,-0.5936767397084092,0.22079241819735065
7324,Chris Gimenez,2019,-0.40473410863448533,-0.48396065884055306,1.1670780531294545,0.08611679965206272,1.7892916585218723,-0.5132533280669449,0.9114361902423745,0.2206604074026544
9219,Danny Espinosa,2019,-0.6557255052270035,-0.08021879111679658,-0.278221217221298,0.7078032383301991,-0.8945768656721355,-0.012447480418708134,1.1671005589053625,0.22035784891990046
3353,Matt Joyce,2019,-1.3240914644709405,0.10415480714161855,0.46458817172506506,0.5027092812641017,0.6494865404913521,0.19970994964832084,0.03979386707307446,0.22011330391486308
3441,Nolan Reimold,2019,-0.3772084392980661,-1.3148163033029008,-0.08736816366409815,-0.07010538095245193,-0.1987405240895002,-0.4663478492698879,1.0106744054039647,0.21991207726632395
9399,Jeremy Hazelbaker,2019,-0.6249394633258518,-0.40250422310895023,-0.9654805154195838,0.19026492005507248,-1.9879694884397356,-0.7477807220522297,1.225690538254076,0.21948279284223746
4613,Prince Fielder,2019,-1.808543244791947,-0.8097864017669643,0.7071144403051518,0.19026492005507248,-0.46381148177101655,-0.8884971584434004,-0.6929149548699989,0.21897750207341984
6677,JB Shuck,2019,-2.4966849782024663,-1.917593927716761,0.7071144403051518,-0.6429200431690056,-1.457827573076703,0.4717617266712511,-2.065710264605329,0.21889562215153271
15048,Johnny Field,2019,-0.4597854473073285,0.26543854989019183,-0.9654805154195838,0.7110055220701212,-0.6626147000321538,-0.09110401889343227,1.606103696373505,0.21853404795313827
3371,Alejandro De Aza,2019,-1.1479271807178473,1.6827805316200797,-0.9445730784730246,0.5547833414656066,2.120630355623768,-0.2787259340816601,0.6468009498114674,0.218439407686997
6013,Cristhian Adames,2019,-0.9277218260264808,-2.1293806606189283,1.3343375487019282,-2.4655121502216764,-0.9276856577136702,0.1434233750918525,-0.46135911949295555,0.21839680195773195
1887,Jose Bautista,2019,-1.274545259665383,0.61244296610682,-1.0658362127630683,1.4764942070322429,-0.7487627612786466,-0.5038722323075333,0.8138519453334776,0.21819946334950244
11165,Ramon Flores,2019,-1.2855555273999515,-1.1681947189860158,1.1879854900760136,-0.90329034417653,-1.3252920942359447,0.049612417497738585,-0.18018417653511667,0.21664576817216533
6400,Kirk Nieuwenhuis,2019,0.035676600748246155,0.2817298370365124,0.6652995664120335,-0.07010538095245193,-0.46381148177101655,0.4717617266712511,2.1022947721814558,0.2164510888153938
3179,Dioner Navarro,2019,-1.4507095434184762,-1.200777293278657,1.0625408683966584,1.2317461240851701,0.19886591243277432,-0.6070642856610587,0.01829225378806325,0.21599086238045895
1551,David Ross,2019,-1.0653501727085848,0.2002734013049096,-0.4218871548090444,1.3358942444881798,0.7952755672161861,0.37795076907713726,0.8452773801346477,0.21576246725216228
10950,Adam Duvall,2019,-1.2112362201916156,0.3126832826145217,-0.3173499700762486,1.9243311247651849,-0.23187439379968974,0.1715666623700866,0.9660172085812491,0.21544994442080767
13130,Mikie Mahtook,2019,-1.015803967903027,-0.5963705401501646,0.5858513060151087,0.0027983033296549165,-0.649361152148078,-0.1802244286078405,0.583950080209127,0.21511527899280702
785,Todd Frazier,2019,-1.7810175754555253,0.6189594809653478,-1.0553824942897885,1.6118867635561558,-0.9078053358875564,-0.22712990740489747,0.32923866129437884,0.2147517056449724
7476,Alex Avila,2019,-0.005611903256384609,2.433808869065457,-1.4609867710530366,-0.7991422237735203,0.8217826629843377,-0.6023737377813531,2.515787335354748,0.2128247963776597
11339,Jake Marisnick,2019,-0.05515810806194242,-0.7869785997621155,0.6569365916334098,1.2161239060247186,-0.19874052408950021,0.8845299400853524,2.201532987343045,0.21232194034376822
11270,Aaron Altherr,2019,-0.6965062036005469,0.4234640352095014,-1.0846529060149712,-0.11697203513380633,-0.6361076042640021,0.16687611449038092,1.4142431470610977,0.21209481540169453
13265,Mike Zunino,2019,-0.18177618700947756,0.9496726100356554,-1.0992881118775626,1.1380128157224612,-0.35778309869840996,-1.0714285257519225,2.6051017290001783,0.2119618412595584
15722,Allen Cordoba,2019,-1.1479271807178473,-1.656933333375632,0.7698367511448295,-0.4346238023629861,-1.9217017490193564,-0.23182045528460313,0.4317848169613553,0.21008475306717497
5273,Sandy Leon,2019,-1.1534323145851313,-0.9010176097863589,0.29314718876327983,0.4350130030021454,-0.15897988043727285,-1.0245230469548656,0.6815343251180239,0.2099003894898196
11442,Gary Sanchez,2019,-1.64063666183978,0.5016622135118398,-0.8358544063509166,0.5391611234051551,-1.365052737888172,-0.24589209892372027,0.534330972628332,0.20941369508819369
14131,Greg Bird,2019,-1.9461715914740503,1.0474203329135787,-0.27553509618313105,1.8566348465032287,-1.457827573076703,-0.09110401889343227,0.6468009498114674,0.20788883695119273
11470,Tony Wolters,2019,-1.6213686933042852,-2.008825135736156,2.7957673912664145,-1.2521865475266125,-0.9806998492499733,0.4295467957538998,-0.5787910074341704,0.2074477386371911
14818,JaCoby Jones,2019,-0.5423624553165894,0.444642708499718,-0.23372022229001263,-0.486697862564491,0.8615433066365652,1.2691548662212195,1.5234051837388465,0.2072817356348848
10346,John Ryan Murphy,2019,-1.2305041887271098,1.1777506300841423,-1.59270362381636,2.169079207712258,-0.8614179182932911,0.09651789629479554,1.7549610191158902,0.20673873191406292
9952,Trayce Thompson,2019,-1.2580298580635305,-0.3699216488163091,0.22624339053429002,-0.3825497421614812,-1.457827573076703,1.2222493874241624,0.663340652338399,0.20665315752947688
454,Juan Uribe,2019,-2.0287485994833134,-0.27217392593838574,0.017169021068697905,-0.1742535013554617,-0.1987405240895002,-0.2787259340816601,-0.37866060685829706,0.20642409616087343
4616,Russell Martin,2019,-1.4562146772857605,-0.4969936885576095,0.16979331077858012,-0.5335645167458454,-1.0933550062646178,-0.7571618178116409,0.3920895308967196,0.20634280707857297
15194,Jake Bauers,2019,-1.340606866072793,1.145168055791502,-0.7982210198471101,-0.1221794411539568,-0.1987405240895002,0.7062891206565358,0.9279758927693063,0.2058039949799061
4969,Luis Valbuena,2019,-1.1011335428459328,0.5440195600922735,-0.6999560661982818,1.2057090939844177,-0.8084037267569878,-0.8556633232854606,1.6408370716800613,0.20492677857068525
9205,Logan Morrison,2019,-2.0617794026870175,0.617330352250716,-0.8065839946257338,1.3306868384680293,-0.35778309869841,-0.08172292313402088,0.30939101826206106,0.20434005054416904
9893,Colby Rasmus,2019,-1.202978519390689,0.2817298370365124,0.6443921294654742,1.0755239434806554,0.19886591243277432,-0.6070642856610587,1.2918493483618028,0.20384374379585968
11850,Tyler Austin,2019,-0.32215710062522446,0.444642708499718,0.35168801221364526,0.24233898025657735,0.7952755672161861,-0.23182045528460313,2.3503903100854306,0.20181212421959957
14352,Lewis Brinson,2019,-1.202978519390689,0.8356336000114115,-1.2372771957248536,-0.5387719227659958,-1.524095312497082,0.23723433268596636,1.3910875635233928,0.20048482491977387
12399,Taylor Motter,2019,-1.8911202528012094,-0.40250422310895023,0.4144103230533229,0.19026492005507248,0.06633043359201615,-0.2787259340816601,0.15060987400351686,0.1999853104126199
13910,Patrick Kivlehan,2019,-1.202978519390689,-0.060387193036218464,-1.2372771957248536,0.398561160861092,-0.8614179182932911,0.33104529028008023,1.440706671104188,0.19828257001066335
1281,Mark Teixeira,2019,-1.7259662367826836,-0.23959135164574463,0.49804007083955976,-0.07010538095245193,0.3314013912735325,-1.0761190736316282,0.46486422201521865,0.1978002601160445
2900,Roberto Perez,2019,-1.1286592121823529,0.7427732632773839,-0.827491431572293,-0.29923124583907335,-1.6897646610480297,-0.2740353862019544,1.7698467513901288,0.1963810729936598
1965,Desmond Jennings,2019,-1.5883378901005805,-1.1519034318396952,1.0834483053432176,0.19026492005507248,-1.3252920942359447,0.2841398114830233,0.7625788674999893,0.19480676097294622
13180,Tyler Goeddel,2019,-1.8360689141283677,-1.3473988775955419,0.28896570137396765,-0.7470681635720153,-1.3252920942359447,0.612478163062422,0.16714957653044854,0.19425267235873303
8434,Brett Wallace,2019,-0.8176191486807975,0.21656468845123017,-0.8191284567936693,-0.90329034417653,-0.1324727846691211,-0.09110401889343227,1.8541992342774805,0.19375260213816414
14128,Joey Gallo,2019,-1.4149261732811291,2.3458359184753257,-1.9690374888544244,2.096175523430151,-0.3776634205245237,0.7954095303709441,2.4777460195428045,0.19074753124332647
10306,Oswaldo Arcia,2019,-0.3772084392980661,-0.4187955102552708,0.10079876885493474,-0.27840162175847144,1.3254174825792189,-0.32563141287871705,2.4496285252470207,0.19037748918948977
12510,Curt Casali,2019,-1.3956582047456347,-0.1255523416215007,-0.4218871548090444,1.1796720638836653,-0.3312760029302584,-1.6389848191963117,1.7880404241697536,0.18990689739928912
6878,Chris Coghlan,2019,-1.808543244791947,-0.7120386788890409,0.7489293141982702,-0.5387719227659958,6.269417163706453e-05,0.37795076907713726,0.5144833295960137,0.18902833990963322
11369,Brett Eibner,2019,-2.0287485994833134,-1.4614378876197858,0.26805826442740843,0.5547833414656066,-0.728882439452533,0.1434233750918525,0.46486422201521865,0.18811928909715914
1274,Alex Rodriguez,2019,-1.7534919061191052,-0.6957473917427204,-0.10827560061065736,-0.018031320750947044,-0.5963469606117747,-0.4663478492698879,1.06029351298476,0.18502067040803846
6867,Derek Norris,2019,-1.7259662367826836,0.15139953986594792,0.16352107969461238,1.3358942444881798,0.19886591243277432,0.4717617266712511,1.5068654812119149,0.18492230225626005
9272,Chris Davis,2019,-1.109391243646859,0.7704684514261289,0.10498025624424695,0.4922944692238008,0.2585068779111155,-0.9588553766389858,2.537288948639759,0.18123158801020317
14523,Pedro Severino,2019,-2.469159308866045,-1.8361374919851583,1.3761524225950466,0.5027092812641017,-0.1987405240895002,-0.37253689167577403,0.15060987400351686,0.17882262592291015
18497,Byung-ho Park,2019,-1.9461715914740503,0.5749730056702825,-1.1536474479386167,0.9193017628761408,-1.1927566153951865,0.4248562478741942,1.9203580443852073,0.17445741042825624
9284,Chris Herrmann,2019,-2.579261986211729,0.15139953986594792,0.22624339053429002,0.4506352210625969,-0.9276856577136702,0.19032885388890944,0.8287376776077161,0.17330080395945957
5557,Jarrod Saltalamacchia,2019,-2.1663769461654168,0.6401381542555648,0.9998185575569808,2.637745749525802,-1.7891662701785982,-0.2787259340816601,2.383469715139294,0.1691669544551257
2154,Ryan Howard,2019,-2.6343133248845705,2.0248975616928115,-1.174554884885176,1.283820184286675,0.4639368701142907,-0.8884971584434004,1.7053419115350952,0.1660215097243305
