Name,Season,weightFB,weightPA,weightHH,weightPull,weightSLG,HRsPredicted
David Ortiz,2019,1.3879683046896847,1.1474294568756664,2.0248975616928115,1.3554862839403985,2.792856142557459,38.725419336897374
Rhys Hoskins,2019,2.1690792077122576,0.48415938058459634,0.7297402335603275,1.6724063945063372,1.5396670459365076,34.195001666546865
Mookie Betts,2019,1.0234498832791505,1.3390114510234854,1.1858962736573029,0.9251231792514254,2.149055336627474,32.95070030350528
Max Muncy,2019,1.4921164250926946,0.18951948613657127,2.269266868887619,0.7612610766292645,2.2479913179396553,32.888157801311806
Jose Ramirez,2019,0.9453387929768932,1.4651913161346353,0.17420734187079714,1.317671952566054,1.8221364418567911,32.482945014796144
Matt Carpenter,2019,1.87225706456368,1.3020163073259756,2.081917066704933,1.3464828717084116,1.0664949613999932,32.32562502560268
Joey Gallo,2019,2.096175523430151,0.734537228108815,2.3458359184753257,1.0763805047488055,1.2113142963641992,31.634881868940916
Mike Trout,2019,1.1067683796015584,0.8765721548046119,1.4384112244252714,-0.04364397691036289,2.8000254165655885,31.2188245717173
Mike Zunino,2019,1.1380128157224612,-0.2531009831014934,0.9496726100356554,2.8608568091286055,0.20761593522613717,31.139072923082864
Hunter Renfroe,2019,1.273405372246374,0.0005800022528600624,1.6208736404640611,1.5643654477224944,0.9704266896910644,29.782607119271294
Randal Grichuk,2019,1.3306868384680293,0.034932635686262106,0.7199654612725355,1.7120214083270793,0.9446173032617997,29.738934523563792
Ryan Schimpf,2019,4.668634097384492,-0.8080281385641417,1.0148377586209376,-0.04904602424955503,1.5454024651430098,29.557900258443503
J.D. Martinez,2019,0.1017390177125142,0.8950697266533669,1.9988315022586982,-0.4181859257610177,3.049516152048478,29.33926748804295
Ronald Acuna Jr.,2019,0.6589314618686164,0.229157140098189,1.780528254498003,0.5991996564535004,1.8178348774519142,28.49282320207901
Miguel Andujar,2019,-0.1221794411539568,1.015303943670274,0.4120601342070769,1.2654521616205296,1.4593711770454634,28.4188381726335
Brian Dozier,2019,1.0807313495008057,1.3707215741927796,0.4250931639241336,1.8416705444676906,0.1918435324082537,28.09065414476768
Nolan Arenado,2019,0.9401313869567427,1.4869920258135252,1.1614593429378222,-0.1282760518910398,2.0673256129348037,27.938747891950122
Edwin Encarnacion,2019,0.9245091688962912,1.0965611342915904,1.1419097983622375,1.1015900589983691,0.9073370784195287,27.850045672747175
Robinson Chirinos,2019,1.6431311996770586,-0.4057059508537217,1.311339184683971,1.8110589428789354,0.2850440945139306,27.798470737819226
Trevor Story,2019,1.4608719889717916,0.9862363307650878,1.5980658384592128,0.1796406464429115,1.55974101315927,27.747696509176617
Salvador Perez,2019,1.3202720264277286,0.5178513864519716,1.456331640286224,1.474331325402626,0.4370327034862656,27.688514086740017
Gary Sanchez,2019,0.5391611234051551,-0.313878719175974,0.5016622135118398,1.994728552411468,0.6219999728959946,27.581486025978037
Matt Olson,2019,1.0442795073597524,0.4920869113769199,1.910858551668567,0.6856324138805743,1.2500283760080948,27.54602625771581
Alex Bregman,2019,0.8411906725738835,1.1903702486674188,0.14162476757815595,0.9269238616978228,1.2084465867609475,27.53347546464567
Kurt Suzuki,2019,1.0859387555209563,-0.591342296907298,0.4381261936411902,1.8362684971284988,0.6062275700781106,27.36699935687667
Cody Bellinger,2019,1.0599017254202039,1.0205889641984898,1.2217371053792083,0.7000378734517536,1.1195475890601472,27.188962415256512
Christian Villanueva,2019,1.804560786301724,-0.4512892529095821,-0.19071749020678294,1.7156227732198743,0.35530297979359515,26.681664301077507
Carlos Santana,2019,0.9713758230776457,1.4797251225872285,-0.04246677717526593,1.6165852386680184,0.13592319514484708,26.41473590230508
Aaron Judge,2019,0.13298345383341714,0.6585650580157145,2.24645906688277,0.015778543820750314,1.8995646011445846,26.253986068227494
Giancarlo Stanton,2019,0.3100352585185337,1.488313280945579,1.2820148678205943,0.051792192748697924,1.6973910741153462,26.129180418695235
Matt Adams,2019,1.4035905227501362,-0.7089340036600974,0.7867597385724499,1.065576410070421,0.9274110456422906,26.02330480376728
Kris Bryant,2019,1.0026202591985487,0.6030723424694496,-0.14347275748245342,0.975542287750552,0.9646912704845612,25.997946220779
Curtis Granderson,2019,0.7578721762514756,0.07192777938377201,0.5098078570850002,1.8164609902181275,0.22052062844076953,25.940706807896028
Jesus Aguilar,2019,0.7110055220701212,0.24567282924886308,1.7740117396394748,0.2912829581195488,1.4851805634747275,25.79499898090303
Charlie Blackmon,2019,-0.007616508710646064,1.6310088352074028,0.5130661145142643,0.26067135653079315,1.5984550928031656,25.62631054433421
Anthony Rizzo,2019,0.4818796571834998,1.4638700610025812,0.12044609428793948,0.8530958813955307,0.9073370784195287,25.60334196138711
Eric Thames,2019,1.4869090190725438,-0.61050049632208,1.8212564723638043,0.7108419681301378,0.9288449004439159,25.568007754788955
Anthony Rendon,2019,1.4400423648911895,1.0047339026138427,0.5130661145142646,-0.022035787553594647,1.443598774227579,25.45343396700884
Justin Smoak,2019,0.9557536050171942,0.8541108175596952,0.4120601342070775,0.9827450175361415,0.6707510361512719,25.450715145269015
A.J. Pollock,2019,0.2058871381155239,0.06267899345939451,1.3439217589766121,1.1718166744078662,0.7868932750829615,25.216223557457482
Steve Pearce,2019,0.018420521390106373,-1.1039892881442208,0.41368926292170893,1.641794792917582,0.8973000948081483,25.201629528326855
Evan Gattis,2019,1.2161239060247186,-0.22667588046041492,-0.04735416331916202,1.378895155743565,0.4857837667415432,25.115000015400447
Freddie Freeman,2019,0.0027983033296549165,1.2907856387035173,1.184267144942671,0.11301539592620846,1.5841165447869077,25.037732610137972
Todd Frazier,2019,1.6118867635561558,0.46434055360378756,0.6189594809653478,1.5841729546328656,-0.23544519847623552,25.035754655330102
Mike Moustakas,2019,1.4296275528508886,1.1335562779891002,0.8046801544334019,0.45514506074171,0.7510469050423163,24.96585454038828
Nelson Cruz,2019,0.4350130030021454,1.0734391694806467,1.2640944519596413,0.11121471347981068,1.4392972098227017,24.95344675934014
Asdrubal Cabrera,2019,0.45584262708274736,0.8039031225416461,0.706932431555479,1.2996651281020801,0.3897154950326139,24.93899029460487
Travis Shaw,2019,1.0963535675612575,0.8897847061251511,0.7932762534309781,0.5505812304007716,0.8428136123463679,24.877466999119143
Paul DeJong,2019,1.2734053722463738,0.15582748026919618,0.7395150058481201,0.9935491122145259,0.537402539600072,24.856329087066662
Pedro Alvarez,2019,0.08611679965206272,-0.5041394581917391,0.8682161743040526,1.0493702680528452,1.1295845726715283,24.829063011548488
Yasmani Grandal,2019,0.8724351086947865,0.32230562690799064,0.952930867464919,0.9557347808401808,0.5703812000374655,24.510140890219695
Nicholas Castellanos,2019,0.10694642373266468,1.312586348382407,1.9320372249587838,0.3507054788506624,1.0234793173512189,24.492248640594653
Justin Upton,2019,0.3412796946394366,1.1137374510082916,1.4498151254276956,0.53797645327599,0.8757922727837611,24.452917476975337
Mitch Haniger,2019,-0.002409102690495579,0.9829331929349527,0.473967025363095,0.7954740431108147,0.9632574156829351,24.407219670149427
Manny Machado,2019,0.8984721387955388,1.6495064070561578,0.8372627287260436,-0.16969174815817983,1.3217211160893851,24.404055858420932
Jorge Soler,2019,0.14860567189386858,-1.276413082877258,0.9708512833258718,1.7246261854518614,0.4556728159074014,24.12444231195859
Brian Goodwin,2019,1.1275980036821602,-1.1515544728981622,0.10252567842698714,0.887308847877081,1.0435532845739801,24.12290478918069
Eugenio Suarez,2019,0.3048278524983832,1.0807060727069433,1.5182385314422422,0.3435027490650726,1.0005376405252064,24.076748624492325
Rougned Odor,2019,0.5808203715663591,0.8402376386731291,1.3406635015473483,1.3158712701196569,-0.021800833033991045,24.0159670412476
Gregory Polanco,2019,1.3098572143874274,0.33485755066250295,-0.2819486982261779,0.9179204494658364,0.5417041040049493,24.000649904850896
Paul Goldschmidt,2019,0.013213115369955869,1.5305934451713044,1.839176888224757,-0.3551620401371094,1.6113597860177968,23.933051752323856
Jung Ho Kang,2019,0.4506352210625969,-0.5437771121533568,0.965963897181976,0.5631860075255528,1.2586315048178507,23.897814328317907
Devin Mesoraco,2019,1.7524867261002188,-1.1779795755392406,-0.22330006449942408,2.0397456135714025,-0.3903015170518228,23.85305011012532
Khris Davis,2019,1.361931274588932,1.299373797061868,1.6697475019030232,-0.866555854913965,1.6486400108600683,23.76683088299647
Francisco Lindor,2019,0.4245981909618445,1.8496765595623272,0.7818723524285532,-0.031039199785581246,1.1639970879105477,23.713910114573885
Joc Pederson,2019,0.815153642473131,-0.277544203044491,0.8959113624527973,0.6946358261125611,0.8542844507593745,23.661617972194755
Bryce Harper,2019,0.4975018752439513,1.156017615234017,0.91383177831375,-0.09046172051669538,1.3618690505349083,23.65343616652894
Daniel Palka,2019,0.19026492005507248,-0.021881334992056658,0.47722528279235915,0.9053156723410548,0.8428136123463676,23.432282909873358
C.J. Cron,2019,0.5808203715663591,0.26483102866364494,0.6938994018384227,0.7702644888612512,0.6936927129772846,23.419894693681208
Zack Cozart,2019,0.7578721762514757,-0.644853129755482,0.1579160547244765,1.7498357397014246,-0.016065413827487718,23.419272381677775
Mark Reynolds,2019,0.5964425896268106,-0.5900210417752443,0.21493555973659817,1.0385661733744602,0.7381422118276848,23.3485058106478
Adam Duvall,2019,1.9243311247651849,0.38836838351068687,0.3126832826145217,1.0421675382672548,-0.17809100641120357,23.07951235598901
Mike Napoli,2019,1.0827364717810342,0.4466679849595317,0.25701085281203845,1.0131675219143481,0.1830708370420152,23.055675215851274
Brandon Moss,2019,1.176469780143743,-0.07853093003190326,0.5111549322946392,0.9861572852183877,0.2648005607346858,22.989160971845358
Justin Turner,2019,1.4764942070322429,0.18753760343849035,1.4693646700032807,-0.45780093958176005,1.3460966477170246,22.893126844470295
Wil Myers,2019,-0.21070534349651515,0.10429853011909318,1.6730057593322873,1.1159955185695476,0.39688476904074327,22.869530364663536
J.T. Realmuto,2019,0.09653161169236368,0.6242124245823124,0.4250931639241337,0.8404911042707492,0.6205661180943683,22.802695726546492
Kyle Schwarber,2019,0.7005907100298203,0.33353629553044906,0.910573520884486,0.611804433578282,0.5990582960699818,22.782378941299093
Logan Morrison,2019,1.3306868384680293,-0.11106605640569661,0.617330352250716,1.2348405600317744,-0.11786910474291978,22.75794401985852
Jose Bautista,2019,1.4764942070322429,0.2945592691348583,0.61244296610682,1.522949751455355,-0.6225859949152026,22.62987813768098
Colby Rasmus,2019,1.0755239434806554,-0.23328215612068456,0.2817298370365124,2.255827507139088,-1.0068590817509175,22.575024863750702
Daniel Descalso,2019,1.3411016505083304,-0.33171566345870196,1.0457912041989461,1.0925866467663816,-0.03900709065350065,22.55137115065262
Gleyber Torres,2019,0.8672277026746359,0.20933831311738013,0.8030510257187703,0.31109046502991977,0.7854594202813355,22.298844353862886
Yadier Molina,2019,0.19547232607522297,0.4656618087358414,1.1728632439402464,1.0493702680528447,0.1545633075659827,22.298142493800942
Ozzie Albies,2019,0.7266277401305727,0.6585650580157143,0.09275090613919418,0.6766290016485876,0.4011863334456208,22.011584826481904
Sean Rodriguez,2019,0.24233898025657735,-0.7287528306409062,1.5687415215958358,0.203049518246077,1.2156158607690766,21.99817975095814
Javier Baez,2019,-0.20029053145621412,0.8726083894084502,0.10415480714161865,0.06439696987347973,1.3403612285105206,21.996292830672026
Jay Bruce,2019,1.7264496959994664,0.05475146266707104,0.38436494605833244,0.7846699484324304,-0.0031607206128556053,21.973504094221976
Andrew McCutchen,2019,0.25275379229687833,1.4493362545499882,1.0930359369232758,0.568588054864745,0.25780085328304025,21.901822929615232
Aledmys Diaz,2019,0.5704055595260581,-0.29604177489324596,-0.6680522035939751,1.3032664929948745,0.2176529188375177,21.88758327303629
Yasmany Tomas,2019,-0.4346238023629861,0.7312340902786802,1.226624491523104,0.09500857146223428,1.1869387647365606,21.789028654359065
Yasiel Puig,2019,0.10694642373266468,0.14459681164673782,0.4169475203509734,0.5253716761512078,0.8442474671479938,21.766920896228818
Chris Young,2019,1.004625381478777,-0.7959724667371842,-0.0020206128144581725,1.1752289420901123,0.14865832180299593,21.689130655232837
Eddie Rosario,2019,0.6693462739089173,0.7596410756178397,0.15465779729521242,0.18504269378210358,0.8084010971073484,21.664856163417106
David Dahl,2019,0.22671676219612585,-1.2651824142547996,0.4348679362119259,0.2930836405659462,1.4134878233934374,21.61647003216212
Aaron Hicks,2019,0.3360722886192861,0.2687947940598067,0.3843649460583323,0.7558590292900723,0.4456358322960208,21.605629150782416
Josh Donaldson,2019,0.17985010801477153,-0.6745813702266954,0.9871425704721921,0.438938918724134,0.9575219964764318,21.41710901133706
Albert Pujols,2019,0.2110945441356744,0.6757413747324155,1.0018047289038807,1.2024282759966214,-0.2454821820876159,21.40709288761649
Ryan Howard,2019,1.283820184286675,-0.5966273174355138,2.0248975616928115,0.32909728949389355,0.3983186238423685,21.404856601934004
Matt Chapman,2019,0.8828499207350875,0.506620717829513,1.2331410063816324,-0.31914839120916183,1.0320824461609739,21.32142124886658
Scooter Gennett,2019,0.2215093561759754,0.8838390580309086,0.49188744122404776,0.006775131588763406,0.9933683665170772,21.31514707955929
Kyle Seager,2019,1.4504571769314907,1.2438810815156032,0.5391321739483772,0.3651109384218415,-0.004594575414481189,21.262950571295118
Yoenis Cespedes,2019,0.9577587272974226,-0.08051281272998415,0.7115377641943819,-0.013221472532156914,0.9444477367053166,21.258915739981674
Lucas Duda,2019,1.455664582951641,-0.3178424845721357,0.9838843130429282,0.48935802722326016,0.23199146685377578,21.210823296266327
Jake Bauers,2019,-0.1221794411539568,-0.4248641502685036,1.145168055791502,1.913697842323586,-0.5910411892794345,21.196153463916556
Xander Bogaerts,2019,-0.3408904940002773,1.0443715565754603,0.28498809446577683,0.40832731713537823,0.7668193078602004,21.165809094262855
Enrique Hernandez,2019,1.1171831916418593,-0.31784248457213576,0.3827358173437001,0.7162440154693299,0.22195448324239528,21.089360340032435
Mark Canha,2019,0.5027092812641017,-0.2729198100823023,0.6238468671092442,0.7792679010932383,0.34096443177733715,21.05342821572004
Chris Gimenez,2019,0.08611679965206272,-1.501687082892452,-0.48396065884055306,2.417888927314852,-0.6197182853119506,20.97684869013493
Franklin Gutierrez,2019,-0.5387719227659958,-1.1185230945968139,2.204101720302337,1.067377092516819,0.38398007582611127,20.88725433247722
Greg Bird,2019,1.8566348465032287,-0.9335473761092645,1.0474203329135787,1.1754180393006606,-0.5623640932469185,20.799366696551324
Jeimer Candelario,2019,0.6068574016671116,1.1011855272537792,0.2817298370365124,1.1033907414447666,-0.461994257133113,20.687737357690363
Marcell Ozuna,2019,-0.05969056891215095,1.2485054744777915,1.4856559571496013,0.0355860507311212,0.6334708113090004,20.667714053888876
Ben Zobrist,2019,-0.5596015468465978,0.47292871196213804,0.1253334804318354,1.3770944732971673,-0.05908105787626186,20.656299692874416
Adalberto Mondesi,2019,0.1381908598535676,-1.065672889314657,1.5687415215958358,0.203049518246077,1.0435532845739801,20.640183362091985
Didi Gregorius,2019,0.7995314244126795,0.7913511987871338,-0.40576248053821434,-0.05804943648154194,0.8499828863544967,20.578215986508695
Austin Hedges,2019,1.3619312745889323,-0.6541019156798595,0.3729610450559078,0.8819068005378883,-0.07915502509902338,20.518371088891996
Matt Kemp,2019,0.03404273945055786,0.387047128378633,1.0800029072062194,0.17423859910371925,0.7481791954390651,20.512701552064822
Shohei Ohtani,2019,-0.5387719227659958,-0.5635959391341657,1.5687415215958358,-0.6432712315606901,1.989897453647009,20.415612730623433
Scott Schebler,2019,-0.4398312083831366,-0.04500329980300036,0.7492897781359126,0.8801061180914914,0.38111236622285943,20.406078862029297
Eduardo Escobar,2019,1.007827665218699,0.7510529172594891,0.24263074788534345,0.024781956052737107,0.5259317011870654,20.390019057312813
Carlos Beltran,2019,0.22351447845620373,0.39117526941326686,0.12505142692684218,0.7808794863290862,0.1959755302566472,20.385160595529555
Byung-ho Park,2019,0.9193017628761408,-1.3761678453473292,0.5749730056702825,1.319472635012451,-0.23257748887298438,20.26019010006734
Jefry Marte,2019,-0.4814904565443404,-1.4587462911006994,-0.2558826387920654,2.1081715465345026,-0.304270228954274,20.202630266015774
Ji-Man Choi,2019,-0.1742535013554617,-1.5281121855335307,1.6827805316200797,0.203049518246077,1.1439231206877865,20.024001934443685
Mark Teixeira,2019,-0.07010538095245193,-0.0945503672550225,-0.23959135164574463,2.0937660869633237,-0.9064892456371105,20.0207573050501
Maikel Franco,2019,-0.028446132791248024,0.5059600902634862,-0.7543960254694737,0.8242849622531727,0.2922133685220599,19.98033940245814
Marwin Gonzalez,2019,-0.14821647125470927,0.5627740609418049,0.43975532235582215,0.6478180825062295,0.27644096570417576,19.961419456529583
Jonathan Schoop,2019,0.034042739450557837,0.7629442134479745,-0.5377219064234104,0.6694262718629982,0.29651493292693737,19.926033783301822
Max Kepler,2019,0.9817906351179466,0.8547714451257222,0.31919979747305005,0.5379764532759894,-0.15084776518031354,19.895912178645972
Michael Conforto,2019,0.41418337892154344,0.6427099964310673,0.7297402335603276,-0.12287400455184794,0.7381422118276841,19.861413142316106
Jedd Gyorko,2019,0.6693462739089173,-0.15202496549936823,0.24588900531460745,0.5937976091143082,0.2219544832423958,19.855971091247383
Justin Bour,2019,0.03404273945055783,0.06003648319528668,0.6727207285482059,0.5613853250791551,0.36533996340497543,19.82944707620138
Andrelton Simmons,2019,-0.851216283975025,0.9915213512933034,-0.11089018318981264,1.3122699052268618,-0.17378944200632562,19.82932107981484
Tyler Moore,2019,2.117005147510753,-1.6470251474183837,-0.060387193036218464,1.0493702680528452,-0.34728587300304786,19.81330889333504
Yonder Alonso,2019,0.5599907474857571,0.6711169817702267,0.5179535006581606,0.3543068437434569,0.20618208042451194,19.804973976220662
Renato Nunez,2019,0.9713758230776457,-1.2638611591227458,-1.00528184752281,1.301465810548477,-0.089192008710404,19.748806900797003
Jose Altuve,2019,-0.7887274117332194,1.171872676818664,-0.26891566850912163,0.2048502006924744,0.8973000948081487,19.747528526296175
Harrison Bader,2019,-0.22632756155696657,-0.16721939951798834,0.6890120156945264,1.0853839169807926,-0.046176364661629096,19.64358167300155
Avisail Garcia,2019,-0.7731051936727678,-0.050948947897243,0.5651982333824902,0.8548965638419277,0.3997524786439945,19.62925841605597
Jose Abreu,2019,-0.2054979374763646,1.000770137217681,0.7639519365676011,-0.32455043854835397,1.0177438981447158,19.565870391184525
Leonys Martin,2019,1.028657289299301,-0.21412395670590262,0.31105415389988966,0.782869265986033,-0.20533424764209407,19.457649046231225
Alex Dickerson,2019,0.9713758230776457,-1.1053105432762746,0.10252567842698714,0.47315188520568385,0.4269957198748853,19.402355812331667
Bobby Wilson,2019,-0.07010538095245193,-1.3299239157254419,-1.3636901647418624,2.5979571719545898,-1.0068590817509175,19.332603014406445
Evan Longoria,2019,0.5391611234051552,0.8356132457109404,0.8421501148699394,0.3236952421547014,0.026950230221286023,19.332181987274442
Tommy Joseph,2019,0.6609365841488447,-0.04880268956068995,0.22768653594866145,0.27848908378421816,0.37233967085662134,19.206813796767246
Miguel Sano,2019,0.7110055220701212,-0.5186732646443323,1.5443045908763549,0.3399013841722779,0.1703357103838662,19.166065953531348
Brandon Belt,2019,1.7733163501808211,0.14591806677879177,1.0734863923476912,-0.20750607953252437,0.1617325815741113,19.03687378953701
Tyler White,2019,0.7578721762514756,-1.345118349744062,-0.19886313377994322,0.15623177463974544,0.8786599823870117,19.016569203063156
Alen Hanson,2019,0.41939078494169396,-1.0907767368236816,-1.3213328181614288,1.5841729546328658,-0.3429843085981708,18.899205430030065
Marcus Semien,2019,0.46625743912304835,0.9736844070105755,-0.32104778737734746,0.8620992936275178,-0.42328017748921626,18.88094735471589
Ryon Healy,2019,0.10694642373266466,0.47491059466021895,0.04550617341486517,0.5271723585976051,0.13879090474809924,18.847383681383818
Chris Carter,2019,1.238958652385549,-0.10429540510695473,0.3987450509850273,0.21906656305310468,0.07983329132495731,18.7669018563708
Jarrod Saltalamacchia,2019,2.637745749525802,-1.0590666136543874,0.6401381542555648,1.0493702680528452,-1.1359060138972392,18.64714832842492
Kirk Nieuwenhuis,2019,-0.07010538095245193,-0.39843904762742516,0.2817298370365124,1.4455204062602676,-0.5767026412631765,18.600347887742693
Jed Lowrie,2019,0.8203610484932815,1.2293472750630097,0.6059264512482917,-0.14268151146221936,0.14596017875622727,18.58110026034991
Taylor Motter,2019,0.19026492005507248,-1.138341921577623,-0.40250422310895023,2.4899162251707474,-1.4226769742224,18.542784495941778
Adrian Beltre,2019,0.07570198761176175,0.11222606091141668,1.0262416596233614,-0.13187741678383486,0.6721848909528975,18.50222076606977
Yan Gomes,2019,0.7630795822716261,-0.330394408326648,0.6352507681116685,0.4821552974376707,-0.049044074264881304,18.443199672558062
Teoscar Hernandez,2019,1.0234498832791505,0.4669830638678954,0.6238468671092442,-0.49921663584889975,0.6133968440862391,18.41375457000933
Byron Buxton,2019,0.3953588771211698,-0.12411423208776362,-0.5885069500819975,0.7538692496331256,-0.03200738320185534,18.343390477659135
Jackie Bradley Jr.,2019,-0.20549793747636458,0.6248730521483394,0.7786140949992891,0.6874330963269719,-0.20390039284046813,18.31653262716249
Curt Casali,2019,1.1796720638836653,-1.2968925374240938,-0.1255523416215007,1.8956910178596122,-1.2792914940598195,18.289364215207705
Brandon Guyer,2019,0.4922944692238007,-1.2823587309715005,0.19538601516101367,1.3933006153147438,-0.5537609644371638,18.258523205666933
George Springer,2019,-0.34089049400027727,1.20754656538412,0.1530286685805806,-0.08145830828470815,0.537402539600072,18.099392439441804
Stephen Piscotty,2019,-0.3929645542017822,0.6334612105066899,0.8323753425821472,0.1508297273005536,0.3610383990000983,18.096577963468402
Wilmer Flores,2019,1.4921164250926946,-0.34889198017540296,-0.06527457918011481,-0.11026922742706592,0.2621024176879181,17.846750092804395
Adam Rosales,2019,0.801536546692908,-0.6830051529465737,0.02241631790502266,0.49457097735190336,-0.010499561177468364,17.782866131889328
Brandon Nimmo,2019,-0.2731942157383209,-0.08794409159475292,0.5000330847972079,0.10221130124782435,0.5488733780130781,17.7099965674157
Danny Espinosa,2019,0.7078032383301991,-0.01709256639139578,-0.08021879111679658,1.1428166580549592,-0.8363999269139306,17.69851198247519
Welington Castillo,2019,-0.08892988275282554,-0.1637518860493814,0.5795783383091856,0.30549932048017886,0.2691021251395632,17.697556390563552
Ian Kinsler,2019,1.0182424772590002,0.7920118263531608,-0.2265583219286885,0.32909728949389383,-0.3616244210193061,17.59684664202822
Chris Taylor,2019,0.4141833789215434,0.9307436152188228,0.5098078570850005,-0.44159479756418357,0.49295304074967206,17.575162190203752
Yuli Gurriel,2019,-0.13780165921440826,0.7794599025986485,-0.2477369952189052,0.14182631506856613,0.2893456589188079,17.50446858735944
Christian Yelich,2019,-1.715645683320006,1.405074207626182,1.5394172047324586,-1.0700329713568686,1.6285660436373073,17.376414410722017
Chase Utley,2019,0.09853673397259202,0.02650885296638375,0.34987118954606566,0.6080139714749382,-0.21267308820670613,17.347631607296268
Josh Reddick,2019,0.9140943568559903,0.30248679992718175,-0.4969936885576095,0.13822495017577174,0.006876262998525118,17.31061253343588
Hanley Ramirez,2019,-0.104552100813277,0.5318889409770098,0.27167301124372695,-0.02402556721054118,0.35943497764198884,17.23500266497031
Lourdes Gurriel Jr.,2019,-0.486697862564491,-1.2506486078022063,-0.4676693716942325,0.8332883744851597,0.29794878772856304,17.223353312921653
Oswaldo Arcia,2019,-0.27840162175847144,-1.5215059098732608,-0.4187955102552708,1.9317046667875597,-0.8491350535720792,17.209852877132064
Jayson Werth,2019,0.6453143660883932,-0.01907444908947664,0.08106495163177668,0.38112798322886876,-0.17395900856280966,17.193958652350865
Trea Turner,2019,-0.2888164337987724,1.0450321841414874,-0.5018810747015054,0.15443109219334816,0.23485917645702808,17.19153638227731
David Peralta,2019,-0.9918162465190883,0.9948244891234382,1.6436814424689101,-0.6810855629350346,0.9919345117154513,17.19142891446221
Tony Kemp,2019,-0.6429200431690056,-1.0392477866735785,-0.5328345202795147,1.5895750019720578,-0.4763328051493702,17.181048729456123
Joey Votto,2019,-0.30443865185922386,1.329762665099108,0.9594473823234472,-0.7243019416485721,0.7825917106780839,17.1789042937644
Neil Walker,2019,0.6068574016671116,-0.2200696048001453,0.44138445107045415,0.664024224523806,-0.48063436955424793,17.094628779219875
Nick Hundley,2019,0.3464871006595871,-0.9692212646747205,1.034387303196522,0.5613853250791557,-0.15945089399006837,17.09126952431639
Corey Seager,2019,-0.32326315365959746,0.7835880436332825,0.8190602593600975,-0.39676683361479836,0.604624148720001,17.019532237493184
Matt Davidson,2019,0.783909206352228,0.1835738380423286,0.8959113624527975,-0.14808355880141116,0.052759616650550574,16.98856433302041
Luis Valbuena,2019,1.2057090939844177,-0.8258650828468697,0.5440195600922735,0.7486562995044826,-0.6985802994013695,16.894167026311393
Daniel Murphy,2019,0.632894431767864,-0.03707576901067677,-0.5344636489941466,-0.7152985294165853,0.9976699309219539,16.83712055845897
T.J. Rivera,2019,0.6589314618686164,-1.4620494289308343,-0.6142909560111175,0.5991996564535004,0.06853201946843442,16.822982245638222
David Ross,2019,1.3358942444881798,-1.6338125960978445,0.2002734013049096,0.004974449142366334,0.29794878772856304,16.81082084333296
Jett Bandy,2019,2.3773754485182774,-1.4620494289308343,-0.9726992732301689,0.5091655341336314,-0.4763328051493702,16.808398244628172
Tyler Naquin,2019,-0.7991422237735203,-0.576808490454705,0.819342312865091,-0.5172234603128736,1.2729700528341088,16.792348362515927
Ryan Braun,2019,-0.8616310960153262,-0.0014018804452208128,1.216849719235312,-0.28313474228121427,0.804099532702471,16.756374563162996
John Ryan Murphy,2019,2.169079207712258,-1.5148996342129912,1.1777506300841423,0.4371382362777363,-0.7200881214257568,16.750679585492136
Adam Jones,2019,-0.038860944831549005,1.1441263190455317,-0.3422264606675641,-0.013032375321607753,0.137357049946473,16.723711627711268
Josh Harrison,2019,0.4818796571834998,-0.08662283646269892,-0.20212139120920725,0.7756665362004436,-0.5594963836436668,16.67650113817426
Michael Brantley,2019,-0.9814014344787871,0.6730988644683077,0.43486793621192593,-0.05084670669595241,0.5101592983691814,16.533743136336938
Wilson Ramos,2019,-1.4188235401714282,-0.5497227602475994,0.5635691046678584,0.23546180228123056,0.7266713734146782,16.510556610948772
Tyler Flowers,2019,0.20067973209537346,-0.8668239919405414,1.8538390466564452,0.6316119404886533,-0.4921052079672543,16.507044879153575
Jhonny Peralta,2019,0.1381908598535676,-0.9203348247887253,-0.20700877735310352,0.797274725557212,-0.2469160368892424,16.446323408210592
Derek Dietrich,2019,0.3829389428006405,0.3877077559446599,0.14814128243668423,0.05539355764149203,-0.041874800256752,16.429129575735484
Kole Calhoun,2019,-0.11176462911365581,0.9399924011432004,1.0262416596233617,0.4821552974376707,-0.6082474468989443,16.427403605420828
Chris Iannetta,2019,0.6953833040096697,-0.7115765139242052,0.6531711839726212,0.22465770760284554,-0.1150013951396682,16.421550186599063
Tommy Pham,2019,-1.1896976752848067,0.6982027119773321,1.8131108287906437,-0.5352302847768473,0.796930258694342,16.406621474041685
Mitch Moreland,2019,0.05487236353115979,0.30512931019128964,0.4560466095021424,-0.043643976910363584,0.13879090474809863,16.33584285143117
John Jaso,2019,0.19227004233530076,-0.3381575634804994,-0.0166827712461467,0.45135459863836624,-0.15245118653842263,16.31213345381573
Brandon Drury,2019,-0.4794853342641121,0.1474036975493178,-0.11443049412406976,0.21906656305310496,0.23468960990054388,16.30895743909077
Juan Soto,2019,-0.90329034417653,0.27540106972007633,0.21656468845123017,-0.7873258272724803,1.315985696882883,16.193539251053686
Johan Camargo,2019,-0.1690460953353112,-0.057555223557512636,0.06831397541971329,-0.10666786253427187,0.4341649938830143,16.157343563609896
Lonnie Chisenhall,2019,0.6296921480279418,-0.42932416759222014,-0.33436287059939707,-0.28872588683095557,0.4712756521688016,16.114203872064014
Yoan Moncada,2019,0.29962044647823266,0.4755712222262458,0.4918874412240476,0.1778399639965137,-0.31000564816077697,16.06013511773727
Jake Lamb,2019,-0.21070534349651512,-0.39381465466523635,1.0881485507793796,0.4857566623304655,-0.27846084252500963,16.03795532096397
Charlie Culberson,2019,-1.0595125247810446,-0.8608783438462987,-0.30475650023102685,0.3651109384218411,0.5847197480537237,16.002446943193032
Brian McCann,2019,1.4817016130523935,-1.0161258218626348,-0.9156797682180474,0.7702644888612513,-0.7129188474176281,15.983530641243194
Rickie Weeks Jr.,2019,0.398561160861092,-1.6338125960978445,1.0962941943525404,-0.04904602424955503,0.35530297979359515,15.894520073501509
Kevin Plawecki,2019,0.4506352210625969,-1.1581607485584318,0.31431241132915355,1.0493702680528452,-0.7917808615070471,15.8839989993328
Tyler Austin,2019,0.24233898025657735,-1.2176172295008583,0.444642708499718,-0.4091825135290308,0.7854594202813355,15.878776554779591
Kendrys Morales,2019,-0.18987571941591314,0.4920869113769199,1.0376455606257862,-0.328151803441149,0.25636699848141414,15.860281887916717
Tim Anderson,2019,-0.7835200057130689,0.8996941196155556,-0.5817083817184765,0.582993514435924,-0.25551916569899646,15.854055612326418
Willson Contreras,2019,-0.7574829756123164,0.20339266502313752,-0.3666633913870453,0.37051298576103325,0.10437838950907968,15.794954366885237
Ehire Adrianza,2019,0.08611679965206272,-0.5702022147944353,0.4609339956460386,0.8512951989491334,-0.6627339293607247,15.789683240206474
Brett Lawrie,2019,0.9713758230776457,-0.4512892529095821,-0.7609125403280026,0.203049518246077,-0.17522329680795223,15.734057956588948
Ian Happ,2019,0.4766722511633493,-0.033112003614515,0.5179535006581608,-0.32995248588754644,0.20904979002776294,15.728789619232542
Troy Tulowitzki,2019,0.05167007979123764,-0.19942577461483732,-0.12420526641186211,0.3217054624977552,-0.1266418001091586,15.689398113438827
Mikie Mahtook,2019,0.0027983033296549165,-1.080867323333277,-0.5963705401501646,1.070978457409613,-0.5279515780078994,15.687446258048492
Jason Kipnis,2019,1.0546943194000535,0.5878779084508294,0.006407084263695198,-0.16248901837259,-0.2971009549461452,15.683821656564435
Miguel Cabrera,2019,-0.16704097305508286,0.6012548354098408,0.814172873216201,-0.6020446325040991,0.47987878097855585,15.606723334681503
Michael Saunders,2019,0.20789226039575226,-0.223208366991808,-0.06555663268510836,0.21366451571391254,-0.12234023570428099,15.520730129444056
Yangervis Solarte,2019,0.32045007055883473,0.32494813717209853,-0.6322113718720701,0.36331025597544364,-0.3859999526469451,15.4851287149865
Jorge Bonifacio,2019,0.5391611234051552,-0.9031585080720241,0.19212775773174956,0.7108419681301374,-0.6254537045184537,15.481009787435593
Niko Goodrum,2019,-0.486697862564491,0.2621885183995371,0.5098078570850002,0.004974449142366334,0.09720911550095128,15.405819269580778
Manny Pina,2019,0.185057514034922,-0.7181827895844749,0.05691007441728957,0.4965607570088497,-0.3085717933591514,15.399658428500093
Adam Lind,2019,0.05167007979123763,-0.34410321157474205,0.4134072094167158,-0.3265402182053005,0.40245062169076296,15.34692885720132
Andrew Benintendi,2019,-0.04927575687184997,1.3727034568908605,-0.5833375104331078,-0.5946528055079605,0.3940170594374918,15.325550651740688
Seth Smith,2019,-0.33888537172004896,-0.18555259572827112,0.14460097150242687,0.2244686103922968,-0.010499561177468295,15.306680692698013
Kevin Pillar,2019,0.08090939363191221,0.7986181020134304,-0.3422264606675638,-0.016633740214402813,-0.1551493295851909,15.213359769543663
Matt Joyce,2019,0.5027092812641017,-0.7413047543954184,0.10415480714161855,0.34350274906507244,-0.3616244210193066,15.059464697488302
Tim Beckham,2019,-0.5856385769473502,-0.11304793910377745,0.027585757553912182,0.5397771357223868,-0.30427022895427436,15.001009504822258
Matt Holliday,2019,0.11415895203304349,-0.1023135224088739,0.16415051607801157,-0.24550950811741848,0.18307083704201546,14.975872651877472
Steven Souza Jr.,2019,0.17985010801477147,-0.37795959308058924,1.0425329467696822,0.16703586931813003,-0.3616244210193065,14.934337309750678
Cheslor Cuthbert,2019,-0.018031320750947044,0.38110148028439034,-0.4187955102552708,0.11301539592620807,-0.17522329680795223,14.931906841504091
Hunter Dozier,2019,0.034042739450557837,-0.4248641502685036,1.8619846902296058,0.14902904485415563,-0.4333171611005961,14.894431967869945
Trevor Plouffe,2019,-0.05768544663192263,-0.49076253123272773,-0.03134492967783491,0.5864057821181697,-0.48367164571398297,14.833343496545478
Elvis Andrus,2019,-0.8095570358138212,0.44914611958516737,-0.21678354964089577,0.4389389187241336,-0.2841962617315124,14.76481833204161
Joey Rickard,2019,0.6276870257477134,-1.3411545843479002,-0.9678118870862733,0.7432542521652903,-0.5193484491981448,14.735177127896725
Shin-Soo Choo,2019,-1.2417717354863118,1.0470140668395682,1.1207311250720207,-0.12287400455184799,0.028384085022911898,14.70959421462987
Stephen Vogt,2019,0.8171587647533594,-0.13798741097432984,-0.36368718746277406,-0.21849927142145778,-0.09222928487013886,14.671303809254757
Starlin Castro,2019,-0.9866088404989378,0.9168704363322566,0.12859173786109945,0.08780584167664549,-0.08202273470227475,14.64490162934491
Aaron Hill,2019,0.9713758230776457,-0.15400684819744911,-0.10926105447518016,0.2390631671740246,-0.6770724773769835,14.636719105043387
Carlos Gonzalez,2019,-0.10655722309350533,0.48548063571665034,0.14162476757815584,-0.7044944347382007,0.4642759447171562,14.495185221674198
Victor Martinez,2019,-0.09093500503305388,0.29059550373869647,0.736256748418856,0.44073960117053107,-0.7774423134907888,14.482464268769098
Jorge Polanco,2019,0.39335375484094154,-0.4116515989479643,-0.5784501242892119,-0.029238517339184283,-0.051911783868132624,14.414146083595732
Dansby Swanson,2019,0.008005709349805379,0.5687197090360476,0.03898965855633629,0.3903204926714044,-0.738728233846892,14.388351497104559
Max Stassi,2019,-0.8512162839750251,-1.3365301913857115,0.42835142135339743,0.9233224968050285,-0.4476557091168549,14.378855407669935
Johnny Field,2019,0.7110055220701212,-1.4488368776102951,0.26543854989019183,0.2210563427100508,-0.3186087769705326,14.294853156087504
Jurickson Profar,2019,-0.5491867348062968,0.36722830139782403,-0.031062876172841813,-0.013032375321607753,-0.046176364661630276,14.290214515896167
Robinson Cano,2019,-0.8564236899951756,0.14789994947687257,0.9855134417575602,-0.709896482077393,0.6678833265480199,14.283225377567184
Jason Heyward,2019,-0.20549793747636458,0.29455926913485825,-0.8733224216376141,0.5055641692408367,-0.5594963836436668,14.204914172017697
Danny Valencia,2019,-0.648127449189156,-0.5378314640591142,-0.2656574110798575,0.43173618893854454,-0.17952486121282937,14.16754101209217
Daniel Nava,2019,-1.0074384645795398,-1.574356115155418,0.08623439128066658,0.6712269543093955,-0.06051491267788713,14.072817754777452
Ryan Zimmerman,2019,-0.1950831254360636,-0.2577253760636821,0.9627056397527118,-1.3095237367277197,1.079399654614625,14.025457726991053
Coco Crisp,2019,0.3464871006595871,0.30182617236115483,-1.4451466004734652,0.16703586931812944,-0.40464006506808003,13.886989696159365
Chris Davis,2019,0.4922944692238008,0.5588102955456431,0.7704684514261289,0.25887067408439574,-1.0728164026257039,13.797856767540729
Trayce Thompson,2019,-0.3825497421614812,-1.2572548834624762,-0.3699216488163091,0.13102222039018185,0.15456330756598263,13.73786824839652
Michael A. Taylor,2019,-0.3981719602219327,-0.4493073702115012,-0.12718147033613275,0.3921211751178023,-0.39603693625832526,13.722970725438215
Jordy Mercer,2019,-0.3044386518592239,0.23179965036229683,-0.604516183723325,0.37231366820743106,-0.5365547068176539,13.675871817921292
Starling Marte,2019,-0.5908459829675008,0.4352729406986012,-0.3324516883797717,-0.2957395194059959,0.14452632395460224,13.625959897277983
JaCoby Jones,2019,-0.486697862564491,0.09703162689279654,0.444642708499718,0.5991996564535004,-0.8778121496045953,13.569998948224905
Keon Broxton,2019,-0.22952984529688875,-0.39166839632868333,0.5698035660213929,-0.24010746077822637,-0.0018964323677134638,13.55464331572167
Chad Pinder,2019,0.2110945441356744,-0.8357744963372741,1.4384112244252716,-0.6882882927206242,0.24489616006840825,13.54532895837826
Dexter Fowler,2019,0.5339537173850046,-0.3270912704965132,0.22145207459512692,0.25706999163799876,-0.7932147163086731,13.491223529843264
Angel Pagan,2019,-0.27840162175847144,0.5991085770732878,-1.4940204619124269,-0.06705284871352882,-0.10353055672666205,13.385768322164958
Rafael Devers,2019,0.16943529597447052,-0.24649470744122387,0.16117431215374026,-0.7297039889877642,0.32232431935620165,13.336377835734208
Chase Headley,2019,-0.3701298078409519,0.4169397444883184,-0.2708268507287471,-0.06724194592407826,-0.2642918610652353,13.291271984847274
Tucker Barnhart,2019,-0.8199718478541222,0.19678638936286785,0.3811066886290682,0.395722540010597,-0.6197182853119503,13.26877145832408
Mitch Garver,2019,0.1381908598535676,-0.7749967602627936,1.145168055791502,-0.3011415667451881,-0.1608847487916942,13.223209178438589
Mark Trumbo,2019,0.12256864179311616,0.0666427588555562,0.583118649243443,-0.8647551724675672,0.2635362724895437,13.143559196873492
Carlos Gomez,2019,0.9557536050171942,-0.2273365080264419,-0.0734202227532752,-0.08866103807029747,-0.6684693485672276,13.12530802838704
Jeff McNeil,2019,0.7110055220701212,-1.3497427427062507,-0.5328345202795147,-0.8773599495923493,0.656412488135014,13.102725168994464
Rene Rivera,2019,0.05167007979123764,-0.9129035459239565,0.017528931761126493,0.11642766360845408,-0.33741845594815106,13.069327210186742
Corey Dickerson,2019,0.11736123577296564,0.7332159729767611,0.04061878727096901,-1.4895919813674572,0.7610838886536968,12.918112221703469
Trey Mancini,2019,-1.299053201707967,1.1143980785743184,0.045506173414865174,-0.47220639915293905,0.1775049843919958,12.911320697447893
Freddy Galvis,2019,0.3464871006595871,1.3383508234574586,0.16931995572690128,-0.44519616245697846,-0.6125490113038217,12.908006469316742
Franmil Reyes,2019,-0.7470681635720153,-1.1053105432762746,1.747945680205362,-1.2194896144078504,1.0435532845739801,12.852099498045469
Jesse Winker,2019,-0.1742535013554617,-0.7816030359230632,1.6990718187664002,-0.6072575826327425,0.08287056748469245,12.807198404489334
Denard Span,2019,-0.47628305052418995,0.4927475389429469,-0.7918659859060112,-0.21290812687171679,-0.10926597593316494,12.799270369756513
Jacoby Ellsbury,2019,-0.4482408981432092,0.25838912864184743,-0.6960294452477132,0.013788764163803771,-0.32021219832864145,12.72309408179597
Alex Avila,2019,-0.7991422237735203,-1.1773189479732136,2.433808869065457,0.6730276367557928,-1.0240653393704269,12.704287964139832
Francisco Cervelli,2019,0.06528717557146069,-0.524618912738575,-0.09622802475812361,-0.0670528487135292,-0.33581503459004186,12.688941706657456
Brian Anderson,2019,-0.9553644043780349,1.4381055859275298,0.7704684514261292,-0.37316886460108323,-0.3616244210193059,12.632711350257367
Lewis Brinson,2019,-0.5387719227659958,-0.30595118838365043,0.8356336000114115,0.7612610766292645,-1.2506143980273043,12.390589194991065
Whit Merrifield,2019,-0.023238726771097548,1.2821974803451668,0.23122684688291895,-1.2176889319614532,0.2119174996310144,12.363298287064005
Martin Maldonado,2019,0.1798501080147715,-0.2861323614028416,-0.6094035698672211,0.4749525676520813,-0.991086678933033,12.356125511099876
Ronald Guzman,2019,0.1381908598535676,-0.16061312385771873,-0.07667848018253903,-0.48120981138492597,-0.1322076527591773,12.338156013190524
J.J. Hardy,2019,0.05167007979123763,-0.3936502790267642,-0.353912415174982,0.040799000859764456,-0.5180841609530024,12.314548794020284
Joey Wendle,2019,-0.5908459829675007,0.6123211283938271,0.5749730056702825,-0.8053326517364542,0.1402247595497246,12.30784883243094
Conor Gillaspie,2019,0.6589314618686164,-1.6338125960978445,-0.2884652130847063,-0.5892507581687687,0.21191749963101478,12.206496414001435
Jake Marisnick,2019,1.2161239060247186,-1.3378514465177656,-0.7869785997621155,-0.547835061901629,-0.05621334827301061,12.187786899340352
Cameron Rupp,2019,0.0204256436703347,-0.3064474403112052,-0.08510617726069303,-0.6128487271824834,0.05832546930057053,12.175167887762159
Ryan Raburn,2019,0.6068574016671116,-1.2968925374240938,0.8030510257187703,-0.37316886460108323,-0.3042702289542746,12.164325405236609
Derek Norris,2019,1.3358942444881798,0.03757514595036995,0.15139953986594792,0.13102222039018185,-1.3939998781898846,12.159543421688166
Jason Castro,2019,-0.19828540917598578,-0.241045311274536,0.21302437751697295,-0.19148903472549741,-0.3675294067822932,12.148464762885157
Adam Engel,2019,0.7943240183925291,-0.18109257840455456,-1.2757172141517312,0.7810685835396356,-1.5115759719231996,12.143755705371483
Josh Bell,2019,-0.44503861440328696,0.9366892633130655,-0.004996816738728566,-0.7855251448260825,0.03268564942778987,12.131281315880354
Nomar Mazara,2019,-1.0438903067205931,0.7325553454107343,0.2735841934633525,-0.600054852847153,0.06996587427006046,12.025904405966479
Adrian Gonzalez,2019,-0.22952984529688875,-0.03889327607028553,-0.08999356340458892,-0.31573612352691627,-0.2599902966603579,12.017703254007346
Matt Wieters,2019,1.0234498832791505,-0.6858120388491536,-0.23307483678721608,-0.07785694339191337,-0.8132886835314341,11.95070006856363
Domingo Santana,2019,-1.1324162090631513,-0.6679750945664258,1.0441620754843146,-0.5172234603128736,0.26066856288629237,11.897565382294196
Jake Cave,2019,-0.8512162839750251,-0.9467599274298037,0.6727207285482059,-0.8953667740563231,0.6850895841675292,11.887742033667521
Jose Martinez,2019,-0.9553644043780347,0.34873072954906914,0.9838843130429284,-1.3185271489597064,0.7180682446049232,11.876319571660348
Peter Bourjos,2019,-0.13579653693417995,-0.6314762027964705,-0.6911420591038172,-0.05103580390650188,-0.33741845594815134,11.7775666459012
Jeremy Hazelbaker,2019,0.19026492005507248,-1.5082933585527216,-0.40250422310895023,-1.075435018696061,0.7854594202813355,11.764737142912736
Dustin Pedroia,2019,-0.7294408232313355,0.5081063486000392,-0.44677275190900895,-0.4831995910418725,-0.04061051201160991,11.748704156477611
Matt Szczur,2019,0.48909218548387856,-0.9267767248105228,-1.194542831925122,-0.0834480879416547,-0.41484661523594446,11.613790594306671
Odubel Herrera,2019,0.10694642373266466,0.927440477388688,-1.138870402122639,-0.9457858825554493,0.06279660026193119,11.588025875344792
Kennys Vargas,2019,-0.6429200431690056,-1.2440423321419367,-0.8097864017669643,-0.3011415667451881,0.2692716916960469,11.512483742385815
Jose Reyes,2019,0.6537240558484659,-0.6970427074716121,-1.1046586991153655,0.24086384962042207,-0.9322986320663758,11.476958869753023
Travis d'Arnaud,2019,0.09853673397259202,-0.5006719447231321,-0.09976833569238126,-0.3481484075620691,-0.36322784237741607,11.40772732202885
Alex Gordon,2019,-0.7002015093906611,0.6697957266381728,0.2801007083218806,0.18144132888930906,-1.0140283557590464,11.347090004504864
Cody Asche,2019,0.7630795822716262,-1.5479310125143395,-0.027804618743577345,0.34710411395786733,-1.0785518218322079,11.298333720740473
Nick Ahmed,2019,-0.18987571941591314,0.23047839523024288,0.3517823717656913,-0.24351972846047193,-0.6856756061867373,11.2736983646227
Nicky Delmonico,2019,0.5547833414656066,-0.8873034464873772,-0.5979996688647969,0.004974449142366334,-0.748765217458273,11.216099000257433
Luke Maile,2019,-0.33047568195997634,-1.4620494289308343,0.13510825271962826,0.47315188520568385,-0.8491350535720792,11.163137300176029
Carlos Correa,2019,-0.4033793662420832,0.25624287030529447,-0.10111541090202025,-1.1780739181407114,0.3997524786439953,11.097483803582907
Kelly Johnson,2019,-0.3825497421614812,-0.7882093115833329,-0.6468735303037586,0.040988098070312916,-0.49067135316562827,10.924750887846972
Justin Morneau,2019,-0.7470681635720153,-1.5479310125143395,-0.8749515503522456,-0.1030664976414764,0.05419347145217637,10.838101139275611
David Fletcher,2019,-0.3825497421614812,-0.9599724787503431,-0.7283299660353615,0.47315188520568385,-0.8921506976208533,10.824817504753723
Melky Cabrera,2019,-1.2469791415064622,-0.13947304174485597,0.258922035031664,-0.4650036693673495,-0.011763849422610599,10.787419146689883
Kolten Wong,2019,-0.5179422986853939,-0.32180624996829754,-0.8961302236424631,-0.04184329446396559,-0.4777666599509965,10.767257383458293
Manuel Margot,2019,0.24754638627672784,0.46037678820762573,0.2703259360340885,-0.7999306043972615,-0.48350207915749943,10.67376737694007
Brandon Phillips,2019,-0.40137424396185484,0.5616171814482231,-0.7204663759671941,-0.7857142420366315,-0.07932459165550639,10.661422115518405
Erik Kratz,2019,0.398561160861092,-1.54132473685407,2.106353997424414,-0.12107332210545019,-1.0068590817509175,10.630145999754838
Adam Frazier,2019,-0.7574829756123163,-0.46053803883395955,-0.14021450005318956,-0.7783224150404933,0.19614509681313094,10.42109841765999
Robbie Grossman,2019,-0.012823914730796547,0.01577443627148019,-0.3422264606675641,-0.4902132236169129,-0.5236500136030219,10.350134408485772
Ezequiel Carrera,2019,-0.7606852593522384,-0.5343639505905071,-0.7693402374061558,-0.10505627729842323,-0.37183097118717034,10.347150074329422
Scott Kingery,2019,0.8672277026746359,0.20933831311738013,-1.119320857547054,-0.04904602424955503,-1.2506143980273043,10.33743278402268
Miguel Montero,2019,0.2235144784562037,-0.8078637629256695,-0.45166013805290506,-0.24010746077822637,-0.634226399884692,10.258187883772841
Colin Moran,2019,-0.8512162839750251,0.0838190755722573,-0.1255523416215007,-0.49921663584889975,-0.2612545849054997,10.228275606039219
Juan Lagares,2019,-0.9553644043780349,-1.1911921268597798,-0.6142909560111175,0.5811928319895265,-0.8634736015883372,10.21552499519095
Ronald Torreyes,2019,-0.90329034417653,-0.768390484602524,-2.6181192750085445,0.6532201298454218,-0.7200881214257568,10.156616791385435
Patrick Kivlehan,2019,0.398561160861092,-1.640418871758114,-0.060387193036218464,-0.4271893379930046,-0.37596296903556475,10.104888393791807
Jeff Francoeur,2019,-0.22632756155696657,-0.8014218629038721,-0.6631648174500792,-0.031039199785581246,-0.6770724773769835,10.044779274532615
Brandon Crawford,2019,-0.3929645542017822,0.9076216504078792,0.25240552017313567,-0.9367824703234622,-0.3573228566144293,10.038391863547439
Jake Smolinski,2019,-0.07010538095245193,-0.8806971708271075,-0.6794561045963998,0.3831177628858149,-1.150244561913498,10.002004472822264
Cesar Hernandez,2019,-0.8147644418339718,1.3727034568908607,-1.6031720857927745,-0.3425572630123278,-0.6082474468989437,9.935523407862917
Ketel Marte,2019,-0.7314459455115638,0.12411735709990196,-0.2037505199238398,-0.6954910225062141,-0.17522329680795146,9.926860852079805
Jose Iglesias,2019,-0.7991422237735202,0.15913061809933102,-1.1372412734080068,-0.03644124712477398,-0.6813740417818601,9.834533748696158
Aaron Altherr,2019,-0.11697203513380633,-0.8919278394495659,0.4234640352095014,-0.3785709119402755,-0.5924750440810607,9.827463458790163
Erick Aybar,2019,-0.8075519135335929,-0.14987870716281518,-1.1847680596373298,0.14343790030441506,-0.7847811540554015,9.738407804851395
Brett Wallace,2019,-0.90329034417653,-1.2968925374240938,0.21656468845123017,0.9773429701969499,-1.5373853583524641,9.697562354643104
Jose Osuna,2019,-0.9553644043780349,-1.4884745315719128,-0.630582243157438,-0.33715521567313567,0.03985492343591834,9.64341930868207
Gorkys Hernandez,2019,-0.1325942531942578,-0.21280270157384876,0.2084190448780704,-0.4001791012970439,-0.7702730394826598,9.629379308456734
Alexei Ramirez,2019,-0.9553644043780349,0.35467637764331184,-1.6406420462293114,0.6352133053814479,-1.3223071381085945,9.615213161857096
Hernan Perez,2019,0.12256864179311613,-0.4724293350224449,-0.06527457918011519,-0.7621162730229171,-0.3816983882420675,9.594857464050058
Albert Almora Jr.,2019,-0.872045908055627,-0.1328667660845863,-0.8863554513546702,-0.32274975610195655,-0.388867662250197,9.527993125712127
Nick Markakis,2019,-0.7054089154108114,1.5860861607175694,0.6694624711189421,-1.4607810622250992,-0.09062586351202948,9.518099219189635
Darwin Barney,2019,-0.4169964620223063,-0.4689618215538379,-0.9843852277375869,-0.1428706086727679,-0.6471310930993244,9.504606611503092
Alex Rodriguez,2019,-0.018031320750947044,-1.3827741210075988,-0.6957473917427204,0.31109046502991977,-1.0642132738159489,9.489978529890791
Brad Miller,2019,0.3569019126998881,-0.7776392705269015,1.101181580496436,-0.9854008963761915,-0.40320621026645453,9.482104131448082
Brock Holt,2019,-1.7937567736222635,-0.6488168951516438,-0.9841031742325939,0.1238194906045926,-0.32434419617703525,9.425969359960945
Ender Inciarte,2019,-0.7366533515317144,1.432820565399314,-0.9124215107887832,-0.7441094485589428,-0.5222161588013962,9.299642191811405
Kevin Kiermaier,2019,-0.6429200431690056,-0.4255247778345306,-0.3177895299480833,-0.4866118587241182,-0.39030151705182237,9.286227441752743
Buster Posey,2019,-0.5491867348062969,0.31900248907785583,0.2963919954682012,-1.0358200048753181,-0.2010326832372162,9.280818469535056
John Hicks,2019,0.19026492005507248,-0.9269411004489949,0.558681718523962,-0.9133735985202969,-0.3186087769705326,9.241174926539827
Willy Adames,2019,-0.90329034417653,-0.8542720681860291,0.2002734013049096,-0.48120981138492597,-0.2755931329217577,9.219818312977683
Sandy Leon,2019,0.4350130030021454,-1.063030379050549,-0.9010176097863589,0.40832731713537856,-1.491502004700439,9.117158803516835
Yunel Escobar,2019,-1.1981073650448795,0.08596533390881034,-0.4614349103406974,-0.5480241591121779,-0.26859342547011245,9.097127158315006
Tyler Saladino,2019,-0.27639649947824313,-0.6037298450233383,-0.9452861385864176,-0.0024173778537726343,-0.9138280862017238,9.08405469317459
Brett Gardner,2019,-0.5335645167458454,1.1963158967616616,-0.9270836692204716,-0.7675183203621091,-0.5709672220566734,9.028785627306014
Prince Fielder,2019,0.19026492005507248,-0.5437771121533568,-0.8097864017669643,0.13102222039018185,-1.3079685900923363,8.984433071818984
Carlos Asuaje,2019,0.4714648451431988,-1.3001956752542285,-0.013142460311889481,0.4947600745624524,-1.7295219017703214,8.956644557237837
James Loney,2019,0.034042739450557837,-0.5702022147944353,-0.630582243157438,-0.7333053538805591,-0.40464006506808003,8.882413864254461
Eduardo Nunez,2019,-0.6585422612294571,0.36788892896385106,-1.0362352931008192,-0.8935660916099255,-0.1608847487916941,8.871328141044767
Nick Williams,2019,-0.7054089154108114,-0.23658529395081937,-0.37806729238946934,-1.1834759654799034,0.20331437082125972,8.836273721540515
Ronny Rodriguez,2019,0.1381908598535676,-1.6272063204375748,0.26543854989019183,0.203049518246077,-1.2936300420760776,8.764036252101821
Alcides Escobar,2019,-0.4294163963428356,0.8138125360320505,-0.8179320453401242,-0.005829645536018627,-1.3667566369589936,8.75907640544759
Elias Diaz,2019,-0.2159127495166656,-1.31076571631066,-0.052241549463058534,-0.7477108134517377,-0.20963581204697102,8.743468288730142
Daniel Robertson,2019,-0.6012607950078017,-0.9124072939964017,0.16769082701226876,-0.4397941151177866,-0.5293854328095253,8.739314000357854
Yairo Munoz,2019,-1.736475307400608,-0.8146344142244113,0.5912642928166031,-0.4451961624569784,-0.17522329680795223,8.712779905985007
Alejandro De Aza,2019,0.5547833414656066,-1.2242235051611279,1.6827805316200797,-0.15708697103339778,-1.49436971430369,8.700351236460708
Melvin Upton Jr.,2019,-0.1221794411539568,0.5726834744322093,-0.5654170945721558,-1.147462316551955,-0.33294732498678986,8.59096427274569
Adonis Garcia,2019,-1.1636606451840543,0.7312340902786802,-0.5979996688647969,-0.8413463006644017,-0.2755931329217577,8.538321460741615
Dioner Navarro,2019,1.2317461240851701,-0.7816030359230632,-1.200777293278657,-0.1030664976414764,-1.4800311662874321,8.415419583629035
Bradley Zimmer,2019,-0.6949941033705105,-0.7948155872436025,0.004777955549063776,-0.4632029869209522,-0.5767026412631765,8.283330727784893
Phillip Ervin,2019,0.1381908598535676,-1.3563490183665203,0.18398211415858903,-0.9493872474482445,-0.3042702289542746,8.196969705448035
Russell Martin,2019,-0.5335645167458454,-0.5160307543802244,-0.4969936885576095,-0.06705284871352882,-1.061345564212698,8.182976488376694
Dustin Fowler,2019,0.398561160861092,-1.6470251474183837,0.9822551843282965,-0.4271893379930046,-1.0211976297671757,8.157619658156424
James McCann,2019,0.2110945441356744,-0.15532810332950303,0.5244700155166888,-0.6270650895431134,-1.097191934253343,8.145770411785222
Yolmer Sanchez,2019,-0.8564236899951756,1.1315743952910193,-1.0525265802471404,-0.78732582727248,-0.5867396248745568,8.118209254589114
Jean Segura,2019,-1.1792828632445058,1.0972217618576174,-1.0639304812495645,-1.2501012159966063,0.025516375419660467,8.08397448029545
Christian Bethancourt,2019,0.4506352210625969,-1.640418871758114,-0.9401166989375278,-0.3191483912091619,-0.8204579575395631,8.04048996858452
Wilmer Difo,2019,-0.5960533889876511,-0.15598873089553,-1.9387726010069777,0.010376496481557772,-0.9925205337346596,8.001111549965119
Nolan Reimold,2019,-0.07010538095245193,-1.4884745315719128,-1.3148163033029008,-0.06705284871352882,-0.8634736015883372,7.94577391235478
J.T. Riddle,2019,-0.913705156216831,-0.9632756165804779,-0.21352529221163172,-0.16428970081898756,-0.7860454423005439,7.928343118111813
Jonathan Villar,2019,-1.7625123375013605,0.3659070462657702,-0.24773699521890497,-0.44519616245697824,-0.5379885616192795,7.926722083455915
Pedro Severino,2019,0.5027092812641017,-1.5809623908156876,-1.8361374919851583,1.4635272307242413,-2.555422267506784,7.905888270335312
Chris Owings,2019,0.2058871381155239,-0.6904364318113424,0.38599407477296444,-0.5982541704007556,-1.0011236625444142,7.882482896317697
Jose Peraza,2019,0.013213115369955897,0.9148885536341756,-1.1763403625591762,-1.1654691410159295,-0.5351208520160279,7.816762518224456
Hyun Soo Kim,2019,-0.6825741690499811,-0.6334580854945515,-0.4272232073334242,-0.5264159697554093,-0.5955123202407958,7.797804923767058
Gerardo Parra,2019,-0.9501569983578844,-0.13815178661280203,0.09600916356845864,-0.8899647267171307,-0.3802645334404412,7.6995617831417364
Devon Travis,2019,-0.7939348177533697,-0.38390524117483193,-0.5589005797136276,-0.82874152353962,-0.3200426317721581,7.659935604987274
Ryan Rua,2019,-1.0595125247810446,-1.2110109538405887,-0.15813491591414183,-0.5532371092408211,-0.3616244210193059,7.504458149898457
Joe Panik,2019,-0.49190526858464145,0.04880581457282829,-0.7087804214597764,-0.562240521472808,-0.8864152784143495,7.361663829856668
Jeff Mathis,2019,0.38293894280064045,-1.5776592529855527,0.6466546691140931,0.34710411395786767,-1.9775787824515858,7.254834857323274
Jose Pirela,2019,-1.1220013970228504,-0.1189935871980201,0.1432538962927879,-0.7981299219508643,-0.5265177232062738,7.235680544272404
Austin Barnes,2019,-1.1949050813049573,-1.3682403145550057,-0.3731799062455732,0.23546180228123043,-1.0957580794517174,7.222869533676543
Desmond Jennings,2019,0.19026492005507248,-1.501687082892452,-1.1519034318396952,-0.15708697103339778,-1.0785518218322079,7.191468619880256
Eric Sogard,2019,-0.4346238023629861,-1.0128226840325,-1.1681947189860158,-0.4451961624569784,-0.6770724773769835,7.15536742782879
Dae-Ho Lee,2019,-1.5281790665945887,-0.8939097221476469,-1.119320857547054,-0.7693190028085066,0.03985492343591834,7.0751701556364655
Brett Eibner,2019,0.5547833414656066,-1.6139937691170356,-1.4614378876197858,-0.28313474228121427,-1.0355361777834338,7.064516962819866
Blake Swihart,2019,0.19026492005507248,-1.6206000447773052,-0.630582243157438,0.040988098070312916,-1.3939998781898846,6.981174074939116
Gordon Beckham,2019,0.9193017628761408,-1.1449481972378925,-0.40250422310895023,-0.6972917049526114,-1.121567465880981,6.957230021945714
Amed Rosario,2019,-0.7991422237735203,0.9228160844264993,-0.9401166989375278,-1.003407720840166,-0.6340568333282086,6.879046461765926
Andrew Knapp,2019,-0.44503861440328707,-1.5895505491740378,0.135108252719628,0.0679983347662743,-1.342381105331355,6.866573521679971
Addison Russell,2019,-0.05969056891215094,0.013131926007372362,-0.5670462232867879,-0.9709954368050129,-0.776008458689163,6.854266013043393
Eric Hosmer,2019,-2.163482601052948,1.4658519437006623,-0.07830760889717171,-1.5112001707242257,0.09003984149282124,6.740169737810465
Howie Kendrick,2019,-1.3387073275889427,-0.054748337654932616,-0.08510617726069276,-1.2773005499031156,-0.040610512011610145,6.719497007860706
Juan Uribe,2019,-0.1742535013554617,-1.277073710443285,-0.27217392593838574,-0.15708697103339778,-1.3366456861248517,6.436876372370666
David Freese,2019,-1.5698383147557924,-0.4294885432306923,0.20027340130490986,-1.3815510345836146,0.1416586143513507,6.388920318047907
Lorenzo Cain,2019,-1.3198828257885689,1.034462143085056,0.29965025289746533,-1.768697760559051,-0.03183781664537137,6.313223228534229
Adeiny Hechavarria,2019,-0.1742535013554617,-0.6646719567362909,0.31268328261452155,-0.9007688213955152,-0.9366001964712531,6.119613032465802
Andres Blanco,2019,-0.7991422237735203,-1.607387493456766,-1.00528184752281,-0.8053326517364542,-0.28993168093801575,5.956572570574195
Paulo Orlando,2019,-1.4240309461915788,0.20933831311738013,-0.7120386788890409,-1.147462316551955,-0.28993168093801575,5.896356396998897
Pablo Sandoval,2019,-0.5335645167458453,-1.2698068072169884,0.7883888672870815,-1.3095237367277193,-0.3329473249867896,5.890402730905647
Guillermo Heredia,2019,-0.3721349301211802,-0.5853966488130555,-1.388127095461343,-0.3191483912091619,-1.2147680279866582,5.870504161429723
Dixon Machado,2019,-0.6429200431690056,-1.4488368776102951,-0.23959135164574463,0.5271723585976053,-1.9388647028076893,5.856165786415392
Ben Gamel,2019,-0.9814014344787874,-0.5431164845873299,-1.0052818475228102,-0.7585149081301221,-0.6068135920973186,5.835454361633376
Carlos Perez,2019,0.9193017628761408,-1.065672889314657,-1.2496511547176186,-0.5172234603128736,-1.437015522238658,5.806492068958148
David Bote,2019,-1.5802531267960935,-1.6007812177964964,0.8356336000114115,-0.9133735985202969,-0.2469160368892424,5.7914082490627585
Billy Butler,2019,-1.0074384645795398,-1.1779795755392406,-0.1255523416215007,-1.2194896144078504,-0.1322076527591773,5.6953870655996095
Austin Jackson,2019,-0.6741644792899086,-0.7373409889992568,-0.33896820323830007,-0.8881640442707337,-0.7272573954338857,5.574839277066202
Jace Peterson,2019,-0.6272978251085541,-1.3173719919709295,-0.8733224216376138,0.022981273606339822,-1.4212431194207742,5.531619358260663
Caleb Joseph,2019,-0.09614241105320437,-1.1660882793507552,-1.316445432017533,-0.4956152709561049,-1.0986257890549687,5.390460092776744
Ben Revere,2019,-1.119996274742622,-0.43923358108262467,-1.2238671487884991,-0.5318180170946014,-0.8880186997724595,5.338519341232276
Cory Spangenberg,2019,-1.4032013221109767,-0.5034788306257121,0.03410227241244013,-0.7801230974868905,-0.7387282338468917,5.322269196701237
Nori Aoki,2019,-1.0731296205612677,-0.12609611478584454,-1.1554437427739526,-1.2340841711895787,-0.29870437630425484,5.302490082793209
Cameron Maybin,2019,-1.2521865475266127,-0.31586060187405485,-0.43671592611622306,-0.5316289198840525,-1.0369700325850588,5.261233132681911
Isiah Kiner-Falefa,2019,-1.840623427803618,-0.37201394498634666,-0.6794561045963998,-0.3191483912091619,-0.9781819857184008,5.152106386763563
Ichiro Suzuki,2019,-0.948151876077656,-0.643367498984956,-1.3069527132347338,-0.8721469994637057,-0.6127185778603051,4.989826516843724
Adam Eaton,2019,-1.3511272619094719,0.1221354744018211,-0.18420097534825472,-1.608437022829684,-0.13077379795755173,4.982091414709185
Greg Allen,2019,-1.1115865849825495,-1.065672889314657,0.4609339956460386,-0.49921663584889975,-1.178921657946014,4.811627715237215
Omar Narvaez,2019,-1.0751347428414961,-0.9143891766944825,-1.2431346398590906,-1.0844384309280475,-0.3286457605819128,4.754949787218532
Michael Bourn,2019,-1.2678087655870642,-0.25970725876176304,-1.2822337290102597,-0.7693190028085066,-0.7774423134907891,4.682169662199495
Alex Presley,2019,-1.8926974880051228,-1.2440423321419367,-1.526603036205068,-0.8593531251283756,-0.1322076527591773,4.5093706031602725
Chris Herrmann,2019,0.4506352210625969,-1.2968925374240938,0.15139953986594792,-1.0934418431600348,-1.150244561913498,4.502694605686898
Ian Desmond,2019,-1.9864307963678316,0.6519587823554448,-0.30149824280176246,-1.5346090425273917,-0.21393737645184818,4.41249655187913
Carlos Ruiz,2019,-0.22632756155696657,-1.4488368776102951,0.06994310413434601,-0.8593531251283756,-1.1072289178647239,4.274062109759093
Ryan Goins,2019,-0.22632756155696657,0.044181421610639565,-0.9401166989375278,-1.327530561191693,-0.9925205337346588,3.776568467110506
Chris Coghlan,2019,-0.5387719227659958,-1.0062164083722305,-0.7120386788890409,-0.4271893379930046,-1.5373853583524641,3.714744759461345
Billy Hamilton,2019,-0.24715718563756853,0.7741748820704328,-2.492676363981876,-0.9115729160738995,-1.3509842341411096,3.7096680235408144
Chase d'Arnaud,2019,0.1381908598535676,-1.2572548834624762,-1.1681947189860158,-0.8053326517364542,-1.2936300420760776,3.5890370983731614
Logan Forsythe,2019,-0.3981719602219327,-0.09455036725502249,0.23611423302681536,-0.9655933894658204,-1.550290051567096,3.452229090150233
Chris Johnson,2019,-0.9553644043780349,-1.2440423321419367,0.0373605298417049,-0.5532371092408211,-1.3796613301736267,3.4069590016225497
Bruce Maxwell,2019,-0.5908459829675007,-1.3167113644049027,0.2817298370365124,-0.8233394762004279,-1.3223071381085945,3.2033489194561255
Danny Santana,2019,-1.5281790665945887,-1.3497427427062507,-0.5654170945721558,-0.19310061996134534,-1.4226769742224,3.1853178199740633
DJ LeMahieu,2019,-1.3771642920102245,1.085991093235159,0.03736052984170424,-2.508778246028373,0.05419347145217629,3.147356331400262
Jonathan Lucroy,2019,-0.5491867348062967,0.124117357099902,-0.3943585795357901,-1.5075988058314311,-0.9882189693297819,2.9719257814077356
Rosell Herrera,2019,-2.1009937288111424,-0.9930038570516911,0.5912642928166031,-0.3011415667451881,-1.5517239063687223,2.535118975805135
Johnny Giavotella,2019,-1.1115865849825495,-0.5635959391341657,-1.2985250161565802,-1.327530561191693,-0.7057495734094988,2.3848114095689965
Clint Robinson,2019,0.398561160861092,-1.501687082892452,-0.6794561045963998,-1.1294554920879813,-1.3653227821573677,2.3833637815832116
Roberto Perez,2019,-0.29923124583907335,-1.5254696752694228,0.7427732632773839,-0.6468725964534843,-1.8528334147101406,2.3182497874651986
Jorge Alfaro,2019,-0.90329034417653,-0.4975331825314695,0.6890120156945264,-2.245878608854355,-0.2612545849054997,2.29373295372174
Leury Garcia,2019,-1.9343567361663268,-1.0702972822768457,-0.7381047383231534,-1.2230909793006453,-0.5035760463802608,2.079135361367369
Jarrod Dyson,2019,-0.6064682010279522,-1.0531209655601448,-2.1831419082017858,-0.21470880931811387,-1.8241563186776248,2.043236285312636
Mallex Smith,2019,-1.502142036493836,-0.1308848833865054,-1.4370009569003046,-1.5526158669913657,-0.5537609644371635,1.793005608461387
Cliff Pennington,2019,0.5547833414656066,-1.5545372881746091,-0.630582243157438,-1.327530561191693,-1.3653227821573677,1.7508655725161866
Hunter Pence,2019,-0.8720459080556271,-0.644853129755482,-0.5654170945721558,-1.4733858393498807,-0.9380340512728785,1.6484613295746424
Martin Prado,2019,-1.0074384645795398,-0.717522162018448,-0.6094035698672213,-1.22669234419344,-1.242011269217549,1.0639568233696863
Orlando Arcia,2019,-1.2417717354863118,-0.3085936986477583,-1.0720761248227246,-1.2428984862110166,-1.191826351160646,0.9418457716808764
Kevan Smith,2019,-1.8926974880051228,-1.0458540623338481,-1.770972343399876,-1.3095237367277193,-0.5336869972144032,0.8289478756417346
Delino DeShields,2019,-0.5700163588868987,-0.42420352270247663,-1.2431346398590901,-1.0898404782672395,-1.652093742482528,0.5313998503316419
Jon Jay,2019,-2.4030232779798704,0.43923670609476295,-0.2656574110798578,-1.5057981233850337,-0.9409017608761301,0.4221791920237852
Gregorio Petit,2019,-1.1115865849825495,-1.5148996342129912,-1.0704469961080922,-1.165469141015929,-1.1072289178647239,0.339405885215184
A.J. Pierzynski,2019,-0.6949941033705105,-1.277073710443285,-1.1844860061323363,-0.7693190028085066,-1.7381250305800768,0.3205180632558573
Miguel Rojas,2019,-1.0334754946802922,-0.14740057253717953,-1.5200865213465393,-1.613839070168876,-1.0412715969899362,0.15273175560898622
Allen Cordoba,2019,-0.4346238023629861,-1.4884745315719128,-1.656933333375632,-0.6792848804886377,-1.838494866693883,0.09131456073887634
Ryan McMahon,2019,-0.7470681635720153,-1.6536314230786533,0.06994310413434601,-1.9397625929668019,-0.7057495734094988,0.026709859184679274
Andrew Romine,2019,-1.371956885990074,-0.6891151766792886,-0.6631648174500792,-1.2915169122637455,-1.2792914940598195,-0.03558172877741228
Rajai Davis,2019,-0.5127348926652433,-1.0795460682012232,-1.3066706597297402,-1.100644572945624,-1.6262843560532638,-0.19403122056613675
Joe Mauer,2019,-1.991638202387982,0.7279309524485454,1.2152205905206799,-2.643829429508176,-0.48493593395912504,-0.36503363544853684
Victor Caratini,2019,-1.5802531267960935,-1.6668439743991927,-0.8586602632059259,-0.5712439337047949,-1.7381250305800768,-0.5940840239668805
JB Shuck,2019,-0.6429200431690056,-1.3959866723281382,-1.917593927716761,-0.7693190028085066,-1.809817770661367,-0.6461963132632604
Ramon Flores,2019,-0.90329034417653,-1.0788854406351962,-1.1681947189860158,-0.37316886460108323,-2.3546825952791717,-0.6832821547928596
Gregor Blanco,2019,-0.44503861440328707,-1.4950808072321822,-0.8830971939254066,-1.435571507975536,-1.3882644589833806,-0.7214655759169961
Dee Gordon,2019,-2.0957863227909916,0.9479199319355238,-2.396557769818585,-1.5922308808121075,-1.0011236625444142,-0.7640427259630993
Matt Duffy,2019,-1.887490081984972,0.32693001987017933,-0.637098758015966,-2.0279960328402735,-0.8878491332159756,-1.2059115771149944
Christian Vazquez,2019,-0.4137941782823842,-1.0603878687864412,-1.0264605208130266,-1.5310076776345967,-1.5187452459313284,-1.2148552484744268
Austin Romine,2019,-0.7366533515317144,-1.2632005315567185,-0.016400717741153314,-2.397135934351735,-0.651263090947718,-1.3229765334002845
Cristhian Adames,2019,-2.4655121502216764,-1.2968925374240938,-2.1293806606189283,-0.3191483912091619,-1.7668021266125928,-1.72033473053372
Tony Wolters,2019,-1.2521865475266125,-1.4528006430064568,-2.008825135736156,-0.771119685254904,-1.8485318503052632,-2.043070113543207
Shawn O'Malley,2019,-1.319882825788569,-1.4554431532705647,-2.3411673935210953,-1.003407720840166,-1.5230468103362063,-2.0625186473252253
Phil Gosselin,2019,-1.1636606451840543,-1.4025929479884078,-1.119320857547054,-2.191858135462435,-0.8204579575395631,-2.970938609546378
Rafael Ortega,2019,-1.5281790665945887,-1.6536314230786533,-1.9013026405704405,-0.8413463006644017,-1.9101876067751733,-3.2777016522307445
Victor Reyes,2019,-1.840623427803618,-1.54132473685407,0.16769082701226848,-1.1834759654799027,-1.9675417988402046,-3.7692293986426204
Travis Jankowski,2019,-2.429060308080623,-0.4393979567210968,-1.3490280063101738,-1.682265003131977,-1.2778576392581937,-3.8693733662458794
Tyler Goeddel,2019,-0.7470681635720153,-1.4422306019500255,-1.3473988775955419,-1.4355715079755358,-1.9245261547914305,-3.88129442079204
Greg Garcia,2019,-0.9814014344787872,-1.4191086371390815,-1.5151991352026433,-2.004587161037108,-1.524480665137832,-5.202082712154093
Ivan De Jesus,2019,-1.4240309461915788,-1.3827741210075988,-1.689515907668273,-1.8677352951109067,-1.6234166464500124,-5.897509375272728
Billy Burns,2019,-1.1636606451840543,-0.7948155872436025,-3.465266206617213,-1.6156397526152737,-1.8528334147101402,-6.002446188634027
Austin Slater,2019,-2.8300305716322107,-1.501687082892452,0.6401381542555648,-2.0658103642146184,-1.6951093865313027,-7.823309101381023
Tyler Holt,2019,-1.371956885990074,-1.6139937691170356,-1.9501765020094022,-2.083817188678592,-1.8528334147101402,-8.264964029429928
Kelby Tomlinson,2019,-1.6323271869975984,-1.5215059098732608,-2.2597109577894923,-2.9301379384853594,-1.5947395504174964,-11.503918512710948
