Season,Name,Team,G,AB,PA,H,1B,2B,3B,HR,R,RBI,BB,IBB,SO,HBP,SF,SH,GDP,SB,CS,AVG,BB%,K%,BB/K,OBP,SLG,OPS,ISO,BABIP,wRC,wRAA,wOBA,Spd,wRC+,wSB,UBR,wGDP,FB%+,BB%+,LD+%,GB%+,Hard%,Med%,Soft%,Oppo%,Cent%,Pull%,HR/FB,playerid,SS
2019,David Freese,Dodgers,79,162,186,51,27,13,0,11,35,29,23,0,44,1,0,0,7,0,0,0.315,12.40%,23.70%,0.52,0.403,0.599,1.002,0.284,0.374,39,15.3,0.415,1.9,162,-0.1,-1.6,-0.4,86,140,117,103,47.50%,42.40%,10.20%,39.80%,26.30%,33.90%,30.60%,9549,N
2019,Edwin Rios,Dodgers,28,47,56,13,6,2,1,4,10,8,9,0,21,0,0,0,1,0,0,0.277,16.10%,37.50%,0.43,0.393,0.617,1.01,0.34,0.409,12,4.5,0.413,4.1,161,0,-0.3,-0.1,76,181,124,108,57.70%,30.80%,11.50%,34.60%,26.90%,38.50%,57.10%,18316,N
2019,Howie Kendrick,Nationals,121,334,370,115,74,23,1,17,61,62,27,1,49,4,5,0,11,2,1,0.344,7.30%,13.20%,0.55,0.395,0.572,0.966,0.228,0.359,72,25.7,0.4,3.3,146,-0.3,-0.3,-1.3,93,82,86,113,45.50%,40.30%,14.10%,26.20%,39.70%,34.10%,17.90%,4229,N
2019,Anthony Rizzo,Cubs,146,512,613,150,91,29,3,27,89,94,71,3,86,27,3,0,15,5,2,0.293,11.60%,14.00%,0.83,0.405,0.52,0.924,0.227,0.306,114,37,0.39,4,141,-0.3,-5.2,0.1,90,131,117,100,37.30%,44.30%,18.40%,24.70%,32.40%,42.90%,19.90%,3473,N
2019,Freddie Freeman,Braves,158,597,692,176,102,34,2,38,113,121,87,11,127,6,2,0,17,6,3,0.295,12.60%,18.40%,0.69,0.389,0.549,0.938,0.255,0.318,127,40.2,0.387,3.8,138,-0.5,0.7,-0.3,96,142,127,89,46.80%,40.90%,12.30%,28.60%,30.90%,40.50%,23.60%,5361,Y
2019,Peter Alonso,Mets,161,597,693,155,70,30,2,53,103,120,72,6,183,21,3,0,13,1,0,0.26,10.40%,26.40%,0.39,0.358,0.583,0.941,0.323,0.28,126,38.5,0.384,2.7,143,-0.1,-2.1,0,117,117,83,95,42.00%,42.20%,15.80%,17.50%,36.70%,45.80%,30.60%,19251,N
2019,Josh Bell,Pirates,143,527,613,146,69,37,3,37,94,116,74,13,118,5,7,0,11,0,1,0.277,12.10%,19.20%,0.63,0.367,0.569,0.936,0.292,0.288,108,31,0.378,2.9,135,-0.7,-4.4,0.1,105,136,86,103,45.40%,41.40%,13.20%,24.30%,33.20%,42.60%,23.90%,13145,N
2019,Max Muncy,Dodgers,141,487,589,122,64,22,1,35,101,98,90,1,149,8,4,0,5,4,1,0.251,15.30%,25.30%,0.6,0.374,0.515,0.889,0.265,0.283,101,26.8,0.372,3.8,134,0,2.4,2.4,109,172,108,88,45.60%,43.00%,11.40%,23.70%,32.20%,44.20%,26.50%,13301,N
2019,Dominic Smith,Mets,89,177,197,50,29,10,0,11,35,25,19,0,44,1,0,0,5,1,2,0.282,9.60%,22.30%,0.43,0.355,0.525,0.881,0.243,0.32,33,8.2,0.368,2.9,133,-0.8,-0.3,-0.5,105,109,105,94,36.80%,47.40%,15.80%,26.30%,33.10%,40.60%,22.40%,15653,N
2019,Eric Thames,Brewers,149,396,459,98,48,23,2,25,67,61,51,4,140,10,2,0,0,3,2,0.247,11.10%,30.50%,0.36,0.346,0.505,0.851,0.258,0.313,71,13.4,0.354,4.1,116,-0.5,0.6,2.5,130,125,95,78,48.80%,38.00%,13.20%,21.30%,35.70%,43.00%,21.00%,3711,N
2019,Yonder Alonso,Rockies,54,73,84,19,9,7,0,3,11,10,10,1,17,1,0,0,5,0,0,0.26,11.90%,20.20%,0.59,0.357,0.479,0.837,0.219,0.302,13,2.2,0.351,1.4,101,0,-1,-1.1,106,134,99,96,35.70%,42.90%,21.40%,16.10%,46.40%,37.50%,14.30%,2530,N
2019,Rhys Hoskins,Phillies,160,570,705,129,62,33,5,29,86,85,116,6,173,11,6,0,10,2,2,0.226,16.50%,24.50%,0.67,0.364,0.454,0.819,0.228,0.267,105,16.5,0.347,3.6,113,-0.9,-2.4,0.6,142,186,95,68,46.20%,38.20%,15.60%,19.40%,33.30%,47.40%,14.30%,16472,N
2019,Paul Goldschmidt,Cardinals,161,597,682,155,95,25,1,34,97,97,78,2,166,2,3,0,11,3,1,0.26,11.40%,24.30%,0.47,0.346,0.476,0.821,0.216,0.303,101,15.2,0.346,3.1,116,-0.2,1.9,1.5,111,129,102,90,47.50%,38.00%,14.50%,24.40%,37.60%,38.00%,19.90%,9218,N
2019,Christian Walker,Diamondbacks,152,529,603,137,81,26,1,29,86,73,67,6,155,6,1,0,11,8,1,0.259,11.10%,25.70%,0.43,0.348,0.476,0.825,0.217,0.312,89,13.4,0.346,4.2,112,0.8,2,-0.2,108,125,92,97,46.10%,39.70%,14.10%,24.00%,36.50%,39.50%,20.10%,13419,N
2019,Victor Caratini,Cubs,95,244,279,65,43,11,0,11,31,34,29,0,59,3,3,0,6,1,0,0.266,10.40%,21.10%,0.49,0.348,0.447,0.794,0.18,0.305,39,4.4,0.338,2.1,108,0,-0.9,-0.6,75,117,110,115,33.50%,52.10%,14.40%,28.20%,44.70%,27.10%,22.00%,14968,N
2019,Garrett Cooper,Marlins,107,381,421,107,75,16,1,15,52,50,33,0,110,5,2,0,10,0,0,0.281,7.80%,26.10%,0.3,0.344,0.446,0.791,0.165,0.357,59,6.1,0.337,2.1,111,-0.2,-2,-0.6,65,88,114,122,40.80%,40.40%,18.80%,32.40%,34.20%,33.50%,23.80%,15279,N
2019,Pablo Sandoval,Giants,108,272,296,73,36,23,0,14,42,41,18,2,67,1,3,2,8,1,0,0.268,6.10%,22.60%,0.27,0.313,0.507,0.82,0.239,0.304,41,4.2,0.336,2.9,110,0.1,-0.5,-0.2,91,69,95,110,41.40%,39.50%,19.10%,30.50%,40.00%,29.50%,20.90%,5409,N
2019,Seth Mejias-Brean,Padres,14,30,33,7,3,2,0,2,3,5,3,0,9,0,0,0,1,0,0,0.233,9.10%,27.30%,0.33,0.303,0.5,0.803,0.267,0.263,5,0.4,0.333,0.3,107,0,-0.1,-0.1,94,103,66,122,33.30%,42.90%,23.80%,23.80%,42.90%,33.30%,28.60%,13905,N
2019,Joey Votto,Reds,142,525,608,137,89,32,1,15,79,47,76,2,123,4,3,0,14,5,0,0.261,12.50%,20.20%,0.62,0.357,0.411,0.768,0.15,0.313,83,6.1,0.332,3.8,101,0.6,-3,-1.5,107,141,116,86,41.50%,48.40%,10.10%,25.90%,38.00%,36.10%,9.80%,4314,N
2019,Daniel Murphy,Rockies,132,438,478,122,73,35,1,13,56,78,32,1,74,2,4,0,10,1,1,0.279,6.70%,15.50%,0.43,0.328,0.452,0.78,0.174,0.307,63,3.2,0.328,2.5,86,-0.5,0.1,-0.4,102,76,111,93,30.40%,52.70%,16.90%,26.90%,34.20%,38.90%,9.80%,4316,N
2019,Matt Beaty,Dodgers,99,249,268,66,37,19,1,9,36,46,17,2,33,2,0,0,6,5,0,0.265,6.30%,12.30%,0.52,0.317,0.458,0.775,0.193,0.275,35,0.9,0.324,5.4,102,0.9,0,-0.8,93,72,87,112,40.30%,42.60%,17.10%,19.90%,34.70%,45.40%,12.70%,17710,N
2019,Kevin Cron,Diamondbacks,39,71,78,15,5,4,0,6,12,16,4,0,28,2,1,0,2,0,1,0.211,5.10%,35.90%,0.14,0.269,0.521,0.79,0.31,0.237,10,0.1,0.321,3.5,96,-0.5,0.2,-0.2,103,58,136,80,45.50%,38.60%,15.90%,29.60%,25.00%,45.50%,37.50%,16211,N
2019,Jose Osuna,Pirates,95,261,285,69,39,20,0,10,41,36,18,0,48,1,4,0,6,0,0,0.264,6.30%,16.80%,0.38,0.31,0.456,0.766,0.192,0.285,36,-0.1,0.32,2,97,-0.1,-0.8,-0.4,90,71,96,111,34.10%,47.00%,18.90%,27.70%,34.60%,37.80%,14.50%,12937,N
2019,Neil Walker,Marlins,115,337,381,88,60,19,1,8,37,38,42,1,77,1,1,0,8,3,0,0.261,11.00%,20.20%,0.55,0.344,0.395,0.738,0.134,0.316,48,-0.2,0.319,3.5,99,0.4,-1.4,0,88,124,125,97,37.60%,46.40%,16.10%,24.90%,36.00%,39.10%,9.90%,7539,N
2019,Brandon Belt,Giants,156,526,616,123,71,32,3,17,76,57,83,3,127,3,4,0,6,4,3,0.234,13.50%,20.60%,0.65,0.339,0.403,0.742,0.169,0.275,77,-0.4,0.319,3.6,99,-0.8,-2.7,1.9,137,152,106,66,40.70%,45.70%,13.70%,25.80%,32.80%,41.40%,8.80%,10264,N
2019,Ryan Zimmerman,Nationals,52,171,190,44,29,9,0,6,20,27,17,0,39,0,2,0,4,0,0,0.257,8.90%,20.50%,0.44,0.321,0.415,0.736,0.158,0.297,23,-1.1,0.313,1.1,89,-0.1,0.9,-0.1,93,101,93,110,41.00%,42.50%,16.40%,26.10%,28.40%,45.50%,13.60%,4220,N
2019,Eric Hosmer,Padres,160,619,667,164,111,29,2,22,72,99,40,3,163,3,5,0,12,0,3,0.265,6.00%,24.40%,0.25,0.31,0.425,0.735,0.16,0.323,78,-6.2,0.309,2.3,91,-1.6,-3.3,-0.3,65,68,96,131,40.10%,41.70%,18.20%,27.10%,39.90%,33.00%,20.80%,3516,N
2019,Matt Adams,Nationals,111,310,333,70,36,14,0,20,42,56,20,1,115,2,1,0,7,0,0,0.226,6.00%,34.50%,0.17,0.276,0.465,0.741,0.239,0.284,38,-3.9,0.306,1.5,84,-0.1,-0.8,-0.3,127,68,109,73,38.80%,42.40%,18.90%,20.40%,28.10%,51.50%,22.70%,9393,N
2019,Jesus Aguilar,Brewers,94,222,262,50,33,9,0,8,26,34,31,0,59,2,4,0,11,0,0,0.225,11.80%,22.50%,0.53,0.32,0.374,0.694,0.149,0.264,29,-4.2,0.301,1.1,82,-0.1,0.2,-1.2,108,134,97,95,41.30%,42.50%,16.20%,25.20%,35.30%,39.50%,12.50%,11342,N
2019,Jake Lamb,Diamondbacks,78,187,226,36,20,8,2,6,26,30,32,1,55,5,2,0,4,1,0,0.193,14.20%,24.30%,0.58,0.323,0.353,0.676,0.16,0.234,24,-4.5,0.297,4.8,80,0.1,1.1,0.3,108,160,104,91,53.00%,35.80%,11.20%,20.90%,39.60%,39.60%,11.80%,13329,N
2019,Tyler Austin,- - -,87,150,174,28,14,4,1,9,29,24,23,1,64,0,1,0,2,2,0,0.187,13.20%,36.80%,0.36,0.293,0.407,0.7,0.22,0.244,18,-3.6,0.296,6.2,83,0.3,2.5,0.5,121,149,70,98,42.50%,47.10%,10.30%,32.20%,32.20%,35.60%,24.30%,11850,N
2019,Logan Morrison,Phillies,29,35,38,7,4,1,0,2,5,3,3,0,10,0,0,0,1,0,0,0.2,7.90%,26.30%,0.3,0.263,0.4,0.663,0.2,0.217,3,-1.3,0.28,1.9,69,0,-0.2,-0.1,135,89,55,93,36.00%,44.00%,20.00%,16.00%,52.00%,32.00%,16.70%,9205,N
2019,Rangel Ravelo,Cardinals,29,39,43,8,4,2,0,2,4,7,3,0,12,0,1,0,1,0,0,0.205,7.00%,27.90%,0.25,0.256,0.41,0.666,0.205,0.231,4,-1.6,0.276,0.9,70,0,-0.5,-0.2,71,79,115,117,39.30%,57.10%,3.60%,17.90%,35.70%,46.40%,28.60%,10839,N
2019,Mark Reynolds,Rockies,78,135,162,23,12,7,0,4,13,20,22,0,57,2,3,0,3,2,0,0.17,13.60%,35.20%,0.39,0.29,0.311,0.601,0.141,0.247,13,-7.3,0.268,3.2,47,0.3,-1.2,0,122,153,102,81,38.30%,40.70%,21.00%,23.50%,29.60%,46.90%,11.40%,7619,N
2019,Josh Fuentes,Rockies,24,55,56,12,8,1,0,3,8,7,1,0,20,0,0,0,0,1,0,0.218,1.80%,35.70%,0.05,0.232,0.4,0.632,0.182,0.281,4,-2.8,0.262,5.6,43,0.2,0.3,0.1,97,20,92,107,25.70%,65.70%,8.60%,17.10%,31.40%,51.40%,25.00%,16885,N
2019,Martin Prado,Marlins,104,245,260,57,46,9,0,2,26,15,12,0,41,0,3,0,10,0,0,0.233,4.60%,15.80%,0.29,0.265,0.294,0.559,0.061,0.268,15,-17.3,0.243,1.8,49,-0.1,-0.8,-1.4,80,52,100,116,35.80%,47.30%,16.90%,29.50%,35.30%,35.30%,3.40%,3312,N
2019,Aramis Garcia,Giants,18,42,46,6,3,1,0,2,5,5,4,1,21,0,0,0,1,0,0,0.143,8.70%,45.70%,0.19,0.217,0.31,0.527,0.167,0.211,2,-4.1,0.217,1.9,32,0,-0.1,0.1,121,98,154,56,23.80%,61.90%,14.30%,38.10%,23.80%,38.10%,22.20%,16925,N
2019,Jake Noll,Nationals,8,12,13,2,1,1,0,0,1,2,1,0,4,0,0,0,0,0,0,0.167,7.70%,30.80%,0.25,0.231,0.25,0.481,0.083,0.25,0,-1.2,0.214,1.6,24,0,0.1,0.1,71,87,58,146,12.50%,25.00%,62.50%,37.50%,0.00%,62.50%,0.00%,19703,N
2019,Tyler White,Dodgers,12,22,26,1,1,0,0,0,2,2,4,0,4,0,0,0,0,0,0,0.045,15.40%,15.40%,1,0.192,0.045,0.238,0,0.056,-1,-4.1,0.14,2,-18,0,-0.1,0.1,94,174,26,143,27.80%,50.00%,22.20%,11.10%,33.30%,55.60%,0.00%,15564,N
2019,Chris Shaw,Giants,16,18,20,1,1,0,0,0,0,0,2,0,8,0,0,0,0,0,0,0.056,10.00%,40.00%,0.25,0.15,0.056,0.206,0,0.1,-1,-3.6,0.113,0.1,-36,0,0,0.2,85,113,46,140,50.00%,50.00%,0.00%,10.00%,20.00%,70.00%,0.00%,17738,N
2018,Ryder Jones,Giants,5,8,8,3,1,0,0,2,2,3,0,0,5,0,0,0,0,0,0,0.375,0.00%,62.50%,0,0.375,1.125,1.5,0.75,1,3,2,0.618,0.1,302,0,0,0,96,0,305,0,66.70%,33.30%,0.00%,0.00%,66.70%,33.30%,200.00%,15982,N
2018,Max Muncy,Dodgers,137,395,481,104,50,17,2,35,75,79,79,6,131,5,2,0,4,3,0,0.263,16.40%,27.20%,0.6,0.391,0.582,0.973,0.319,0.299,92,36.2,0.407,4,162,0.3,1,1.8,129,183,95,79,47.40%,40.20%,12.40%,24.10%,31.20%,44.70%,29.40%,13301,N
2018,Paul Goldschmidt,Diamondbacks,158,593,690,172,99,35,5,33,95,83,90,11,173,6,0,0,7,7,4,0.29,13.00%,25.10%,0.52,0.389,0.533,0.922,0.243,0.359,123,42.4,0.39,4.2,146,-0.7,0.8,2.4,104,145,114,89,46.20%,36.90%,16.90%,25.70%,36.40%,37.90%,21.60%,9218,Y
2018,Freddie Freeman,Braves,162,618,707,191,120,44,4,23,94,98,76,12,132,7,6,0,11,10,3,0.309,10.70%,18.70%,0.58,0.388,0.505,0.892,0.196,0.358,119,36.4,0.378,4.5,137,0.3,0.6,0.4,90,120,148,84,41.90%,47.20%,11.00%,25.80%,31.10%,43.10%,14.90%,5361,N
2018,Matt Carpenter,Cardinals,156,564,677,145,67,42,0,36,111,81,102,17,158,6,4,0,0,4,1,0.257,15.10%,23.30%,0.65,0.374,0.523,0.897,0.266,0.291,113,33.5,0.375,3.1,140,0,-1.5,2.8,134,168,122,61,49.00%,41.70%,9.30%,22.40%,29.30%,48.30%,19.10%,8090,N
2018,Jesus Aguilar,Brewers,149,492,566,135,75,25,0,35,80,108,58,3,143,6,10,0,19,0,0,0.274,10.20%,25.30%,0.41,0.352,0.539,0.89,0.264,0.309,93,27.3,0.374,1.3,134,-0.3,-2.4,-0.9,117,114,108,82,44.00%,40.70%,15.30%,23.10%,33.40%,43.50%,23.80%,11342,N
2018,Lucas Duda,Braves,20,18,22,4,1,2,0,1,1,2,4,0,7,0,0,0,1,0,0,0.222,18.20%,31.80%,0.57,0.364,0.5,0.864,0.278,0.3,4,1,0.371,0.1,132,0,-0.9,-0.3,104,203,166,63,45.50%,18.20%,36.40%,27.30%,9.10%,63.60%,25.00%,2502,N
2018,Joey Votto,Reds,145,503,623,143,101,28,2,12,67,67,108,6,101,9,3,0,15,2,0,0.284,17.30%,16.20%,1.07,0.417,0.419,0.837,0.135,0.333,101,27.9,0.37,2.7,130,-0.1,-3,-0.7,89,193,144,87,41.00%,49.90%,9.10%,30.90%,33.80%,35.30%,9.50%,4314,N
2018,Peter O'Brien,Marlins,22,66,74,18,9,5,0,4,8,10,7,0,22,0,1,0,2,0,0,0.273,9.50%,29.70%,0.32,0.338,0.53,0.868,0.258,0.341,12,3.1,0.366,0.7,135,0,-0.2,-0.2,108,105,132,77,46.70%,44.40%,8.90%,17.80%,35.60%,46.70%,23.50%,13288,N
2018,Anthony Rizzo,Cubs,153,566,665,160,105,29,1,25,74,101,70,15,80,20,9,0,11,6,4,0.283,10.50%,12.00%,0.88,0.376,0.47,0.846,0.187,0.287,102,23.9,0.359,2.6,126,-0.9,-5.7,0.8,107,117,113,88,34.10%,49.30%,16.60%,20.20%,34.60%,45.30%,13.60%,3473,N
2018,David Freese,- - -,113,280,312,83,58,12,2,11,38,51,24,1,72,5,3,0,10,0,0,0.296,7.70%,23.10%,0.33,0.359,0.471,0.83,0.175,0.36,47,10.7,0.357,2.5,126,-0.2,-0.9,-0.2,75,86,102,119,36.00%,47.90%,16.10%,30.30%,33.70%,36.00%,20.00%,9549,N
2018,Jose Martinez,Cardinals,152,534,590,163,116,30,0,17,64,83,49,0,104,2,3,2,15,0,3,0.305,8.30%,17.60%,0.47,0.364,0.457,0.821,0.152,0.351,89,19.8,0.356,1.4,127,-1.6,0.1,-0.1,79,93,119,107,40.50%,45.50%,14.00%,34.70%,32.90%,32.40%,14.20%,7996,N
2018,Ryan Zimmerman,Nationals,85,288,323,76,40,21,2,13,33,51,30,1,55,3,2,0,10,1,1,0.264,9.30%,17.00%,0.55,0.337,0.486,0.824,0.222,0.284,47,9.6,0.351,2.8,118,-0.4,0.5,-0.7,96,103,80,113,39.60%,43.40%,17.00%,26.00%,42.60%,31.50%,16.50%,4220,N
2018,Cody Bellinger,Dodgers,162,557,632,145,85,28,7,25,84,76,69,9,151,3,3,0,7,14,1,0.26,10.90%,23.90%,0.46,0.343,0.47,0.814,0.21,0.313,90,15.7,0.345,6.3,120,2,0.8,1.3,115,122,91,92,40.10%,41.80%,18.10%,22.70%,32.00%,45.20%,15.20%,15998,N
2018,Mark Reynolds,Nationals,86,206,235,51,30,8,0,13,26,40,24,1,64,2,3,0,8,0,0,0.248,10.20%,27.20%,0.38,0.328,0.476,0.803,0.228,0.288,33,5.3,0.342,0.8,112,-0.1,-2.4,-1.4,119,114,82,94,35.90%,46.90%,17.20%,17.90%,33.80%,48.30%,21.70%,7619,N
2018,Aramis Garcia,Giants,19,63,65,18,13,1,0,4,8,9,2,0,31,0,0,0,1,0,0,0.286,3.10%,47.70%,0.06,0.308,0.492,0.8,0.206,0.5,9,1.4,0.341,1.1,118,0,-0.2,0.3,143,34,86,72,43.80%,40.60%,15.60%,18.80%,34.40%,46.90%,25.00%,16925,N
2018,Josh Bell,Pirates,148,501,583,131,84,31,4,12,74,62,77,2,104,0,5,0,12,2,5,0.261,13.20%,17.80%,0.74,0.357,0.411,0.768,0.15,0.305,78,9.9,0.336,3.3,111,-2,-1.4,0.1,93,147,87,112,33.80%,47.00%,19.20%,28.60%,37.60%,33.80%,9.20%,13145,N
2018,Matt Adams,- - -,121,306,337,73,42,10,0,21,42,57,27,3,73,4,0,0,6,0,0,0.239,8.00%,21.70%,0.37,0.309,0.477,0.786,0.239,0.245,45,5.2,0.334,1.2,107,-0.2,-1.9,0.4,128,89,94,80,39.10%,42.50%,18.50%,21.90%,30.00%,48.10%,20.20%,9393,N
2018,Carlos Santana,Phillies,161,560,679,128,74,28,2,24,82,86,110,6,93,1,8,0,12,2,1,0.229,16.20%,13.70%,1.18,0.352,0.414,0.766,0.186,0.231,90,10.3,0.333,2.7,108,-0.4,0.4,-0.1,125,180,73,93,32.80%,44.40%,22.70%,22.10%,29.90%,48.00%,11.60%,2396,N
2018,Luke Voit,Cardinals,8,11,13,2,1,0,0,1,2,3,2,0,4,0,0,0,0,0,0,0.182,15.40%,30.80%,0.5,0.308,0.455,0.762,0.273,0.167,2,0.2,0.33,1.6,109,0,0,0,123,171,65,99,42.90%,28.60%,28.60%,28.60%,14.30%,57.10%,33.30%,14811,N
2018,Eric Thames,Brewers,96,247,278,54,25,10,3,16,41,37,29,4,97,2,0,0,3,7,0,0.219,10.40%,34.90%,0.3,0.306,0.478,0.783,0.259,0.284,36,3.4,0.33,7.6,105,1.3,0,0.5,134,116,92,77,46.00%,42.00%,12.00%,22.00%,34.00%,44.00%,22.90%,3711,N
2018,Brandon Belt,Giants,112,399,456,101,67,18,2,14,50,46,49,6,107,6,2,0,2,4,0,0.253,10.70%,23.50%,0.46,0.342,0.414,0.756,0.16,0.311,58,4.4,0.327,4.1,108,0.5,0.7,2,135,120,132,55,41.50%,41.20%,17.40%,29.90%,30.30%,39.80%,10.30%,10264,N
2018,Justin Bour,- - -,141,423,501,96,62,13,1,20,49,59,73,6,124,2,3,0,10,2,0,0.227,14.60%,24.80%,0.59,0.341,0.404,0.746,0.177,0.27,63,4,0.324,2.4,106,0.1,-6.4,0.1,104,162,87,103,37.40%,39.70%,22.90%,21.90%,36.40%,41.70%,18.30%,9744,N
2018,Drew Butera,Rockies,10,14,16,3,2,0,0,1,2,3,2,0,2,0,0,0,0,0,0,0.214,12.50%,12.50%,1,0.313,0.429,0.741,0.214,0.182,2,0.1,0.323,1.1,87,0,0.1,0.1,119,139,0,135,33.30%,41.70%,25.00%,41.70%,16.70%,41.70%,20.00%,3411,N
2018,Wilmer Flores,Mets,126,386,429,103,67,25,0,11,43,51,29,1,42,5,9,0,8,0,0,0.267,6.80%,9.80%,0.69,0.319,0.417,0.736,0.15,0.269,51,0.5,0.316,1.2,102,-0.2,-4.2,0.2,128,75,88,83,32.90%,43.10%,24.10%,27.60%,32.80%,39.60%,7.00%,5827,N
2018,Ian Desmond,Rockies,160,555,619,131,80,21,8,22,82,88,53,0,146,6,4,1,17,20,6,0.236,8.60%,23.60%,0.36,0.307,0.422,0.729,0.186,0.279,73,0.2,0.315,7,82,1.2,0.8,-2,62,95,75,143,34.10%,44.40%,21.50%,29.20%,40.80%,30.00%,24.70%,6885,N
2018,Pablo Sandoval,Giants,92,230,252,57,37,10,1,9,22,40,19,2,52,2,1,0,9,0,0,0.248,7.50%,20.60%,0.37,0.31,0.417,0.727,0.17,0.282,29,-0.5,0.312,1.7,98,-0.1,-0.7,-1,85,84,92,116,40.80%,43.60%,15.60%,29.60%,36.90%,33.50%,17.00%,5409,N
2018,Eric Hosmer,Padres,157,613,677,155,104,31,2,18,72,69,62,10,142,1,1,0,18,7,4,0.253,9.20%,21.00%,0.44,0.322,0.398,0.72,0.145,0.302,76,-2.9,0.309,3.5,95,-0.6,-2.2,-1.4,56,102,91,140,34.50%,42.00%,23.50%,29.00%,39.20%,31.80%,19.40%,3516,N
2018,Ryan McMahon,Rockies,91,181,202,42,27,9,1,5,17,19,18,2,64,2,1,0,0,1,0,0.232,8.90%,31.70%,0.28,0.307,0.376,0.683,0.144,0.327,21,-3.1,0.296,3.5,69,0.1,0.7,0.8,86,99,110,107,33.90%,47.50%,18.60%,29.70%,40.70%,29.70%,14.30%,15112,N
2018,Taylor Davis,Cubs,5,5,6,2,2,0,0,0,0,2,0,0,1,0,1,0,0,0,0,0.4,0.00%,16.70%,0,0.333,0.4,0.733,0,0.4,1,-0.1,0.293,0.1,82,0,0,0.1,115,0,0,139,0.00%,80.00%,20.00%,60.00%,40.00%,0.00%,0.00%,12782,N
2018,Adrian Gonzalez,Mets,54,169,187,40,29,5,0,6,15,26,15,3,34,1,2,0,5,0,0,0.237,8.00%,18.20%,0.44,0.299,0.373,0.672,0.136,0.26,18,-4.1,0.288,0.7,83,-0.1,-1.2,-0.4,93,89,111,100,40.20%,47.50%,12.40%,22.60%,32.90%,44.50%,13.60%,1908,N
2018,Dominic Smith,Mets,56,143,149,32,15,11,1,5,14,11,4,0,47,2,0,0,2,0,0,0.224,2.70%,31.50%,0.09,0.255,0.42,0.675,0.196,0.297,14,-3.3,0.288,2.8,83,-0.1,0.1,0.2,113,30,119,79,30.20%,55.20%,14.60%,28.10%,31.30%,40.60%,13.20%,15653,N
2018,Austin Slater,Giants,74,199,225,50,42,6,1,1,21,23,20,2,69,5,1,0,5,7,0,0.251,8.90%,30.70%,0.29,0.333,0.307,0.64,0.055,0.377,21,-5,0.287,5.6,82,1.2,-0.1,-0.3,46,99,95,146,37.40%,42.00%,20.60%,35.90%,35.10%,29.00%,4.80%,16153,N
2018,Miguel Rojas,Marlins,153,488,528,123,99,13,0,11,44,53,24,2,69,9,4,2,23,6,3,0.252,4.50%,13.10%,0.35,0.297,0.346,0.643,0.094,0.272,47,-14.3,0.282,2.7,78,-0.3,-1.6,-3.2,84,51,109,109,26.80%,53.20%,20.00%,29.70%,37.70%,32.70%,8.90%,7802,N
2018,Jose Osuna,Pirates,51,106,111,24,12,9,0,3,14,11,3,0,22,1,1,0,2,0,0,0.226,2.70%,19.80%,0.14,0.252,0.396,0.648,0.17,0.256,9,-3.5,0.276,2.4,72,0,0,0.1,84,30,108,109,31.80%,48.20%,20.00%,35.30%,30.60%,34.10%,12.00%,12937,N
2018,Victor Caratini,Cubs,76,181,200,42,33,7,0,2,21,21,12,0,42,4,1,2,5,0,0,0.232,6.00%,21.00%,0.29,0.293,0.304,0.597,0.072,0.29,16,-7.7,0.268,1.8,65,-0.1,1.5,-0.6,70,67,105,122,28.20%,51.40%,20.40%,21.10%,41.60%,37.30%,5.90%,14968,N
2018,Christian Walker,Diamondbacks,37,49,53,8,3,2,0,3,6,6,3,0,22,1,0,0,1,1,0,0.163,5.70%,41.50%,0.14,0.226,0.388,0.614,0.224,0.208,4,-2.2,0.264,5.1,62,0.2,0.1,-0.2,149,63,51,86,22.20%,59.30%,18.50%,37.00%,29.60%,33.30%,21.40%,13419,N
2018,Garrett Cooper,Marlins,14,33,38,7,6,1,0,0,2,2,4,0,12,1,0,0,1,0,0,0.212,10.50%,31.60%,0.33,0.316,0.242,0.558,0.03,0.333,3,-1.6,0.263,0.7,66,0,0.1,-0.2,27,117,109,154,14.30%,66.70%,19.10%,42.90%,33.30%,23.80%,0.00%,15279,N
2018,Brandon Dixon,Reds,74,118,124,21,10,6,0,5,14,10,6,0,43,0,0,0,2,0,0,0.178,4.80%,34.70%,0.14,0.218,0.356,0.574,0.178,0.229,8,-6.9,0.247,2.1,48,0,0.3,0.1,101,54,99,100,38.70%,45.30%,16.00%,24.00%,32.00%,44.00%,19.20%,15214,N
2018,Tomas Telis,Marlins,23,29,31,6,5,1,0,0,2,1,2,0,8,0,0,0,1,0,0,0.207,6.50%,25.80%,0.25,0.258,0.241,0.499,0.034,0.286,1,-2.2,0.227,1.1,41,0,0.3,-0.3,123,72,65,99,14.30%,57.10%,28.60%,47.60%,33.30%,19.10%,0.00%,10067,N
2018,Pat Valaika,Rockies,68,122,133,19,12,5,0,2,8,5,9,0,30,0,0,2,4,0,0,0.156,6.80%,22.60%,0.3,0.214,0.246,0.46,0.09,0.189,4,-11.7,0.207,1,9,-0.1,-0.2,-0.5,118,75,92,90,19.20%,59.60%,21.30%,23.40%,35.10%,41.50%,5.40%,14885,N
2018,Efren Navarro,Cubs,4,6,6,1,1,0,0,0,0,0,0,0,4,0,0,0,0,0,0,0.167,0.00%,66.70%,0,0.167,0.167,0.333,0,0.5,0,-0.8,0.147,0.1,-16,0,0,0,143,0,0,116,0.00%,50.00%,50.00%,100.00%,0.00%,0.00%,0.00%,9854,N
2017,Christian Walker,Diamondbacks,11,12,15,3,0,1,0,2,2,2,1,0,5,2,0,0,0,0,0,0.25,6.70%,33.30%,0.2,0.4,0.833,1.233,0.583,0.2,4,2.1,0.489,0.1,200,0,-0.1,0,162,74,70,65,57.10%,28.60%,14.30%,42.90%,28.60%,28.60%,50.00%,13419,N
2017,Joey Votto,Reds,162,559,707,179,108,34,1,36,106,100,134,20,83,8,6,0,16,5,1,0.32,19.00%,11.70%,1.61,0.454,0.578,1.032,0.258,0.321,150,64,0.428,2.8,163,0,-10.1,0.5,108,211,112,88,36.30%,53.30%,10.40%,30.30%,31.10%,38.60%,19.70%,4314,N
2017,Rhys Hoskins,Phillies,50,170,212,44,19,7,0,18,37,48,37,1,46,3,2,0,2,2,0,0.259,17.50%,21.70%,0.8,0.396,0.618,1.014,0.359,0.241,43,17.2,0.417,3.4,158,0.3,0.6,1,128,194,116,70,46.00%,41.30%,12.70%,22.20%,28.60%,49.20%,31.60%,16472,N
2017,Freddie Freeman,Braves,117,440,514,135,70,35,2,28,84,71,65,14,95,7,2,0,9,8,5,0.307,12.60%,18.50%,0.68,0.403,0.586,0.989,0.28,0.335,100,37.3,0.407,4.3,150,-0.8,1.1,0.5,115,141,119,79,37.50%,50.10%,12.40%,28.50%,32.90%,38.60%,19.90%,5361,N
2017,Paul Goldschmidt,Diamondbacks,155,558,665,166,93,34,3,36,117,120,94,15,147,8,4,0,14,18,5,0.297,14.10%,22.10%,0.64,0.404,0.563,0.966,0.265,0.343,126,44.6,0.4,5.6,142,1,1.5,0.8,99,157,92,105,44.30%,44.30%,11.30%,23.60%,36.90%,39.50%,24.80%,9218,Y
2017,Ryan Zimmerman,Nationals,144,524,576,159,90,33,0,36,90,108,44,1,126,3,5,0,16,1,0,0.303,7.60%,21.90%,0.35,0.358,0.573,0.93,0.269,0.335,103,32.4,0.387,2.2,137,-0.1,2.4,-0.4,96,85,97,105,40.50%,45.40%,14.10%,29.00%,35.50%,35.50%,26.50%,4220,N
2017,Cody Bellinger,Dodgers,132,480,548,128,59,26,4,39,87,97,64,13,146,1,3,0,5,10,3,0.267,11.70%,26.60%,0.44,0.352,0.581,0.933,0.315,0.299,94,27.3,0.38,5.5,138,0.4,-0.6,2.2,134,130,86,80,43.00%,43.00%,14.00%,22.90%,34.70%,42.40%,25.20%,15998,N
2017,Anthony Rizzo,Cubs,157,572,691,156,89,32,3,32,99,109,91,11,90,24,4,0,21,10,4,0.273,13.20%,13.00%,1.01,0.392,0.507,0.899,0.234,0.273,119,34.3,0.38,4.4,134,-0.2,-3.5,-0.5,111,146,98,92,34.40%,45.90%,19.80%,21.80%,33.30%,44.90%,16.90%,3473,N
2017,Jose Martinez,Cardinals,106,272,307,84,56,13,1,14,47,46,32,2,60,0,2,1,9,4,0,0.309,10.40%,19.50%,0.53,0.379,0.518,0.897,0.21,0.35,52,15,0.379,4.6,136,0.6,0.2,-0.6,89,116,130,95,37.20%,45.10%,17.70%,29.30%,35.80%,34.90%,20.90%,7996,N
2017,Justin Bour,Marlins,108,377,429,109,66,18,0,25,52,83,47,7,95,1,4,0,10,1,0,0.289,11.00%,22.10%,0.49,0.366,0.536,0.902,0.247,0.322,72,19.4,0.374,1.6,134,-0.1,-4.7,0.3,95,122,112,98,38.80%,41.60%,19.60%,18.50%,34.30%,47.20%,26.00%,9744,N
2017,Eric Thames,Brewers,138,469,551,116,55,26,4,31,83,63,75,5,163,7,0,0,6,4,2,0.247,13.60%,29.60%,0.46,0.359,0.518,0.877,0.271,0.309,89,22.3,0.369,4.6,125,-0.4,-2.5,1.3,117,151,99,87,41.50%,42.50%,16.00%,26.50%,28.10%,45.40%,24.60%,3711,N
2017,Buster Posey,Giants,140,494,568,158,112,34,0,12,62,67,61,13,66,8,5,0,17,6,1,0.32,10.70%,11.60%,0.92,0.4,0.462,0.861,0.142,0.347,91,21.4,0.366,2.8,128,0.4,-1.1,-1.1,94,119,114,99,33.00%,52.90%,14.10%,23.60%,40.00%,36.50%,8.40%,9166,N
2017,Lucas Duda,Mets,75,252,291,62,24,21,0,17,30,37,37,4,73,2,0,0,6,0,0,0.246,12.70%,25.10%,0.51,0.347,0.532,0.879,0.286,0.278,46,10.9,0.365,0.5,130,-0.1,-4.3,0,127,141,117,71,44.10%,41.90%,14.00%,23.50%,30.70%,45.80%,21.30%,2502,N
2017,Adam Lind,Nationals,116,267,301,81,53,14,0,14,39,59,28,5,47,0,6,0,6,1,0,0.303,9.30%,15.60%,0.6,0.362,0.513,0.875,0.21,0.316,47,10.6,0.363,2.2,120,0,-0.9,-0.4,103,103,86,104,39.40%,46.90%,13.70%,25.20%,39.40%,35.40%,17.10%,8027,N
2017,Matt Carpenter,Cardinals,145,497,622,120,64,31,2,23,91,69,109,4,125,9,5,2,5,2,1,0.241,17.50%,20.10%,0.87,0.384,0.451,0.835,0.209,0.274,97,20.9,0.361,3.1,124,-0.5,-0.8,1.7,144,195,109,61,42.20%,45.70%,12.10%,21.40%,31.40%,47.20%,12.20%,8090,N
2017,Mark Reynolds,Rockies,148,520,593,139,86,22,1,30,82,97,69,0,175,1,3,0,12,2,1,0.267,11.60%,29.50%,0.39,0.352,0.487,0.839,0.219,0.343,91,18.3,0.357,2.7,105,-0.4,-2.7,0.4,103,129,105,95,34.50%,46.60%,19.00%,22.10%,33.90%,44.00%,23.80%,7619,N
2017,Brandon Belt,Giants,104,382,451,92,44,27,3,18,63,51,66,2,104,2,1,0,5,3,2,0.241,14.60%,23.10%,0.63,0.355,0.469,0.823,0.228,0.284,67,11.7,0.352,4.2,119,-0.5,-1.3,1,133,163,114,67,38.40%,47.70%,14.00%,22.90%,37.60%,39.40%,14.10%,10264,N
2017,Jesus Aguilar,Brewers,133,279,311,74,41,15,2,16,40,52,25,1,94,4,3,0,8,0,0,0.265,8.00%,30.20%,0.27,0.331,0.505,0.837,0.24,0.337,46,7.8,0.351,2.8,114,-0.2,0.1,-0.2,107,89,104,93,45.20%,39.40%,15.40%,16.50%,44.70%,38.80%,22.50%,11342,N
2017,Matt Adams,- - -,131,339,367,93,50,22,1,20,46,65,23,5,88,1,4,0,5,0,0,0.274,6.30%,24.00%,0.26,0.319,0.522,0.841,0.248,0.311,53,7.8,0.346,2,111,-0.2,0.3,0.6,121,70,90,88,37.30%,47.50%,15.30%,20.40%,32.90%,46.70%,18.30%,9393,N
2017,Josh Bell,Pirates,159,549,620,140,82,26,6,26,75,90,66,4,117,1,4,0,15,2,4,0.255,10.60%,18.90%,0.56,0.334,0.466,0.8,0.211,0.278,85,9.1,0.338,3.5,108,-1.7,-5,-0.1,89,118,86,116,32.60%,46.80%,20.60%,28.90%,29.60%,41.50%,19.10%,13145,N
2017,Wil Myers,Padres,155,567,649,138,76,29,3,30,80,74,70,3,180,5,7,0,15,20,6,0.243,10.80%,27.70%,0.39,0.328,0.464,0.792,0.22,0.297,87,7.8,0.335,5.3,107,1.1,-0.5,0,122,120,96,85,41.40%,39.10%,19.50%,20.80%,36.80%,42.40%,17.90%,10047,N
2017,Wilmer Flores,Mets,110,336,362,91,55,17,1,18,42,52,17,1,54,3,6,0,14,1,1,0.271,4.70%,14.90%,0.31,0.307,0.488,0.795,0.217,0.27,47,3.2,0.331,2.4,107,-0.4,-0.3,-1.9,130,52,90,81,35.40%,48.30%,16.30%,26.70%,33.00%,40.30%,13.60%,5827,N
2017,T.J. Rivera,Mets,73,214,231,62,43,13,1,5,27,27,9,0,32,5,2,1,4,1,0,0.29,3.90%,13.90%,0.28,0.33,0.43,0.76,0.14,0.318,29,1,0.326,3.6,104,0.1,0.4,0.6,113,43,122,80,29.70%,51.40%,18.90%,19.50%,36.80%,43.80%,6.80%,12495,N
2017,John Jaso,Pirates,126,256,302,54,25,19,0,10,28,35,40,2,66,5,1,0,5,1,1,0.211,13.20%,21.90%,0.61,0.328,0.402,0.73,0.191,0.243,36,-1,0.317,1.6,94,-0.4,1.8,0.4,134,147,94,76,36.10%,44.00%,19.90%,18.90%,34.00%,47.10%,11.10%,5887,N
2017,Luke Voit,Cardinals,62,114,124,28,15,9,0,4,18,18,7,0,31,3,0,0,4,0,0,0.246,5.60%,25.00%,0.23,0.306,0.43,0.736,0.184,0.304,15,-0.5,0.316,2.3,95,-0.1,0.9,-0.2,96,63,88,109,41.00%,51.80%,7.20%,19.30%,39.80%,41.00%,14.30%,14811,N
2017,Tommy Joseph,Phillies,142,495,533,119,69,27,1,22,51,69,33,1,129,2,3,0,21,1,0,0.24,6.20%,24.20%,0.26,0.289,0.432,0.721,0.192,0.28,58,-7,0.305,2.2,84,-0.1,-1.3,-3,111,69,94,94,35.00%,44.20%,20.90%,22.80%,33.10%,44.20%,15.30%,10349,N
2017,Ian Desmond,Rockies,95,339,373,93,74,11,1,7,47,40,24,1,87,4,4,2,13,15,4,0.274,6.40%,23.30%,0.28,0.326,0.375,0.701,0.1,0.345,40,-5.2,0.305,5.6,70,1.1,1,-1.4,59,72,80,142,27.10%,48.10%,24.80%,25.20%,38.80%,36.10%,13.20%,6885,N
2017,Victor Caratini,Cubs,31,59,66,15,11,3,0,1,6,2,4,1,13,3,0,0,3,0,0,0.254,6.10%,19.70%,0.31,0.333,0.356,0.689,0.102,0.311,7,-1.1,0.301,1.3,82,0,-0.2,-0.6,56,67,74,147,30.40%,45.70%,23.90%,28.30%,30.40%,41.30%,11.10%,14968,N
2017,Jose Osuna,Pirates,104,215,227,50,26,13,4,7,31,30,9,0,40,2,1,0,10,0,0,0.233,4.00%,17.60%,0.23,0.269,0.428,0.697,0.195,0.254,22,-5.3,0.293,4.9,78,-0.1,0.3,-1.5,82,44,89,119,29.60%,47.20%,23.30%,30.10%,31.30%,38.60%,13.70%,12937,N
2017,Tyler Moore,Marlins,104,187,203,43,23,14,0,6,17,30,10,0,56,1,4,1,7,0,0,0.23,4.90%,27.60%,0.18,0.267,0.401,0.668,0.171,0.287,18,-6.7,0.282,1,74,-0.1,0.8,-1.1,141,55,69,82,33.10%,53.70%,13.20%,25.70%,27.90%,46.30%,9.00%,7244,N
2017,Dominic Smith,Mets,49,167,183,33,18,6,0,9,17,26,14,0,49,1,1,0,5,0,0,0.198,7.70%,26.80%,0.29,0.262,0.395,0.658,0.198,0.218,16,-6.2,0.281,0.8,74,-0.1,-0.5,-0.5,95,85,78,114,37.00%,52.10%,10.90%,21.90%,39.50%,38.70%,22.50%,15653,N
2017,Adrian Gonzalez,Dodgers,71,231,252,56,36,17,0,3,14,30,16,1,43,0,4,0,7,0,1,0.242,6.30%,17.10%,0.37,0.287,0.355,0.642,0.113,0.28,21,-9.7,0.275,0.9,69,-0.6,-2.1,-0.9,105,71,107,93,32.30%,53.70%,14.10%,28.70%,34.40%,37.00%,4.20%,1908,N
2017,Tomas Telis,Marlins,48,104,111,25,17,5,3,0,13,9,3,0,10,3,1,0,1,0,0,0.24,2.70%,9.00%,0.3,0.279,0.346,0.625,0.106,0.263,9,-4.8,0.27,4.9,66,-0.1,-0.2,0.5,72,30,118,114,30.50%,49.50%,20.00%,32.60%,37.90%,29.50%,0.00%,10067,N
2017,Ryan McMahon,Rockies,17,19,24,3,2,1,0,0,2,1,5,0,5,0,0,0,1,0,0,0.158,20.80%,20.80%,1,0.333,0.211,0.544,0.053,0.214,2,-1.1,0.269,1.1,47,0,-0.1,0,41,232,0,194,21.40%,42.90%,35.70%,28.60%,21.40%,50.00%,0.00%,15112,N
2017,Brock Stassi,Phillies,51,78,90,13,8,2,1,2,6,7,12,0,22,0,0,0,3,0,0,0.167,13.30%,24.40%,0.55,0.278,0.295,0.573,0.128,0.204,6,-4.7,0.259,2.6,54,-0.1,-0.9,-0.2,117,148,96,89,30.40%,48.20%,21.40%,25.00%,42.90%,32.10%,8.70%,12244,N
2017,Michael Morse,Giants,24,36,40,7,5,1,0,1,1,3,3,0,14,0,1,0,1,0,0,0.194,7.50%,35.00%,0.21,0.25,0.306,0.556,0.111,0.273,2,-2.7,0.242,0.1,47,0,-0.1,0,74,83,106,118,34.80%,56.50%,8.70%,26.10%,34.80%,39.10%,16.70%,3035,N
2017,Scott Van Slyke,Dodgers,29,41,48,5,2,1,0,2,6,3,7,1,15,0,0,0,0,1,0,0.122,14.60%,31.30%,0.47,0.25,0.293,0.543,0.171,0.125,2,-3.4,0.236,5,44,0.2,-0.1,0.3,142,162,94,70,46.20%,30.80%,23.10%,23.10%,26.90%,50.00%,15.40%,4365,N
2017,Taylor Davis,Cubs,8,13,13,3,2,1,0,0,1,1,0,0,4,0,0,0,0,0,0,0.231,0.00%,30.80%,0,0.231,0.308,0.538,0.077,0.333,1,-1,0.23,1.6,35,0,0.1,0.1,63,0,54,151,0.00%,44.40%,55.60%,11.10%,22.20%,66.70%,0.00%,12782,N
2017,Ryder Jones,Giants,53,150,164,26,17,5,2,2,12,5,10,3,52,4,0,0,3,1,0,0.173,6.10%,31.70%,0.19,0.244,0.273,0.517,0.1,0.25,6,-13.6,0.223,5.3,35,0.1,0.3,0.3,135,68,70,86,28.60%,48.00%,23.50%,17.40%,34.70%,48.00%,4.30%,15982,N
2017,Rob Segedin,Dodgers,13,20,20,4,2,2,0,0,3,1,0,0,7,0,0,0,0,0,0,0.2,0.00%,35.00%,0,0.2,0.3,0.5,0.1,0.308,1,-1.9,0.211,2.6,27,0,0.1,0.1,22,0,150,139,15.40%,53.90%,30.80%,23.10%,23.10%,53.90%,0.00%,11446,N
2017,Chad Wallach,Reds,6,11,11,1,1,0,0,0,0,0,0,0,5,0,0,0,0,0,0,0.091,0.00%,45.50%,0,0.091,0.091,0.182,0,0.167,-1,-2.2,0.08,0.1,-66,0,0,0.1,142,0,81,75,16.70%,66.70%,16.70%,33.30%,33.30%,33.30%,0.00%,17161,N
2017,Cristhian Adames,Rockies,12,13,14,0,0,0,0,0,1,0,1,0,6,0,0,0,0,0,0,0,7.10%,42.90%,0.17,0.071,0,0.071,0,0,-1,-3.2,0.049,2.6,-97,0,0,0.1,203,79,70,32,14.30%,57.10%,28.60%,28.60%,57.10%,14.30%,0.00%,6013,N
2016,Joey Votto,Reds,158,556,677,181,116,34,2,29,101,97,108,15,120,5,8,0,16,8,1,0.326,16.00%,17.70%,0.9,0.434,0.55,0.985,0.225,0.366,133,53.1,0.413,3.9,158,0.7,-3.5,-0.2,87,185,128,96,38.70%,49.30%,11.90%,27.70%,35.40%,36.90%,22.00%,4314,N
2016,Freddie Freeman,Braves,158,589,693,178,95,43,6,34,102,91,89,18,171,10,5,0,12,6,1,0.302,12.80%,24.70%,0.52,0.4,0.569,0.968,0.267,0.37,129,47.7,0.402,4.8,152,0.4,-1.5,2,119,149,137,68,43.50%,44.00%,12.50%,29.80%,33.60%,36.60%,19.90%,5361,N
2016,Anthony Rizzo,Cubs,155,583,676,170,91,43,4,32,94,109,74,8,108,16,3,0,13,3,5,0.292,10.90%,16.00%,0.69,0.385,0.544,0.928,0.252,0.309,120,40.7,0.391,3.2,145,-1.8,-2.5,1.6,121,127,96,86,34.30%,49.00%,16.70%,21.80%,32.60%,45.60%,16.20%,3473,Y
2016,Paul Goldschmidt,Diamondbacks,158,579,705,172,112,33,3,24,106,95,110,15,150,7,8,0,14,32,5,0.297,15.60%,21.30%,0.73,0.411,0.489,0.899,0.192,0.358,120,37.1,0.382,5.7,133,3.9,1.2,0.1,85,181,117,104,37.50%,48.30%,14.20%,24.90%,35.90%,39.10%,19.00%,9218,N
2016,Matt Carpenter,Cardinals,129,473,566,128,65,36,6,21,81,68,81,6,108,5,4,3,4,0,4,0.271,14.30%,19.10%,0.75,0.38,0.505,0.885,0.235,0.307,93,26.6,0.375,4,136,-2,-2,0.9,127,166,124,68,41.90%,48.10%,10.00%,19.10%,32.80%,48.10%,13.30%,8090,N
2016,Brandon Belt,Giants,156,542,655,149,83,41,8,17,77,82,104,4,148,5,4,0,7,0,4,0.275,15.90%,22.60%,0.7,0.394,0.474,0.868,0.199,0.346,107,30.1,0.374,3.7,136,-2.1,-3.2,2.3,135,184,131,59,36.40%,47.00%,16.60%,30.40%,33.40%,36.20%,9.30%,10264,N
2016,Brandon Snyder,Braves,37,46,47,11,1,5,1,4,8,9,1,0,16,0,0,0,1,0,0,0.239,2.10%,34.00%,0.06,0.255,0.652,0.907,0.413,0.269,8,2,0.37,5.1,131,0,-1.2,0,107,25,94,97,50.00%,33.30%,16.70%,40.00%,20.00%,40.00%,36.40%,9856,N
2016,Sean Rodriguez,Pirates,140,300,342,81,46,16,1,18,49,56,33,2,102,5,3,1,6,2,1,0.27,9.60%,29.80%,0.32,0.349,0.51,0.859,0.24,0.344,53,12.7,0.363,3.5,128,-0.2,-1.6,0.6,105,112,115,89,43.10%,41.60%,15.40%,23.80%,34.70%,41.60%,25.00%,6589,N
2016,Mark Reynolds,Rockies,118,393,441,111,73,24,0,14,61,53,42,1,112,4,2,0,6,1,2,0.282,9.50%,25.40%,0.38,0.356,0.45,0.806,0.168,0.361,63,11.1,0.349,2.1,101,-0.9,-2.1,0.4,95,110,122,93,29.00%,50.50%,20.50%,27.60%,31.80%,40.60%,15.20%,7619,N
2016,Chris Carter,Brewers,160,549,644,122,53,27,1,41,84,94,76,1,206,9,10,0,18,3,1,0.222,11.80%,32.00%,0.37,0.321,0.499,0.821,0.277,0.26,91,14.9,0.346,2.9,113,-0.1,-3.1,-1.1,143,137,92,71,40.50%,45.00%,14.50%,23.00%,39.40%,37.70%,23.80%,9911,N
2016,Justin Bour,Marlins,90,280,321,74,46,12,1,15,35,51,38,9,56,0,3,0,8,0,0,0.264,11.80%,17.40%,0.68,0.349,0.475,0.824,0.211,0.278,45,6.7,0.343,1.6,118,-0.2,0,0,101,137,102,98,35.20%,49.30%,15.40%,24.70%,31.30%,44.10%,19.20%,9744,N
2016,Tommy Joseph,Phillies,107,315,347,81,45,15,0,21,47,47,22,0,75,4,6,0,11,1,1,0.257,6.30%,21.60%,0.29,0.308,0.505,0.813,0.248,0.267,48,6.7,0.342,2.2,112,-0.4,-0.5,-1.2,132,73,84,83,36.60%,43.10%,20.30%,20.30%,37.80%,41.90%,18.90%,10349,N
2016,Wil Myers,Padres,157,599,676,155,94,29,4,28,99,94,68,1,160,4,5,0,12,28,6,0.259,10.10%,23.70%,0.43,0.336,0.461,0.797,0.202,0.305,93,13,0.341,6.3,114,2.8,4.3,0.5,99,116,101,100,33.60%,49.80%,16.70%,23.90%,37.80%,38.30%,18.70%,10047,N
2016,Josh Bell,Pirates,45,128,152,35,24,8,0,3,18,19,21,0,19,0,3,0,4,0,1,0.273,13.80%,12.50%,1.11,0.368,0.406,0.775,0.133,0.294,21,2.7,0.339,1.7,112,-0.5,-0.7,-0.2,84,160,101,112,33.00%,44.60%,22.30%,42.90%,34.80%,22.30%,9.40%,13145,N
2016,Wilmer Flores,Mets,103,307,335,82,52,14,0,16,38,49,23,0,48,2,3,0,9,1,1,0.267,6.90%,14.30%,0.48,0.319,0.469,0.788,0.202,0.268,44,5,0.336,1.8,114,-0.4,-4.7,0.2,132,79,103,74,27.10%,52.70%,20.20%,23.30%,36.60%,40.10%,13.60%,5827,N
2016,John Jaso,Pirates,132,380,432,102,66,25,3,8,45,42,45,0,74,5,1,1,8,0,4,0.268,10.40%,17.10%,0.61,0.353,0.413,0.766,0.145,0.314,57,6.1,0.335,3,109,-1.9,-3.4,0.2,79,121,98,117,30.50%,45.80%,23.70%,16.20%,41.60%,42.20%,9.60%,5887,N
2016,Adrian Gonzalez,Dodgers,156,568,633,162,113,31,0,18,69,90,55,9,117,4,6,0,16,0,2,0.285,8.70%,18.50%,0.47,0.349,0.435,0.784,0.15,0.328,83,8.5,0.334,1.4,111,-1.2,-3,-0.7,81,101,124,103,32.80%,51.00%,16.20%,27.80%,34.10%,38.10%,14.40%,1908,N
2016,David Freese,Pirates,141,437,492,118,82,23,0,13,63,55,45,2,142,10,0,0,15,0,0,0.27,9.10%,28.90%,0.32,0.352,0.412,0.764,0.142,0.372,64,6.5,0.334,1.6,108,-0.3,-2.7,-1.5,60,106,90,136,35.30%,48.10%,16.60%,27.10%,38.30%,34.60%,21.70%,9549,N
2016,Matt Adams,Cardinals,118,297,327,74,40,18,0,16,37,54,25,1,81,2,3,0,5,0,1,0.249,7.60%,24.80%,0.31,0.309,0.471,0.78,0.222,0.286,42,3.3,0.331,1.4,106,-0.6,-2.6,0.8,142,88,93,71,36.50%,48.90%,14.60%,28.30%,36.50%,35.20%,15.20%,9393,N
2016,Brandon Moss,Cardinals,128,413,464,93,44,19,2,28,66,67,39,3,141,7,5,0,8,1,0,0.225,8.40%,30.40%,0.28,0.3,0.484,0.784,0.259,0.261,59,4.2,0.329,3.9,105,0,0.2,0,154,97,96,60,40.10%,40.80%,19.10%,22.40%,31.40%,46.20%,19.40%,4467,N
2016,Andres Blanco,Phillies,90,190,209,48,28,15,1,4,26,21,11,0,41,7,1,0,7,2,3,0.253,5.30%,19.60%,0.27,0.316,0.405,0.721,0.153,0.301,24,-0.8,0.313,4.2,93,-0.9,0.5,-0.8,85,61,92,116,27.30%,48.70%,24.00%,26.70%,37.30%,36.00%,9.30%,1907,N
2016,Kyle Jensen,Diamondbacks,17,31,34,6,3,0,1,2,5,7,2,0,13,1,0,0,1,0,0,0.194,5.90%,38.20%,0.15,0.265,0.452,0.716,0.258,0.25,4,-0.4,0.304,5.1,81,0,0,-0.1,147,68,157,37,38.90%,55.60%,5.60%,22.20%,33.30%,44.40%,22.20%,7706,N
2016,Lucas Duda,Mets,47,153,172,35,21,7,0,7,20,23,15,2,36,2,2,0,1,0,0,0.229,8.70%,20.90%,0.42,0.302,0.412,0.714,0.183,0.25,18,-2,0.304,1.4,92,-0.1,-0.7,0.8,116,101,111,83,32.80%,51.30%,16.00%,27.70%,34.50%,37.80%,14.90%,2502,N
2016,James Loney,Mets,100,343,366,91,65,16,1,9,30,34,16,3,37,5,1,1,11,0,0,0.265,4.40%,10.10%,0.43,0.307,0.397,0.703,0.131,0.275,38,-4.9,0.302,1.4,91,-0.2,-0.4,-1,101,51,112,93,29.60%,48.10%,22.40%,29.60%,34.10%,36.40%,8.50%,4556,N
2016,Ryan Howard,Phillies,112,331,362,65,30,10,0,25,35,59,27,2,114,1,3,0,7,0,1,0.196,7.50%,31.50%,0.24,0.257,0.453,0.71,0.257,0.205,37,-6.1,0.298,0.8,83,-0.5,-1.9,0.1,125,86,107,77,45.90%,42.70%,11.40%,15.00%,42.70%,42.30%,26.60%,2154,N
2016,Rob Segedin,Dodgers,40,73,83,17,12,2,1,2,9,12,6,0,22,2,2,0,1,0,0,0.233,7.20%,26.50%,0.27,0.301,0.37,0.671,0.137,0.294,8,-1.8,0.292,3.9,82,0,0.4,0,89,84,80,118,24.50%,60.40%,15.10%,30.20%,24.50%,45.30%,12.50%,11446,N
2016,Stephen Cardullo,Rockies,27,56,59,12,6,3,1,2,5,6,3,0,12,0,0,0,2,0,0,0.214,5.10%,20.30%,0.25,0.254,0.411,0.665,0.196,0.238,5,-1.7,0.282,3.5,57,0,-0.6,-0.1,133,59,118,66,27.30%,56.80%,15.90%,22.70%,34.10%,43.20%,10.00%,11204,N
2016,Clint Robinson,Nationals,104,197,225,46,37,4,0,5,16,26,20,0,39,2,5,1,4,0,0,0.234,8.90%,17.30%,0.51,0.304,0.33,0.634,0.096,0.259,19,-7,0.28,0.6,69,-0.1,-3.1,0.5,108,103,75,106,29.30%,46.30%,24.40%,23.80%,42.10%,34.20%,8.30%,6908,N
2016,Brett Wallace,Padres,119,217,256,41,25,10,0,6,19,20,29,3,83,9,1,0,2,0,0,0.189,11.30%,32.40%,0.35,0.309,0.318,0.627,0.129,0.271,22,-8,0.28,0.8,73,-0.1,-0.2,0.4,83,131,98,114,34.80%,44.40%,20.70%,23.70%,30.40%,45.90%,15.80%,8434,N
2016,Ryan Zimmerman,Nationals,115,427,467,93,59,18,1,15,60,46,29,1,104,5,6,0,12,4,1,0.218,6.20%,22.30%,0.28,0.272,0.37,0.642,0.152,0.248,39,-16,0.277,4.4,66,0.2,1.2,-0.5,102,72,79,109,34.70%,50.20%,15.20%,27.70%,35.90%,36.50%,13.20%,4220,N
2016,Xavier Scruggs,Marlins,24,62,69,13,9,3,0,1,1,5,5,0,20,2,0,0,1,0,0,0.21,7.20%,29.00%,0.25,0.29,0.306,0.596,0.097,0.293,5,-2.8,0.269,0.1,68,0,-1.8,-0.1,91,84,90,112,33.30%,52.40%,14.30%,19.10%,35.70%,45.20%,7.70%,7409,N
2016,Chris Johnson,Marlins,113,243,264,54,38,11,0,5,20,24,19,2,78,1,0,1,13,0,0,0.222,7.20%,29.50%,0.24,0.281,0.329,0.611,0.107,0.306,20,-11.2,0.267,0.9,66,-0.1,-1.1,-1.7,82,83,129,100,33.70%,50.00%,16.30%,29.50%,33.10%,37.40%,10.90%,1191,N
2016,Miguel Rojas,Marlins,123,194,214,48,35,12,0,1,27,14,11,2,27,1,2,6,10,2,1,0.247,5.10%,12.60%,0.41,0.288,0.325,0.613,0.077,0.28,16,-9.4,0.265,3.9,65,-0.1,1.2,-1.4,76,59,95,121,20.00%,57.10%,22.90%,32.00%,34.30%,33.70%,2.40%,7802,N
2016,Darin Ruf,Phillies,43,83,89,17,12,2,0,3,8,9,4,0,25,0,2,0,5,0,1,0.205,4.50%,28.10%,0.16,0.236,0.337,0.573,0.133,0.246,5,-5.3,0.245,2,48,-0.4,0.2,-0.9,112,52,94,93,25.00%,48.30%,26.70%,13.30%,48.30%,38.30%,13.00%,9929,N
2016,Ben Paulsen,Rockies,39,92,97,20,14,5,0,1,8,11,5,1,27,0,0,0,2,0,0,0.217,5.20%,27.80%,0.19,0.258,0.304,0.562,0.087,0.297,5,-6,0.243,1.3,30,0,0,-0.2,99,60,65,117,18.50%,69.20%,12.30%,32.30%,29.20%,38.50%,4.50%,9741,N
2016,Jason Rogers,Pirates,23,25,33,2,1,0,1,0,2,2,7,0,9,1,0,0,1,0,0,0.08,21.20%,27.30%,0.78,0.303,0.16,0.463,0.08,0.125,2,-2.1,0.243,3.4,47,0,0.1,0.1,37,245,29,182,6.30%,75.00%,18.80%,25.00%,18.80%,56.30%,0.00%,11773,N
2016,Eric Campbell,Mets,40,75,88,13,11,1,0,1,9,9,10,1,24,2,1,0,2,1,0,0.173,11.40%,27.30%,0.42,0.284,0.227,0.511,0.053,0.235,4,-5.9,0.237,4,47,0.2,0.1,0,62,132,118,121,32.70%,55.80%,11.50%,21.20%,32.70%,46.20%,9.10%,6938,N
2016,Andy Wilkins,Brewers,26,24,27,3,1,1,0,1,3,3,3,0,10,0,0,0,1,1,0,0.125,11.10%,37.00%,0.3,0.222,0.292,0.514,0.167,0.154,1,-2,0.23,6,35,0.2,0.2,-0.1,105,129,34,128,42.90%,28.60%,28.60%,28.60%,21.40%,50.00%,20.00%,11251,N
2016,Don Kelly,Marlins,13,27,30,4,2,0,2,0,2,3,2,0,5,0,1,0,2,0,0,0.148,6.70%,16.70%,0.4,0.2,0.296,0.496,0.148,0.174,1,-2.7,0.209,4.1,28,0,-0.1,-0.3,67,77,129,112,21.70%,60.90%,17.40%,30.40%,34.80%,34.80%,0.00%,2216,N
2016,Brayan Pena,Cardinals,9,13,14,2,1,1,0,0,0,0,1,0,2,0,0,0,0,0,0,0.154,7.10%,14.30%,0.5,0.214,0.231,0.445,0.077,0.182,0,-1.4,0.201,0.1,19,0,0,0.1,53,83,86,142,9.10%,45.50%,45.50%,18.20%,36.40%,45.50%,0.00%,3231,N
2016,Jordan Pacheco,Reds,31,51,51,8,4,4,0,0,1,0,0,0,14,0,0,0,1,0,0,0.157,0.00%,27.50%,0,0.157,0.235,0.392,0.078,0.216,0,-6.4,0.166,0.3,-8,0,0.3,-0.2,119,0,89,91,21.60%,48.70%,29.70%,27.00%,32.40%,40.50%,0.00%,2677,N
2016,Blake Lalli,Braves,10,13,13,2,1,1,0,0,0,1,0,0,3,0,0,0,1,0,0,0.154,0.00%,23.10%,0,0.154,0.231,0.385,0.077,0.2,0,-1.7,0.163,0.1,-8,0,0,-0.1,59,0,94,134,55.60%,22.20%,22.20%,33.30%,55.60%,11.10%,0.00%,9246,N
2016,Michael Morse,Pirates,6,8,8,0,0,0,0,0,0,0,0,0,2,0,0,0,0,0,0,0,0.00%,25.00%,0,0,0,0,0,0,-1,-2.1,0,0.1,-100,0,0,0,98,0,0,149,16.70%,50.00%,33.30%,33.30%,33.30%,33.30%,0.00%,3035,N
2016,Zach Walters,Dodgers,3,5,5,0,0,0,0,0,0,0,0,0,2,0,0,0,0,0,0,0,0.00%,40.00%,0,0,0,0,0,0,-1,-1.3,0,0.1,-100,0,0,0,98,0,157,75,66.70%,33.30%,0.00%,0.00%,33.30%,66.70%,0.00%,10622,N
2015,Joey Votto,Reds,158,545,695,171,107,33,2,29,95,80,143,15,135,5,2,0,11,11,3,0.314,20.60%,19.40%,1.06,0.459,0.541,1,0.228,0.371,141,63.1,0.427,3.7,174,0.6,-2.6,0.9,99,259,117,93,38.40%,52.20%,9.50%,26.00%,36.90%,37.10%,21.60%,4314,N
2015,Paul Goldschmidt,Diamondbacks,159,567,695,182,109,38,2,33,103,110,118,29,151,2,7,0,16,21,5,0.321,17.00%,21.70%,0.78,0.435,0.57,1.005,0.249,0.382,136,57.9,0.418,4.6,163,1.8,1.6,-0.4,106,214,109,91,41.40%,48.50%,10.20%,30.30%,40.20%,29.60%,22.30%,9218,Y
2015,Anthony Rizzo,Cubs,160,586,701,163,91,38,3,31,94,101,78,9,105,30,7,0,9,17,6,0.278,11.10%,15.00%,0.74,0.387,0.512,0.899,0.234,0.289,118,39.6,0.384,4.9,145,0.7,-0.6,1.8,132,140,102,76,33.20%,49.00%,17.80%,21.90%,34.80%,43.20%,14.60%,3473,N
2015,Brett Wallace,Padres,64,96,107,29,18,6,0,5,14,16,10,1,31,1,0,0,1,0,0,0.302,9.30%,29.00%,0.32,0.374,0.521,0.895,0.219,0.4,18,6,0.383,1.2,149,-0.1,-1.1,0.1,93,118,137,88,35.40%,49.20%,15.40%,18.50%,35.40%,46.20%,25.00%,8434,N
2015,Jamie Romak,Diamondbacks,12,15,16,5,3,2,0,0,2,1,1,0,6,0,0,0,0,0,0,0.333,6.30%,37.50%,0.17,0.375,0.467,0.842,0.133,0.556,2,0.7,0.365,1.6,127,0,0.1,0.1,134,79,156,49,22.20%,66.70%,11.10%,33.30%,22.20%,44.40%,0.00%,5552,N
2015,Freddie Freeman,Braves,118,416,481,115,70,27,0,18,62,66,56,4,98,7,2,0,6,3,1,0.276,11.60%,20.40%,0.57,0.37,0.471,0.841,0.195,0.321,74,19.4,0.364,2.6,132,0,0.9,1.8,108,146,130,80,38.40%,50.90%,10.60%,24.70%,33.40%,41.90%,15.80%,5361,N
2015,Buster Posey,Giants,150,557,623,177,130,28,0,19,74,95,56,10,52,3,7,0,17,2,0,0.318,9.00%,8.30%,1.08,0.379,0.47,0.849,0.153,0.32,95,24.9,0.363,2.1,135,0,-0.5,-1.2,102,113,104,96,34.80%,48.60%,16.60%,27.20%,37.50%,35.40%,11.00%,9166,N
2015,Brandon Belt,Giants,137,492,556,138,82,33,5,18,73,68,56,2,147,4,4,0,3,9,3,0.28,10.10%,26.40%,0.38,0.356,0.478,0.834,0.197,0.363,83,20.3,0.359,5.3,132,0.3,-1.4,2.7,115,127,134,73,39.80%,48.70%,11.50%,25.80%,35.80%,38.40%,13.60%,10264,N
2015,Lucas Duda,Mets,135,471,554,115,55,33,0,27,67,73,66,7,138,14,3,0,12,0,2,0.244,11.90%,24.90%,0.48,0.352,0.486,0.838,0.242,0.285,82,20.2,0.359,1.5,132,-1,0.3,0.7,153,150,103,60,39.00%,49.70%,11.30%,27.10%,33.90%,39.00%,15.90%,2502,N
2015,Adrian Gonzalez,Dodgers,156,571,643,157,96,33,0,28,76,90,62,10,107,6,3,0,21,0,1,0.275,9.60%,16.60%,0.58,0.35,0.48,0.83,0.205,0.294,93,21.1,0.354,1.2,129,-0.7,-3.4,-1.7,111,121,121,82,36.00%,49.50%,14.60%,26.30%,33.40%,40.30%,16.40%,1908,N
2015,Jason Rogers,Brewers,86,152,169,45,33,6,2,4,22,16,15,0,34,2,0,0,2,0,0,0.296,8.90%,20.10%,0.44,0.367,0.441,0.808,0.145,0.36,24,5.5,0.354,3.5,122,-0.1,0.2,0.5,90,112,75,119,36.40%,48.30%,15.30%,20.30%,39.80%,39.80%,11.40%,11773,N
2015,Justin Morneau,Rockies,49,168,182,52,36,10,3,3,19,15,13,2,25,1,0,0,2,0,0,0.31,7.10%,13.70%,0.52,0.363,0.458,0.821,0.149,0.35,26,5.8,0.353,3.4,109,-0.1,1,0.2,100,90,89,105,35.70%,49.70%,14.70%,23.10%,45.50%,31.50%,6.40%,1737,N
2015,Adam Lind,Brewers,149,502,572,139,87,32,0,20,72,87,66,11,100,1,3,0,7,0,0,0.277,11.50%,17.50%,0.66,0.36,0.46,0.82,0.183,0.309,81,17,0.351,1.3,120,-0.3,-4.2,1.2,106,145,88,101,37.30%,47.90%,14.80%,26.20%,38.30%,35.60%,14.10%,8027,N
2015,Justin Bour,Marlins,129,409,446,107,64,20,0,23,42,73,34,3,101,2,1,0,19,0,0,0.262,7.60%,22.60%,0.34,0.321,0.479,0.8,0.218,0.294,61,10.4,0.343,0.5,119,-0.2,-4.7,-2.3,105,96,80,106,33.70%,47.30%,19.10%,19.70%,36.30%,44.00%,21.50%,9744,N
2015,Clint Robinson,Nationals,126,309,352,84,58,15,1,10,44,34,37,4,52,5,1,0,6,0,0,0.272,10.50%,14.80%,0.71,0.358,0.424,0.782,0.152,0.298,47,7.6,0.34,2.2,114,-0.2,-1.7,-0.3,104,132,116,89,29.50%,54.30%,16.30%,23.30%,37.60%,39.20%,11.20%,6908,N
2015,Ben Paulsen,Rockies,116,325,354,90,56,19,4,11,42,49,23,0,92,2,3,1,5,1,2,0.277,6.50%,26.00%,0.25,0.326,0.462,0.787,0.185,0.351,47,7.2,0.339,4,99,-0.7,1.2,0.6,99,82,104,99,31.70%,49.80%,18.60%,24.90%,38.40%,36.70%,14.30%,9741,N
2015,Wil Myers,Padres,60,225,253,57,35,13,1,8,40,29,27,0,55,1,0,0,2,5,2,0.253,10.70%,21.70%,0.49,0.336,0.427,0.763,0.173,0.302,33,4.2,0.334,5.4,115,0.1,0.6,0.5,107,134,79,104,34.70%,51.80%,13.50%,18.20%,37.70%,44.10%,13.60%,10047,N
2015,Pedro Alvarez,Pirates,150,437,491,106,61,18,0,27,60,77,48,9,131,2,4,0,6,2,0,0.243,9.80%,26.70%,0.37,0.318,0.469,0.787,0.227,0.279,63,7.6,0.333,2.4,112,0.2,0.8,1.8,81,123,95,116,37.70%,44.20%,18.10%,19.40%,36.50%,44.20%,32.50%,2495,N
2015,Ryan Zimmerman,Nationals,95,346,390,86,44,25,1,16,43,73,33,0,79,1,10,0,13,1,0,0.249,8.50%,20.30%,0.42,0.308,0.465,0.773,0.217,0.268,49,4.8,0.329,2.8,106,0,1,-1.4,106,106,78,106,37.60%,48.00%,14.40%,28.90%,40.10%,31.10%,16.50%,4220,N
2015,Chris Dominguez,Reds,14,23,23,6,3,1,1,1,2,3,0,0,12,0,0,0,0,0,0,0.261,0.00%,52.20%,0,0.261,0.522,0.783,0.261,0.5,3,0.3,0.329,3.3,106,0,0.2,0.1,110,0,0,140,27.30%,36.40%,36.40%,9.10%,45.50%,45.50%,25.00%,9718,N
2015,Brandon Moss,Cardinals,51,132,151,33,21,7,1,4,11,8,17,2,42,2,0,0,3,0,1,0.25,11.30%,27.80%,0.4,0.344,0.409,0.753,0.159,0.337,19,1.8,0.328,2.4,109,-0.5,-0.2,0.4,132,142,95,79,42.20%,38.90%,18.90%,17.80%,30.00%,52.20%,10.30%,4467,N
2015,Yonder Alonso,Padres,103,354,402,100,76,18,1,5,50,31,42,3,48,3,3,0,13,2,5,0.282,10.40%,11.90%,0.88,0.361,0.381,0.742,0.099,0.313,50,4.4,0.327,2.8,110,-1.8,0.6,-1.4,84,131,107,108,28.50%,53.40%,18.10%,25.60%,38.50%,35.90%,5.80%,2530,N
2015,Nick Swisher,Braves,46,118,149,23,14,5,0,4,8,17,27,0,30,2,2,0,7,0,0,0.195,18.10%,20.10%,0.9,0.349,0.339,0.688,0.144,0.221,17,0.2,0.314,0.1,98,-0.1,-0.4,-1.2,101,228,73,112,30.00%,55.60%,14.40%,20.00%,31.10%,48.90%,13.30%,4599,N
2015,Mark Reynolds,Cardinals,140,382,432,88,52,21,2,13,35,48,44,2,121,4,2,0,10,2,3,0.23,10.20%,28.00%,0.36,0.315,0.398,0.713,0.168,0.3,48,-0.6,0.311,2.7,98,-1,-1.2,-0.9,120,128,89,91,31.20%,44.10%,24.70%,24.30%,35.70%,39.90%,12.50%,7619,N
2015,Darin Ruf,Phillies,106,268,297,63,39,12,0,12,30,39,21,0,69,5,3,0,7,1,0,0.235,7.10%,23.20%,0.3,0.3,0.414,0.714,0.179,0.268,33,-0.6,0.311,2.2,95,0.1,-1.9,-0.2,106,89,95,98,35.20%,51.00%,13.90%,15.80%,36.10%,48.00%,16.90%,9929,N
2015,Ryan Howard,Phillies,129,467,503,107,54,29,1,23,53,77,27,2,138,5,3,0,11,0,0,0.229,5.40%,27.40%,0.2,0.277,0.443,0.72,0.214,0.272,54,-2.2,0.308,1.7,93,-0.2,-1.5,0.1,111,68,130,78,37.40%,54.20%,8.40%,19.00%,33.40%,47.60%,18.90%,2154,N
2015,Wilin Rosario,Rockies,87,231,242,62,41,14,1,6,22,29,8,2,56,1,1,1,8,2,1,0.268,3.30%,23.10%,0.14,0.295,0.416,0.71,0.147,0.329,25,-1.9,0.303,3.6,75,-0.1,-1,-0.9,77,42,93,120,29.40%,48.00%,22.60%,23.20%,35.00%,41.80%,13.30%,8002,N
2015,Jeff Baker,Marlins,41,72,80,15,9,3,0,3,11,8,8,0,25,0,0,0,0,0,0,0.208,10.00%,31.30%,0.32,0.288,0.375,0.663,0.167,0.273,8,-1.3,0.292,2,85,0,0.5,0.3,58,126,129,117,29.80%,55.30%,14.90%,27.70%,31.90%,40.40%,33.30%,2073,N
2015,Michael Morse,- - -,98,229,256,53,40,7,1,5,14,19,23,0,76,4,0,0,10,0,0,0.231,9.00%,29.70%,0.3,0.313,0.336,0.649,0.105,0.324,24,-4.4,0.291,1.3,84,-0.1,-1.4,-1.1,53,113,119,125,33.30%,48.40%,18.30%,28.10%,36.60%,35.30%,18.50%,3035,N
2015,Matt Adams,Cardinals,60,175,186,42,28,9,0,5,14,24,10,1,41,0,1,0,1,1,0,0.24,5.40%,22.00%,0.24,0.28,0.377,0.657,0.137,0.285,17,-4.4,0.284,2.2,79,0.1,-0.2,1.1,117,68,94,90,37.80%,50.40%,11.90%,25.20%,31.10%,43.70%,9.60%,9393,N
2015,Sean Rodriguez,Pirates,139,224,240,55,38,12,1,4,25,17,5,0,63,6,0,5,9,2,2,0.246,2.10%,26.30%,0.08,0.281,0.362,0.642,0.116,0.325,21,-6.1,0.281,4.2,77,-0.5,-0.3,-1.2,96,26,95,105,26.50%,48.80%,24.70%,24.10%,38.00%,38.00%,8.00%,6589,N
2015,Travis Ishikawa,- - -,44,63,72,13,9,3,0,1,6,8,9,0,20,0,0,0,2,0,0,0.206,12.50%,27.80%,0.45,0.306,0.302,0.607,0.095,0.286,6,-2.1,0.277,1,74,0,-0.7,0,144,157,56,89,23.30%,41.90%,34.90%,34.90%,37.20%,27.90%,5.00%,4793,N
2015,Joey Terdoslavich,Braves,28,56,59,12,6,4,1,1,5,4,3,1,14,0,0,0,1,0,0,0.214,5.10%,23.70%,0.21,0.254,0.375,0.629,0.161,0.268,4,-2.3,0.265,3.8,64,0,0.1,0.2,122,64,78,94,35.70%,50.00%,14.30%,31.00%,40.50%,28.60%,5.90%,10593,N
2015,Tyler Moore,Nationals,97,187,200,38,20,12,0,6,14,27,11,2,45,1,1,0,2,0,0,0.203,5.50%,22.50%,0.24,0.25,0.364,0.614,0.16,0.234,14,-8.1,0.263,0.7,61,-0.1,-0.4,0.5,129,69,82,88,30.10%,53.90%,16.10%,20.30%,35.00%,44.80%,9.80%,7244,N
2015,Chris Johnson,Braves,56,153,162,36,27,7,0,2,12,11,7,0,49,1,1,0,3,2,1,0.235,4.30%,30.20%,0.14,0.272,0.32,0.592,0.085,0.33,11,-6.8,0.261,2.8,61,-0.1,-0.2,0.2,109,54,98,94,30.50%,60.00%,9.50%,32.40%,31.40%,36.20%,5.30%,1191,N
2015,Xavier Scruggs,Cardinals,17,42,43,11,9,2,0,0,5,7,0,0,10,1,0,0,2,1,0,0.262,0.00%,23.30%,0,0.279,0.31,0.589,0.048,0.344,3,-1.8,0.259,5.5,62,0.2,0.3,-0.6,57,0,117,124,31.30%,43.80%,25.00%,18.80%,43.80%,37.50%,0.00%,7409,N
2015,Erik Kratz,Phillies,12,22,23,5,3,2,0,0,3,2,1,0,3,0,0,0,0,0,0,0.227,4.30%,13.00%,0.33,0.261,0.318,0.579,0.091,0.263,1,-1.1,0.254,2.6,56,0,0.3,0.2,127,55,74,92,26.30%,52.60%,21.10%,26.30%,42.10%,31.60%,0.00%,4403,N
2015,Corey Hart,Pirates,35,54,57,12,9,1,0,2,3,9,1,1,19,1,1,0,5,0,0,0.222,1.80%,33.30%,0.05,0.246,0.352,0.597,0.13,0.294,4,-2.9,0.251,0.1,55,0,-1.1,-1.3,76,22,104,116,22.20%,50.00%,27.80%,22.20%,22.20%,55.60%,22.20%,1945,N
2015,Casey McGehee,- - -,109,237,258,47,33,12,0,2,14,20,21,0,50,0,0,0,18,1,1,0.198,8.10%,19.40%,0.42,0.264,0.274,0.538,0.076,0.243,15,-14.5,0.243,1.5,52,-0.3,-1.6,-3.3,74,102,88,124,21.90%,61.00%,17.10%,34.20%,37.40%,28.30%,4.30%,6086,N
2015,Kevin Frandsen,Giants,7,11,13,2,2,0,0,0,1,0,1,0,3,0,0,1,2,0,0,0.182,7.70%,23.10%,0.33,0.25,0.182,0.432,0,0.25,0,-1.1,0.204,1.6,26,0,0.4,-0.6,113,97,58,110,11.10%,88.90%,0.00%,44.40%,44.40%,11.10%,0.00%,7528,N
2015,Wil Nieves,Padres,6,13,14,1,0,0,0,1,1,4,1,0,4,0,0,0,0,0,0,0.077,7.10%,28.60%,0.25,0.143,0.308,0.451,0.231,0,0,-1.3,0.197,0.1,21,0,0.1,0.1,101,90,0,146,22.20%,22.20%,55.60%,11.10%,22.20%,66.70%,33.30%,1556,N
2015,Nick Noonan,Giants,14,22,24,2,0,1,0,1,2,3,2,0,8,0,0,0,1,0,0,0.091,8.30%,33.30%,0.25,0.167,0.273,0.439,0.182,0.077,0,-2.3,0.196,1.6,20,0,0.4,-0.1,86,105,33,141,14.30%,50.00%,35.70%,14.30%,35.70%,50.00%,25.00%,6880,N
2015,Daniel Dorn,Diamondbacks,23,30,32,5,4,1,0,0,0,3,2,0,10,0,0,0,1,0,0,0.167,6.30%,31.30%,0.2,0.219,0.2,0.419,0.033,0.25,1,-3.1,0.192,0.1,9,0,-0.3,-0.1,76,79,117,110,20.00%,50.00%,30.00%,5.00%,50.00%,45.00%,0.00%,1050,N
2015,Dan Johnson,Cardinals,12,19,21,3,3,0,0,0,1,2,2,0,4,0,0,0,1,0,0,0.158,9.50%,19.00%,0.5,0.238,0.158,0.396,0,0.2,0,-2,0.191,0.8,15,0,0,-0.1,121,120,62,102,13.30%,40.00%,46.70%,26.70%,13.30%,60.00%,0.00%,2167,N
2015,Matt McBride,Rockies,20,42,43,7,7,0,0,0,5,0,0,0,4,1,0,0,0,0,0,0.167,0.00%,9.30%,0,0.186,0.167,0.353,0,0.184,0,-5.3,0.16,2.6,-23,0,0.6,0.1,135,0,98,75,18.40%,42.10%,39.50%,21.10%,36.80%,42.10%,0.00%,9373,N
2015,Don Kelly,Marlins,2,1,1,0,0,0,0,0,0,0,0,0,0,0,0,0,0,0,0,0,0.00%,0.00%,0,0,0,0,0,0,0,-0.3,0,0.1,-100,0,0,0,0,0,0,220,0.00%,100.00%,0.00%,0.00%,0.00%,100.00%,0.00%,2216,N
2015,Cody Decker,Padres,8,11,12,0,0,0,0,0,0,1,0,0,5,0,1,0,1,0,0,0,0.00%,41.70%,0,0,0,0,0,0,-2,-3,0,0.1,-100,0,0,-0.3,130,0,0,125,0.00%,57.10%,42.90%,42.90%,28.60%,28.60%,0.00%,9665,N
2014,Michael Cuddyer,Rockies,49,190,205,63,37,15,1,10,32,31,14,0,30,0,1,0,5,3,0,0.332,6.80%,14.60%,0.47,0.376,0.579,0.955,0.247,0.351,38,16.3,0.414,5,150,0.4,0.4,-0.3,80,87,115,108,30.40%,54.70%,14.90%,29.20%,33.50%,37.30%,22.70%,1534,N
2014,Nick Evans,Diamondbacks,18,22,23,6,2,2,0,2,2,7,1,0,10,0,0,0,0,0,0,0.273,4.30%,43.50%,0.1,0.304,0.636,0.941,0.364,0.4,4,1.7,0.405,0.1,156,0,-0.1,0.1,146,56,119,56,50.00%,33.30%,16.70%,25.00%,25.00%,50.00%,33.30%,7595,N
2014,Paul Goldschmidt,Diamondbacks,109,406,479,122,63,39,1,19,75,69,64,10,110,2,3,0,10,9,3,0.3,13.40%,23.00%,0.58,0.396,0.542,0.938,0.241,0.368,85,33.9,0.402,4.3,154,0.2,2.6,0.3,96,171,107,100,44.20%,45.80%,10.00%,28.80%,32.10%,39.10%,19.40%,9218,N
2014,Anthony Rizzo,Cubs,140,524,616,150,89,28,1,32,89,78,73,7,116,15,4,0,8,5,4,0.286,11.90%,18.80%,0.63,0.386,0.527,0.913,0.24,0.311,107,40.9,0.397,3.1,155,-1.1,-0.3,0.6,122,151,105,81,31.60%,52.70%,15.80%,19.40%,35.90%,44.70%,18.80%,3473,N
2014,Ben Paulsen,Rockies,31,63,66,20,12,4,0,4,8,10,2,1,19,1,0,0,1,0,0,0.317,3.00%,28.80%,0.11,0.348,0.571,0.92,0.254,0.4,11,4.4,0.397,0.9,138,-0.1,-0.9,-0.1,93,39,119,96,43.20%,45.50%,11.40%,18.20%,31.80%,50.00%,28.60%,9741,N
2014,Joey Terdoslavich,Braves,9,10,11,3,1,2,0,0,1,2,0,0,3,1,0,0,0,0,0,0.3,0.00%,27.30%,0,0.364,0.5,0.864,0.2,0.429,2,0.6,0.38,1.6,144,0,-0.2,0,42,0,68,159,42.90%,28.60%,28.60%,0.00%,71.40%,28.60%,0.00%,10593,N
2014,Freddie Freeman,Braves,162,607,708,175,110,43,4,18,93,78,90,4,145,8,3,0,18,3,4,0.288,12.70%,20.50%,0.62,0.386,0.461,0.847,0.173,0.351,111,34.7,0.374,3.3,140,-1.7,-1.7,-0.4,95,162,147,82,39.80%,48.80%,11.40%,22.40%,34.80%,42.80%,11.90%,5361,N
2014,Justin Morneau,Rockies,135,502,550,160,108,32,3,17,62,82,34,4,60,6,8,0,7,0,3,0.319,6.20%,10.90%,0.57,0.364,0.496,0.86,0.177,0.33,86,26.5,0.373,2.5,122,-1.7,-2.4,1.1,96,79,110,98,31.60%,53.10%,15.30%,29.10%,39.10%,31.80%,11.50%,1737,N
2014,Lucas Duda,Mets,153,514,596,130,73,27,0,30,74,92,69,8,135,9,4,0,9,3,2,0.253,11.60%,22.70%,0.51,0.349,0.481,0.83,0.228,0.283,87,23.4,0.361,2.2,135,-0.7,-1,0.7,143,148,97,68,41.30%,43.60%,15.10%,21.20%,34.70%,44.10%,16.00%,2502,N
2014,Joey Votto,Reds,62,220,272,56,34,16,0,6,32,23,47,2,49,3,2,0,5,1,1,0.255,17.30%,18.00%,0.96,0.39,0.409,0.799,0.155,0.299,39,10.1,0.359,1.9,128,-0.5,-3,-0.4,95,221,127,91,32.40%,54.30%,13.30%,33.50%,30.60%,35.80%,10.70%,4314,N
2014,Adam LaRoche,Nationals,140,494,586,128,83,19,0,26,73,92,82,9,108,2,8,0,13,3,0,0.259,14.00%,18.40%,0.76,0.362,0.455,0.817,0.196,0.277,84,20.9,0.356,2.5,127,0,-5.4,0,121,179,105,82,37.30%,51.30%,11.40%,21.10%,35.80%,43.20%,16.00%,1904,N
2014,Michael Morse,Giants,131,438,482,122,71,32,3,16,48,61,31,0,121,9,4,0,19,0,0,0.279,6.40%,25.10%,0.26,0.336,0.475,0.811,0.196,0.348,69,16.8,0.355,2.2,132,-0.4,-2.4,-2.6,97,82,104,101,32.10%,50.20%,17.80%,29.00%,38.00%,33.00%,15.10%,3035,N
2014,Adrian Gonzalez,Dodgers,159,591,660,163,95,41,0,27,83,116,56,9,112,2,11,0,13,1,1,0.276,8.50%,17.00%,0.5,0.335,0.482,0.817,0.206,0.294,92,21,0.351,1.8,129,-0.7,-2.4,0.8,111,108,113,86,38.80%,48.80%,12.50%,28.40%,34.10%,37.60%,14.60%,1908,Y
2014,Todd Frazier,Reds,157,597,660,163,111,22,1,29,88,80,52,2,139,7,4,0,9,20,8,0.273,7.90%,21.10%,0.37,0.336,0.459,0.795,0.186,0.309,91,20.2,0.35,4.6,122,0.4,3.4,0.6,109,101,103,92,34.20%,48.90%,16.90%,24.70%,37.70%,37.70%,17.00%,785,N
2014,Matt McBride,Rockies,21,31,34,7,3,2,0,2,6,6,2,0,12,1,0,0,0,0,0,0.226,5.90%,35.30%,0.17,0.294,0.484,0.778,0.258,0.294,4,0.8,0.342,2.6,100,0,0.1,0.3,185,75,25,70,21.10%,47.40%,31.60%,26.30%,26.30%,47.40%,16.70%,9373,N
2014,Matt Adams,Cardinals,142,527,563,152,98,34,5,15,55,68,26,5,114,3,7,0,9,3,2,0.288,4.60%,20.20%,0.23,0.321,0.457,0.779,0.169,0.338,72,11.5,0.337,3.6,116,-0.6,-0.7,1.2,121,59,116,77,32.10%,51.20%,16.70%,26.90%,30.00%,43.10%,8.70%,9393,N
2014,Clint Robinson,Dodgers,9,9,10,3,3,0,0,0,3,2,1,0,1,0,0,0,0,0,0,0.333,10.00%,10.00%,1,0.4,0.333,0.733,0,0.375,1,0.2,0.336,2.6,119,0,-0.2,0.1,37,128,178,112,12.50%,62.50%,25.00%,12.50%,37.50%,50.00%,0.00%,6908,N
2014,Brandon Belt,Giants,61,214,235,52,32,8,0,12,30,27,18,2,64,2,1,0,4,3,1,0.243,7.70%,27.20%,0.28,0.306,0.449,0.755,0.206,0.288,29,3.6,0.33,3.4,115,0,-2.1,0.4,129,98,86,85,29.80%,54.30%,15.90%,21.20%,30.50%,48.30%,18.20%,10264,N
2014,Justin Bour,Marlins,39,74,83,21,17,3,0,1,10,11,9,1,19,0,0,0,0,0,0,0.284,10.80%,22.90%,0.47,0.361,0.365,0.726,0.081,0.37,10,1,0.325,1.5,108,-0.1,-1.1,0.5,90,139,78,118,36.40%,49.10%,14.60%,20.00%,34.60%,45.50%,5.90%,9744,N
2014,Yasmani Grandal,Padres,128,377,443,85,50,19,1,15,47,49,58,1,115,2,6,0,7,3,0,0.225,13.10%,26.00%,0.5,0.327,0.401,0.728,0.175,0.277,52,4.9,0.324,3.5,110,0.2,-3.6,0.3,111,167,92,95,35.80%,41.80%,22.40%,25.40%,39.90%,34.70%,14.70%,11368,N
2014,Ike Davis,- - -,143,360,427,84,54,19,0,11,43,51,63,3,78,0,4,0,8,0,4,0.233,14.80%,18.30%,0.81,0.344,0.378,0.722,0.144,0.265,50,4.6,0.324,1.5,109,-1.9,-1,0.5,110,189,110,88,32.50%,46.90%,20.60%,24.80%,36.70%,38.50%,10.30%,8433,N
2014,John Mayberry,Phillies,63,122,138,26,13,7,0,6,11,21,15,0,30,1,0,0,1,0,0,0.213,10.90%,21.70%,0.5,0.304,0.418,0.722,0.205,0.233,16,1.3,0.322,0.4,105,-0.1,-0.4,0.6,127,139,78,90,23.90%,45.70%,30.40%,17.40%,31.50%,51.10%,15.00%,3390,N
2014,Darin Ruf,Phillies,52,102,117,24,13,8,0,3,13,8,8,0,32,4,2,1,2,0,0,0.235,6.80%,27.40%,0.25,0.31,0.402,0.712,0.167,0.304,13,0.5,0.316,1.7,101,-0.1,-0.5,-0.3,106,87,93,99,37.00%,49.30%,13.70%,17.80%,31.50%,50.70%,11.50%,9929,N
2014,Garrett Jones,Marlins,146,496,547,122,72,33,2,15,59,53,46,4,116,1,4,0,10,0,1,0.246,8.40%,21.20%,0.4,0.309,0.411,0.72,0.165,0.29,61,2.4,0.316,2.3,101,-0.8,-1.6,0.5,125,107,94,84,37.20%,47.10%,15.60%,23.40%,30.00%,46.60%,9.30%,2714,N
2014,Mark Trumbo,Diamondbacks,88,328,362,77,47,15,1,14,37,61,28,3,89,1,5,0,8,2,3,0.235,7.70%,24.60%,0.31,0.293,0.415,0.707,0.18,0.274,38,-0.5,0.308,2.7,90,-1,-2.4,-0.3,118,99,72,100,35.30%,45.50%,19.30%,26.60%,39.30%,34.00%,14.30%,6876,N
2014,Travis Ishikawa,- - -,62,107,119,27,19,4,1,3,9,18,9,1,34,1,2,0,3,0,0,0.252,7.60%,28.60%,0.26,0.311,0.393,0.703,0.14,0.333,13,-0.2,0.308,2.4,99,-0.1,0.4,0.2,133,97,146,54,40.00%,46.70%,13.30%,36.00%,29.30%,34.70%,8.80%,4793,N
2014,Tyler Moore,Nationals,42,91,100,21,15,2,0,4,8,14,7,0,29,2,0,0,2,0,0,0.231,7.00%,29.00%,0.24,0.3,0.385,0.685,0.154,0.293,11,-0.2,0.307,0.6,94,-0.1,0.3,0,104,89,100,97,33.90%,53.20%,12.90%,24.20%,29.00%,46.80%,18.20%,7244,N
2014,Tommy Medica,Padres,102,240,259,56,34,11,2,9,31,27,14,0,75,4,1,0,5,6,1,0.233,5.40%,29.00%,0.19,0.286,0.408,0.694,0.175,0.299,27,-0.6,0.307,6.1,98,0.6,0.9,0,106,69,89,101,31.30%,47.60%,21.10%,26.50%,30.70%,42.80%,15.00%,11147,N
2014,Jeff Baker,Marlins,90,208,225,55,38,10,4,3,27,28,13,1,51,1,3,0,8,1,0,0.264,5.80%,22.70%,0.25,0.307,0.394,0.701,0.13,0.331,24,-0.6,0.306,5.6,95,0,-0.2,-1.1,80,74,116,107,35.00%,52.50%,12.50%,31.30%,34.40%,34.40%,6.80%,2073,N
2014,Ryan Howard,Phillies,153,569,648,127,85,18,1,23,65,95,67,7,190,7,5,0,10,0,0,0.223,10.30%,29.30%,0.35,0.31,0.38,0.69,0.156,0.288,68,-2.1,0.306,1.6,94,-0.6,-3.2,0.9,109,132,105,91,33.60%,51.60%,14.80%,22.70%,32.60%,44.80%,16.10%,2154,N
2014,Eric Campbell,Mets,85,190,211,50,38,9,0,3,16,16,17,0,55,1,3,0,5,3,0,0.263,8.10%,26.10%,0.31,0.322,0.358,0.68,0.095,0.348,22,-0.9,0.305,3.2,97,0.4,-0.5,-0.3,81,103,83,123,29.00%,57.30%,13.80%,29.00%,33.30%,37.70%,7.90%,6938,N
2014,Mark Reynolds,Brewers,130,378,433,74,43,9,0,22,47,45,47,3,122,3,4,1,8,5,1,0.196,10.90%,28.20%,0.39,0.287,0.394,0.681,0.198,0.218,44,-2.8,0.302,3.1,87,0.3,0.6,0.1,141,139,66,85,32.20%,47.90%,19.90%,24.10%,27.60%,48.30%,17.60%,7619,N
2014,Gaby Sanchez,Pirates,123,262,290,60,34,18,1,7,31,33,23,0,58,2,3,0,6,2,0,0.229,7.90%,20.00%,0.4,0.293,0.385,0.679,0.156,0.265,29,-2,0.301,4,93,0.2,-1,0.3,128,101,88,84,26.10%,52.20%,21.70%,22.20%,32.40%,45.40%,7.80%,3361,N
2014,Lyle Overbay,Brewers,121,258,296,60,42,14,0,4,24,35,36,2,60,1,1,0,8,2,0,0.233,12.20%,20.30%,0.6,0.328,0.333,0.661,0.101,0.287,29,-2.3,0.3,2.5,86,0.1,1.2,-0.8,85,155,91,115,31.20%,55.80%,13.10%,25.10%,31.70%,43.20%,6.90%,1617,N
2014,Yonder Alonso,Padres,84,267,288,64,37,19,1,7,27,27,17,1,36,1,3,0,8,6,1,0.24,5.90%,12.50%,0.47,0.285,0.397,0.682,0.157,0.251,28,-2.5,0.299,4.7,93,0.6,1.7,-1.2,113,75,90,95,32.10%,47.90%,20.10%,25.60%,30.30%,44.00%,7.80%,2530,N
2014,Xavier Scruggs,Cardinals,9,15,18,3,2,1,0,0,0,2,2,0,7,1,0,0,0,0,0,0.2,11.10%,38.90%,0.29,0.333,0.267,0.6,0.067,0.375,2,-0.3,0.287,0.1,82,0,-0.5,0.1,73,142,59,139,50.00%,12.50%,37.50%,37.50%,25.00%,37.50%,0.00%,7409,N
2014,Ryan Wheeler,Rockies,31,56,64,13,9,2,0,2,6,13,5,0,12,0,3,0,1,0,0,0.232,7.80%,18.80%,0.42,0.281,0.375,0.656,0.143,0.244,6,-1.2,0.286,1.1,63,-0.1,0,0.2,81,100,132,100,27.70%,46.80%,25.50%,14.90%,42.60%,42.60%,15.40%,9312,N
2014,Brayan Pena,Reds,115,348,372,88,64,18,1,5,23,26,20,2,42,0,3,1,8,2,3,0.253,5.40%,11.30%,0.48,0.291,0.353,0.645,0.101,0.273,33,-7.4,0.284,1.9,77,-1,-5.8,-0.5,96,69,111,98,26.50%,56.10%,17.40%,26.10%,32.60%,41.30%,5.00%,3231,N
2014,Jordan Pacheco,- - -,69,153,165,39,28,10,1,0,10,16,9,0,27,1,1,1,6,0,0,0.255,5.50%,16.40%,0.33,0.299,0.333,0.632,0.078,0.307,14,-3.5,0.283,1.8,66,-0.1,-1.3,-0.7,90,70,127,95,21.90%,60.90%,17.20%,25.00%,32.80%,42.20%,0.00%,2677,N
2014,Matthew Clark,Brewers,16,27,31,5,2,0,0,3,4,7,2,2,8,0,2,0,1,0,0,0.185,6.50%,25.80%,0.25,0.226,0.519,0.744,0.333,0.111,3,-0.7,0.282,1.1,74,0,-0.1,0,176,82,48,67,30.00%,55.00%,15.00%,20.00%,45.00%,35.00%,25.00%,8793,N
2014,Jake Goebbert,Padres,51,101,115,22,17,1,3,1,12,10,12,3,32,2,0,0,0,2,1,0.218,10.40%,27.80%,0.38,0.313,0.317,0.63,0.099,0.309,10,-2.8,0.278,6.1,78,-0.1,0.6,0.5,102,133,138,81,29.00%,58.00%,13.00%,17.40%,43.50%,39.10%,4.20%,9431,N
2014,Chris Valaika,Cubs,44,121,131,28,21,4,0,3,10,13,7,1,35,2,1,0,5,1,0,0.231,5.30%,26.70%,0.2,0.282,0.339,0.621,0.107,0.298,11,-3.4,0.276,2.7,73,0.1,0.1,-0.9,84,68,98,113,28.70%,62.10%,9.20%,27.60%,33.30%,39.10%,12.00%,1165,N
2014,Adam Duvall,Giants,28,73,77,14,9,2,0,3,8,5,3,0,20,1,0,0,0,0,0,0.192,3.90%,26.00%,0.15,0.234,0.342,0.576,0.151,0.22,5,-3.1,0.257,1.7,65,0,0.2,0.7,122,50,99,84,34.00%,39.60%,26.40%,26.40%,22.60%,50.90%,13.60%,10950,N
2014,Jack Hannahan,Reds,26,48,50,9,6,3,0,0,3,2,2,0,17,0,0,0,2,0,0,0.188,4.00%,34.00%,0.12,0.22,0.25,0.47,0.063,0.29,2,-3.8,0.212,1.2,27,0,0.2,-0.2,132,51,92,79,25.80%,61.30%,12.90%,25.80%,48.40%,25.80%,0.00%,3692,N
2014,Josh Satin,Mets,25,35,43,3,1,2,0,0,2,3,6,0,14,2,0,0,2,0,0,0.086,14.00%,32.60%,0.43,0.256,0.143,0.399,0.057,0.143,1,-3.3,0.21,0.9,32,0,-0.4,-0.5,112,178,68,106,19.10%,47.60%,33.30%,33.30%,38.10%,28.60%,0.00%,6788,N
2014,Donald Lutz,Reds,28,51,54,9,5,4,0,0,2,1,3,1,19,0,0,0,0,0,0,0.176,5.60%,35.20%,0.16,0.222,0.255,0.477,0.078,0.281,2,-4.3,0.207,0.6,24,0,0.2,0.2,91,71,119,98,31.30%,56.30%,12.50%,9.40%,37.50%,53.10%,0.00%,10154,N
2014,Jason Rogers,Brewers,8,9,10,1,0,1,0,0,0,0,1,0,1,0,0,0,0,0,0,0.111,10.00%,10.00%,1,0.2,0.222,0.422,0.111,0.125,0,-0.9,0.197,0.1,16,0,0,0,146,128,59,84,12.50%,50.00%,37.50%,37.50%,50.00%,12.50%,0.00%,11773,N
2014,Kyle Parker,Rockies,18,26,26,5,4,1,0,0,1,1,0,0,14,0,0,0,0,0,0,0.192,0.00%,53.80%,0,0.192,0.231,0.423,0.038,0.417,0,-2.5,0.186,0.8,-5,0,-0.1,0.2,98,0,79,112,33.30%,33.30%,33.30%,25.00%,41.70%,33.30%,0.00%,11763,N
2014,Maikel Franco,Phillies,16,56,58,10,8,2,0,0,5,5,1,0,13,0,1,0,1,0,0,0.179,1.70%,22.40%,0.08,0.19,0.214,0.404,0.036,0.227,0,-5.8,0.179,2.4,7,0,0.5,-0.2,116,22,55,109,9.10%,52.30%,38.60%,40.90%,25.00%,34.10%,0.00%,12179,N
2014,Kyle Blanks,Padres,5,10,10,2,2,0,0,0,1,0,0,0,3,0,0,0,0,0,0,0.2,0.00%,30.00%,0,0.2,0.2,0.4,0,0.286,0,-1,0.178,2.6,10,0,0.1,0.1,125,0,68,96,57.10%,42.90%,0.00%,28.60%,57.10%,14.30%,0.00%,49,N
2014,Greg Dobbs,- - -,36,41,43,7,6,1,0,0,0,2,1,0,8,0,1,0,0,0,0,0.171,2.30%,18.60%,0.13,0.186,0.195,0.381,0.024,0.206,0,-4.6,0.17,0.1,0,0,-1,0.4,155,30,84,66,17.70%,55.90%,26.50%,29.40%,29.40%,41.20%,0.00%,2158,N
2014,Neftali Soto,Reds,21,30,31,3,2,1,0,0,1,1,0,0,8,0,1,0,2,1,0,0.1,0.00%,25.80%,0,0.097,0.133,0.23,0.033,0.13,-2,-5,0.099,6.2,-50,0.2,0,-0.4,53,0,0,183,17.40%,65.20%,17.40%,30.40%,43.50%,26.10%,0.00%,5663,N