,Name,Season,playerid,runsPredicted,HRsPredicted,RBIsPredicted,AVGPredicted,opsPredicted,runsActual,HRsActual,RBIsActuals,AVGActuals,OpsActuals
0,Victor Martinez,2019,393,55.21219637,14.48246427,63.62126905,0.267182193,0.784885685,#N/A,#N/A,#N/A,#N/A,#N/A
1,Juan Uribe,2019,454,19.19780765,6.436876372,35.82243955,0.206424096,0.678277966,#N/A,#N/A,#N/A,#N/A,#N/A
2,Carlos Beltran,2019,589,60.04828723,20.3851606,66.62833203,0.259667921,0.758906756,#N/A,#N/A,#N/A,#N/A,#N/A
3,Adrian Beltre,2019,639,58.4388119,18.50222077,78.93190301,0.284309548,0.79189483,#N/A,#N/A,#N/A,#N/A,#N/A
4,David Ortiz,2019,745,79.13345223,38.72541934,103.0280475,0.30990519,0.901651135,#N/A,#N/A,#N/A,#N/A,#N/A
5,A.J. Pierzynski,2019,746,17.08559928,0.320518063,31.09622202,0.232241519,0.619422853,#N/A,#N/A,#N/A,#N/A,#N/A
6,Todd Frazier,2019,785,62.49203313,25.03575466,86.23453902,0.214751706,0.805506695,63,21,67,0.251,0.772
7,Brandon Phillips,2019,791,66.03045241,10.66142212,59.03162716,0.272957411,0.726754515,#N/A,#N/A,#N/A,#N/A,#N/A
8,Ichiro Suzuki,2019,1101,43.55989965,4.989826517,32.23593259,0.264199152,0.683261895,#N/A,#N/A,#N/A,#N/A,#N/A
9,Andrew Romine,2019,1159,35.32451285,-0.035581729,32.85009918,0.233131978,0.701029578,#N/A,#N/A,#N/A,#N/A,#N/A
10,Albert Pujols,2019,1177,60.23793688,21.40709289,65.32553539,0.251113393,0.78981534,55,23,93,0.244,0.734
11,Chris Johnson,2019,1191,22.35402849,3.406959002,15.19379245,0.223881781,0.710248983,#N/A,#N/A,#N/A,#N/A,#N/A
12,Alex Rodriguez,2019,1274,15.4172134,9.48997853,37.79527438,0.18502067,0.658477003,#N/A,#N/A,#N/A,#N/A,#N/A
13,Mark Teixeira,2019,1281,45.71036771,20.02075731,46.47383616,0.19780026,0.762832359,#N/A,#N/A,#N/A,#N/A,#N/A
14,Jayson Werth,2019,1327,57.52390253,17.19395865,55.08505249,0.246764576,0.763470506,#N/A,#N/A,#N/A,#N/A,#N/A
15,Wilson Ramos,2019,1433,37.99548521,16.51055661,44.77863403,0.284149218,0.724835152,52,14,73,0.288,0.768
16,David Ross,2019,1551,25.1517188,16.81082084,52.25674595,0.215762467,0.75325785,#N/A,#N/A,#N/A,#N/A,#N/A
17,Coco Crisp,2019,1572,58.51459433,13.8869897,51.24307237,0.229937582,0.731855052,#N/A,#N/A,#N/A,#N/A,#N/A
18,Chase Utley,2019,1679,56.40205586,17.34763161,47.56082108,0.255887658,0.759936551,#N/A,#N/A,#N/A,#N/A,#N/A
19,Jose Reyes,2019,1736,36.23416386,11.47695887,32.15300492,0.226254073,0.688409562,#N/A,#N/A,#N/A,#N/A,#N/A
20,Justin Morneau,2019,1737,21.78136219,10.83810114,29.54461954,0.253464382,0.644888922,#N/A,#N/A,#N/A,#N/A,#N/A
21,Jhonny Peralta,2019,1738,31.25308008,16.44632341,40.61065406,0.260102524,0.70609342,#N/A,#N/A,#N/A,#N/A,#N/A
22,Miguel Cabrera,2019,1744,65.25987028,15.60672333,65.06831916,0.269631883,0.815839421,41,12,59,0.282,0.744
23,Rickie Weeks Jr.,2019,1849,25.43432046,15.89452007,27.63641655,0.239522345,0.728119924,#N/A,#N/A,#N/A,#N/A,#N/A
24,Joe Mauer,2019,1857,73.54696943,-0.365033635,52.15335605,0.292922697,0.834261506,#N/A,#N/A,#N/A,#N/A,#N/A
25,Matt Holliday,2019,1873,51.58885906,14.97587265,55.12209605,0.243110056,0.746691106,#N/A,#N/A,#N/A,#N/A,#N/A
26,Jose Bautista,2019,1887,61.06303778,22.62987814,58.14805982,0.218199463,0.826428326,#N/A,#N/A,#N/A,#N/A,#N/A
27,Andres Blanco,2019,1907,21.57112269,5.956572571,20.95229421,0.253986449,0.630905754,#N/A,#N/A,#N/A,#N/A,#N/A
28,Adrian Gonzalez,2019,1908,51.39982452,12.01770325,57.5395084,0.262122963,0.746616703,#N/A,#N/A,#N/A,#N/A,#N/A
29,Desmond Jennings,2019,1965,20.09690833,7.19146862,23.65866987,0.194806761,0.660464804,#N/A,#N/A,#N/A,#N/A,#N/A
30,David Peralta,2019,2136,80.96257905,17.19142891,63.35391277,0.290549479,0.819427393,48,12,57,0.275,0.804
31,Edwin Encarnacion,2019,2151,74.27504791,27.85004567,93.70993459,0.242913363,0.858634387,81,34,86,0.244,0.875
32,Ryan Howard,2019,2154,30.25968036,21.4048566,59.20135558,0.16602151,0.795985638,#N/A,#N/A,#N/A,#N/A,#N/A
33,Ryan Raburn,2019,2218,28.5883933,12.16432541,41.10432623,0.226979721,0.733870903,#N/A,#N/A,#N/A,#N/A,#N/A
34,Kelly Johnson,2019,2234,37.73916296,10.92475089,35.90399562,0.242118641,0.692196826,#N/A,#N/A,#N/A,#N/A,#N/A
35,Carlos Santana,2019,2396,90.3202809,26.4147359,89.10843111,0.247397914,0.838986846,110,34,93,0.281,0.911
36,Darwin Barney,2019,2430,44.54469357,9.504606612,38.06617667,0.252308036,0.694987089,#N/A,#N/A,#N/A,#N/A,#N/A
37,Nelson Cruz,2019,2434,76.02536617,24.95344676,84.29157692,0.257307173,0.832161347,81,41,108,0.311,1.031
38,Pedro Alvarez,2019,2495,46.42508021,24.82906301,51.62637977,0.23492017,0.762879441,#N/A,#N/A,#N/A,#N/A,#N/A
39,Lucas Duda,2019,2502,42.17104939,21.2108233,52.78688922,0.233254411,0.790425579,7,4,15,0.171,0.576
40,Yonder Alonso,2019,2530,66.97840498,19.80497398,65.08378024,0.25367887,0.809972775,34,10,37,0.199,0.641
41,Peter Bourjos,2019,2578,40.45958246,11.77756665,38.13346225,0.247122604,0.685142466,#N/A,#N/A,#N/A,#N/A,#N/A
42,Carlos Ruiz,2019,2579,31.65246755,4.27406211,7.83974025,0.280721058,0.720968896,#N/A,#N/A,#N/A,#N/A,#N/A
43,Zack Cozart,2019,2616,42.52378002,23.41927238,49.47217451,0.252653023,0.737957143,4,0,7,0.124,0.322
44,Brandon Guyer,2019,2636,28.0308198,18.25852321,22.15570886,0.231136453,0.698985694,#N/A,#N/A,#N/A,#N/A,#N/A
45,Manny Pina,2019,2829,37.05261038,15.39965843,46.50075258,0.262278394,0.718675082,10,7,25,0.228,0.724
46,Roberto Perez,2019,2900,15.29557533,2.318249787,24.14512892,0.196381073,0.715889556,46,24,63,0.239,0.774
47,Angel Pagan,2019,2918,71.2188846,13.38576832,56.62579203,0.27159228,0.729345566,#N/A,#N/A,#N/A,#N/A,#N/A
48,Tommy Pham,2019,2967,84.14335153,16.40662147,62.28703789,0.285059304,0.85485244,77,21,68,0.273,0.818
49,Mike Napoli,2019,3057,60.3736929,23.05567522,66.78952759,0.226547239,0.786732214,#N/A,#N/A,#N/A,#N/A,#N/A
50,Mitch Moreland,2019,3086,56.97784238,16.33584285,68.55804344,0.244807557,0.787421063,48,19,58,0.252,0.835
51,Gregor Blanco,2019,3123,22.776988,-0.721465576,15.59089987,0.233119677,0.673616201,#N/A,#N/A,#N/A,#N/A,#N/A
52,Robinson Chirinos,2019,3142,45.47706016,27.79847074,45.65733982,0.244429378,0.796921601,57,17,58,0.238,0.79
53,Shin-Soo Choo,2019,3174,83.59632853,14.70959421,61.32987574,0.262884862,0.856665576,93,24,61,0.265,0.826
54,Dioner Navarro,2019,3179,28.23503189,8.415419584,40.13997162,0.215990862,0.686019022,#N/A,#N/A,#N/A,#N/A,#N/A
55,Franklin Gutierrez,2019,3255,34.93009262,20.88725433,44.78005828,0.244028313,0.786528194,#N/A,#N/A,#N/A,#N/A,#N/A
56,Welington Castillo,2019,3256,49.33003936,17.69755639,52.44282497,0.263534282,0.76257822,19,12,41,0.209,0.684
57,Robinson Cano,2019,3269,63.90299745,14.28322538,52.13094217,0.293595684,0.785155823,46,13,39,0.256,0.736
58,Charlie Culberson,2019,3298,39.59695201,16.00244694,34.25156169,0.262984198,0.68562415,14,5,20,0.259,0.731
59,Martin Prado,2019,3312,37.80398928,1.063956823,25.51679649,0.26877514,0.690926309,26,2,15,0.233,0.559
60,Matt Joyce,2019,3353,41.86255956,15.0594647,47.98829165,0.220113304,0.776736073,32,7,23,0.295,0.858
61,Miguel Montero,2019,3364,37.8312156,10.25818788,38.6686428,0.234883895,0.715747282,#N/A,#N/A,#N/A,#N/A,#N/A
62,Alejandro De Aza,2019,3371,25.25010957,8.700351236,22.52875443,0.218439408,0.789369679,#N/A,#N/A,#N/A,#N/A,#N/A
63,Nick Hundley,2019,3376,29.09828814,17.09126952,29.33970758,0.250085667,0.739493795,#N/A,#N/A,#N/A,#N/A,#N/A
64,Cliff Pennington,2019,3395,22.49268697,1.750865573,37.03972392,0.262207854,0.669974195,#N/A,#N/A,#N/A,#N/A,#N/A
65,Ryan Braun,2019,3410,56.08769322,16.75637456,60.66210626,0.255201947,0.779030192,70,22,75,0.285,0.849
66,Nolan Reimold,2019,3441,19.67049769,7.945773912,22.25293299,0.219912077,0.666939333,#N/A,#N/A,#N/A,#N/A,#N/A
67,Jeff Mathis,2019,3448,14.11146989,7.254834857,17.42380521,0.227971042,0.720405482,17,2,12,0.158,0.433
68,Anthony Rizzo,2019,3473,85.57737215,25.60334196,95.47832069,0.276955433,0.829272595,89,27,94,0.293,0.924
69,Eric Hosmer,2019,3516,85.78136505,6.740169738,59.93421825,0.265189739,0.790976328,72,22,99,0.265,0.735
70,Troy Tulowitzki,2019,3531,48.14701451,15.68939811,48.85537064,0.25365305,0.730449109,#N/A,#N/A,#N/A,#N/A,#N/A
71,Rene Rivera,2019,3648,33.45770298,13.06932721,36.51296482,0.242642466,0.715475419,#N/A,#N/A,#N/A,#N/A,#N/A
72,Rajai Davis,2019,3708,32.49734342,-0.194031221,20.510796,0.238035353,0.651607169,#N/A,#N/A,#N/A,#N/A,#N/A
73,Eric Thames,2019,3711,42.6245157,25.56800775,39.42284623,0.227565756,0.806122311,67,25,61,0.247,0.851
74,J.J. Hardy,2019,3797,42.65119114,12.31454879,46.29847944,0.253828399,0.709739299,#N/A,#N/A,#N/A,#N/A,#N/A
75,Gregorio Petit,2019,3812,18.72161683,0.339405885,16.72454716,0.250284018,0.653553899,#N/A,#N/A,#N/A,#N/A,#N/A
76,Chris Young,2019,3882,40.75519613,21.68913066,36.2695986,0.26163253,0.738370652,#N/A,#N/A,#N/A,#N/A,#N/A
77,Josh Reddick,2019,3892,63.80343874,17.31061253,66.44845035,0.269460961,0.757793432,57,14,56,0.275,0.728
78,Melky Cabrera,2019,4022,51.69924906,10.78741915,61.9525696,0.277907734,0.750991285,43,7,47,0.28,0.713
79,Dexter Fowler,2019,4062,50.0437507,13.49122353,54.65347936,0.22124027,0.766762026,69,19,67,0.238,0.754
80,Erick Aybar,2019,4082,49.20702814,9.738407805,47.00914121,0.245478533,0.696695662,#N/A,#N/A,#N/A,#N/A,#N/A
81,Michael Brantley,2019,4106,78.10220178,16.53374314,72.33967441,0.300685651,0.788687982,88,22,90,0.311,0.875
82,Gorkys Hernandez,2019,4146,48.79966352,9.629379308,49.84036875,0.24786448,0.725976713,#N/A,#N/A,#N/A,#N/A,#N/A
83,Yunel Escobar,2019,4191,57.07958594,9.097127158,45.81188684,0.275205126,0.728493941,#N/A,#N/A,#N/A,#N/A,#N/A
84,Ryan Zimmerman,2019,4220,53.47105865,14.02545773,58.71145308,0.265867928,0.759190461,20,6,27,0.257,0.736
85,Howie Kendrick,2019,4229,58.35140117,6.719497008,48.03650968,0.270611395,0.735997242,61,17,62,0.344,0.966
86,Matt Wieters,2019,4298,37.51143244,11.95070007,40.18808761,0.243173483,0.730336527,15,11,27,0.214,0.702
87,Joey Votto,2019,4314,90.14761308,17.17890429,73.51420086,0.301543571,0.903255231,79,15,47,0.261,0.768
88,Daniel Murphy,2019,4316,57.69001531,16.83712056,56.17036265,0.301232136,0.734181036,56,13,78,0.279,0.78
89,Erik Kratz,2019,4403,17.32252249,10.630146,24.82970786,0.253580393,0.71596985,#N/A,#N/A,#N/A,#N/A,#N/A
90,Jed Lowrie,2019,4418,81.35510761,18.58110026,66.56972114,0.278715826,0.847726181,#N/A,#N/A,#N/A,#N/A,#N/A
91,Brandon Moss,2019,4467,50.70708039,22.98916097,60.0937796,0.223968012,0.773080949,#N/A,#N/A,#N/A,#N/A,#N/A
92,James Loney,2019,4556,40.63354628,8.882413864,30.79310438,0.269233408,0.689833844,#N/A,#N/A,#N/A,#N/A,#N/A
93,Starlin Castro,2019,4579,75.56691018,14.64490163,72.03530898,0.282792251,0.763751418,68,22,86,0.27,0.736
94,Prince Fielder,2019,4613,36.78784329,8.984433072,55.09528804,0.218977502,0.708201778,#N/A,#N/A,#N/A,#N/A,#N/A
95,Russell Martin,2019,4616,43.51638971,8.182976488,29.94333782,0.206342807,0.750803821,29,6,20,0.22,0.667
96,Ben Revere,2019,4712,46.44985541,5.338519341,38.90979748,0.251700863,0.678607449,#N/A,#N/A,#N/A,#N/A,#N/A
97,Chase Headley,2019,4720,66.65983507,13.29127198,66.09711973,0.258200737,0.770048043,#N/A,#N/A,#N/A,#N/A,#N/A
98,Jacoby Ellsbury,2019,4727,64.56063619,12.72309408,47.25930888,0.262002826,0.745525026,#N/A,#N/A,#N/A,#N/A,#N/A
99,Curtis Granderson,2019,4747,57.23868471,25.94070681,52.32047063,0.232157934,0.819374115,44,12,34,0.183,0.637
100,Jeff Francoeur,2019,4792,35.94856388,10.04477927,39.52683024,0.25797286,0.676376022,#N/A,#N/A,#N/A,#N/A,#N/A
101,Brian McCann,2019,4810,30.58385408,15.98353064,39.85662094,0.22281314,0.699635428,28,12,45,0.249,0.734
102,Jarrod Dyson,2019,4866,35.96653569,2.043236285,21.9086559,0.223856613,0.648830524,65,7,27,0.23,0.633
103,Carlos Gomez,2019,4881,48.32839296,13.12530803,40.62970916,0.235223291,0.733936317,#N/A,#N/A,#N/A,#N/A,#N/A
104,Mike Moustakas,2019,4892,72.30571935,24.96585454,90.92089039,0.257360367,0.810406093,80,35,87,0.254,0.845
105,Ender Inciarte,2019,4922,91.62792993,9.299642192,67.39390586,0.279028617,0.766379967,30,5,24,0.246,0.74
106,Jason Heyward,2019,4940,64.75377275,14.20491417,45.15791589,0.270847988,0.724587269,78,21,62,0.251,0.772
107,Giancarlo Stanton,2019,4949,88.13004432,26.12918042,106.3153794,0.256704436,0.850893935,#N/A,#N/A,#N/A,#N/A,#N/A
108,Asdrubal Cabrera,2019,4962,69.65997058,24.93899029,63.57463962,0.274001718,0.791363494,69,18,91,0.26,0.783
109,Luis Valbuena,2019,4969,29.00668888,16.89416703,45.33499136,0.204926779,0.741410693,#N/A,#N/A,#N/A,#N/A,#N/A
110,Stephen Vogt,2019,5000,48.56711624,14.67130381,50.84544954,0.24970521,0.733822262,30,10,40,0.263,0.804
111,Melvin Upton Jr.,2019,5015,67.49585172,8.590964273,78.70564939,0.228335409,0.73373482,#N/A,#N/A,#N/A,#N/A,#N/A
112,Josh Donaldson,2019,5038,48.32763638,21.41710901,42.9414483,0.256405817,0.793791969,96,37,94,0.259,0.9
113,Jefry Marte,2019,5107,20.4807268,20.20263027,26.10458951,0.22096192,0.65833706,#N/A,#N/A,#N/A,#N/A,#N/A
114,Alexei Ramirez,2019,5133,52.76105434,9.615213162,44.29294739,0.24522881,0.675853431,#N/A,#N/A,#N/A,#N/A,#N/A
115,Alex Gordon,2019,5209,66.32798179,11.34709,53.25930715,0.234537706,0.796791252,77,13,76,0.266,0.741
116,Justin Upton,2019,5222,82.39099863,24.45291748,78.46338522,0.259954349,0.853300736,34,12,40,0.215,0.724
117,Cameron Maybin,2019,5223,50.84200744,5.261233133,33.61811825,0.255615763,0.729408635,48,11,32,0.285,0.858
118,Jon Jay,2019,5227,68.17555195,0.422179192,43.64420296,0.280167806,0.743513317,12,0,9,0.267,0.626
119,Justin Turner,2019,5235,71.29985409,22.89312684,63.52531904,0.318636125,0.830697319,80,27,67,0.29,0.881
120,Brett Lawrie,2019,5247,47.18933182,15.73405796,36.1566926,0.251951683,0.711808748,#N/A,#N/A,#N/A,#N/A,#N/A
121,Robbie Grossman,2019,5254,56.40091587,10.35013441,50.24097898,0.277354676,0.78785174,57,6,38,0.24,0.682
122,Sandy Leon,2019,5273,21.88563647,9.117158804,29.23971435,0.209900389,0.673004751,14,5,19,0.192,0.548
123,Francisco Cervelli,2019,5275,49.81657764,12.68894171,44.45878591,0.266535149,0.746943394,15,3,12,0.213,0.649
124,Aaron Hicks,2019,5297,70.94645855,21.60562915,73.76938547,0.244421201,0.81263529,41,12,36,0.235,0.769
125,Alex Presley,2019,5305,32.46243974,4.509370603,11.31912921,0.30239181,0.661325731,#N/A,#N/A,#N/A,#N/A,#N/A
126,Brandon Crawford,2019,5343,72.20475227,10.03839186,82.84026465,0.258951617,0.789510492,58,11,59,0.228,0.654
127,Yangervis Solarte,2019,5352,53.26067405,15.48512871,58.74580329,0.242462407,0.726847912,#N/A,#N/A,#N/A,#N/A,#N/A
128,Freddie Freeman,2019,5361,92.37231672,25.03773261,82.34109291,0.301894816,0.873765577,113,38,121,0.295,0.938
129,Juan Lagares,2019,5384,31.25840109,10.215525,21.8729238,0.255672177,0.659009555,38,5,27,0.213,0.605
130,Jake Smolinski,2019,5408,30.92260612,10.00200447,30.8149163,0.243121388,0.68844398,#N/A,#N/A,#N/A,#N/A,#N/A
131,Pablo Sandoval,2019,5409,24.95024007,5.890402731,30.34053062,0.239587089,0.708643045,42,14,41,0.268,0.82
132,Jose Altuve,2019,5417,95.14152424,19.74752853,59.95053789,0.319071537,0.791629098,89,31,74,0.298,0.903
133,Daniel Nava,2019,5450,31.91113131,14.07281775,21.30168454,0.300346194,0.734202155,#N/A,#N/A,#N/A,#N/A,#N/A
134,Ji-Man Choi,2019,5452,27.04516465,20.02400193,37.39035574,0.263856602,0.772244327,54,19,63,0.261,0.822
135,Jose Pirela,2019,5485,47.52417333,7.235680544,41.51263566,0.269487869,0.729828554,#N/A,#N/A,#N/A,#N/A,#N/A
136,Austin Romine,2019,5491,23.38537848,-1.322976533,36.80065046,0.231999397,0.688419822,29,8,35,0.281,0.748
137,Marwin Gonzalez,2019,5497,66.20313527,19.96141946,53.84105136,0.266832562,0.791570848,52,15,55,0.264,0.736
138,Jarrod Saltalamacchia,2019,5557,27.24609426,18.64714833,56.26405472,0.169166954,0.775520195,#N/A,#N/A,#N/A,#N/A,#N/A
139,Matt Kemp,2019,5631,60.29050012,20.51270155,76.73107396,0.278015979,0.793308705,#N/A,#N/A,#N/A,#N/A,#N/A
140,Devin Mesoraco,2019,5666,27.77658434,23.85305011,29.72847009,0.225822873,0.701369519,#N/A,#N/A,#N/A,#N/A,#N/A
141,Steven Souza Jr.,2019,5667,49.3439177,14.93433731,34.53898086,0.238964218,0.791726978,#N/A,#N/A,#N/A,#N/A,#N/A
142,Hernan Perez,2019,5751,42.61946267,9.594857464,40.85207458,0.2592124,0.702527056,29,8,18,0.228,0.642
143,Avisail Garcia,2019,5760,53.66603865,19.62925842,58.26558375,0.254028031,0.738657185,61,20,72,0.282,0.796
144,Wilmer Flores,2019,5827,42.32735752,17.84675009,77.21280783,0.274420316,0.720359882,31,9,37,0.317,0.848
145,John Jaso,2019,5887,48.70462198,16.31213345,42.11043004,0.251431892,0.750097762,#N/A,#N/A,#N/A,#N/A,#N/A
146,Leury Garcia,2019,5913,30.71011686,2.079135361,24.95074355,0.263673606,0.660641953,93,8,40,0.279,0.688
147,Nick Markakis,2019,5930,90.61674125,9.518099219,91.0443301,0.293809606,0.842782638,61,9,62,0.285,0.776
148,Jean Segura,2019,5933,83.83554432,8.08397448,66.46136732,0.298947939,0.725817235,79,12,60,0.28,0.743
149,Didi Gregorius,2019,6012,73.69038667,20.57821599,97.19351305,0.265437933,0.756457214,47,16,61,0.238,0.718
150,Cristhian Adames,2019,6013,25.66330475,-1.720334731,11.47636067,0.218396802,0.622102175,#N/A,#N/A,#N/A,#N/A,#N/A
151,Aaron Hill,2019,6104,55.76415194,14.63671911,50.8983037,0.271629306,0.7567755,#N/A,#N/A,#N/A,#N/A,#N/A
152,Eduardo Escobar,2019,6153,70.24733143,20.39001906,82.4122399,0.262029057,0.791157991,94,35,118,0.269,0.831
153,J.D. Martinez,2019,6184,80.03628264,29.33926749,95.59144769,0.305367839,0.862207333,98,36,105,0.304,0.939
154,Ian Kinsler,2019,6195,72.69442075,17.59684664,56.28321903,0.250890837,0.776192928,28,9,22,0.217,0.646
155,Alcides Escobar,2019,6310,69.4369913,8.759076405,61.85703544,0.250034478,0.727173243,#N/A,#N/A,#N/A,#N/A,#N/A
156,Danny Valencia,2019,6364,39.91240477,14.16754101,60.54030158,0.255200383,0.72206772,#N/A,#N/A,#N/A,#N/A,#N/A
157,Adam Jones,2019,6368,80.23965884,16.72371163,72.08100209,0.27652166,0.750738319,66,16,67,0.26,0.728
158,Michael Bourn,2019,6387,49.66790146,4.682169662,37.03025149,0.264999694,0.687502478,#N/A,#N/A,#N/A,#N/A,#N/A
159,Kirk Nieuwenhuis,2019,6400,46.21648728,18.60034789,32.11852847,0.216451089,0.779431717,#N/A,#N/A,#N/A,#N/A,#N/A
160,Jordy Mercer,2019,6547,59.83837207,13.67587182,49.84294329,0.256463688,0.741866084,24,9,22,0.27,0.747
161,Bobby Wilson,2019,6564,20.76165958,19.33260301,39.0678961,0.225189143,0.644732164,#N/A,#N/A,#N/A,#N/A,#N/A
162,Sean Rodriguez,2019,6589,41.83859379,21.99817975,52.2544065,0.268821816,0.791196346,24,4,12,0.223,0.723
163,Freddy Galvis,2019,6609,77.79540772,12.90800647,78.9813944,0.25767168,0.794395967,67,23,70,0.26,0.734
164,Chase d'Arnaud,2019,6652,30.40111059,3.589037098,30.0177767,0.257784931,0.678265175,#N/A,#N/A,#N/A,#N/A,#N/A
165,JB Shuck,2019,6677,16.83632135,-0.646196313,18.74505799,0.218895622,0.603179072,#N/A,#N/A,#N/A,#N/A,#N/A
166,Johnny Giavotella,2019,6740,36.80086185,2.38481141,41.48451965,0.259196506,0.658125502,#N/A,#N/A,#N/A,#N/A,#N/A
167,Eduardo Nunez,2019,6848,58.03532861,8.871328141,53.88009187,0.282148199,0.686314168,13,2,20,0.228,0.548
168,Derek Norris,2019,6867,48.44736502,12.15954342,53.44706789,0.184922302,0.760936048,#N/A,#N/A,#N/A,#N/A,#N/A
169,Mark Trumbo,2019,6876,52.9452098,13.1435592,48.33397064,0.244197264,0.760761284,#N/A,#N/A,#N/A,#N/A,#N/A
170,Chris Coghlan,2019,6878,31.11172885,3.714744759,27.14056776,0.18902834,0.713076613,#N/A,#N/A,#N/A,#N/A,#N/A
171,Ian Desmond,2019,6885,70.35132672,4.412496552,65.31356848,0.244043931,0.734651774,64,20,65,0.255,0.788
172,Martin Maldonado,2019,6887,40.18285985,12.35612551,39.1636418,0.224861164,0.691979975,46,12,27,0.213,0.671
173,Clint Robinson,2019,6908,17.61908628,2.383363782,40.31782963,0.241962905,0.66551339,#N/A,#N/A,#N/A,#N/A,#N/A
174,Yadier Molina,2019,7007,59.70329854,22.29814249,79.77478606,0.273194868,0.787764273,45,10,57,0.27,0.711
175,Caleb Joseph,2019,7087,21.64049922,5.390460093,21.82605328,0.231468971,0.638101769,#N/A,#N/A,#N/A,#N/A,#N/A
176,Logan Forsythe,2019,7185,56.022802,3.45222909,38.43211158,0.250387605,0.770380757,38,7,39,0.227,0.678
177,Matt Davidson,2019,7226,52.09962778,16.98856433,64.02161632,0.227189267,0.784335215,#N/A,#N/A,#N/A,#N/A,#N/A
178,Tyler Moore,2019,7244,14.95525136,19.81330889,41.92418978,0.239198087,0.657811791,#N/A,#N/A,#N/A,#N/A,#N/A
179,Carlos Gonzalez,2019,7287,67.41087938,14.49518522,64.48388916,0.277859927,0.758315877,21,3,10,0.2,0.572
180,Salvador Perez,2019,7304,55.8514198,27.68851409,75.9232765,0.245490618,0.784656083,#N/A,#N/A,#N/A,#N/A,#N/A
181,Chris Gimenez,2019,7324,27.37460191,20.97684869,17.45040778,0.220660407,0.742034576,#N/A,#N/A,#N/A,#N/A,#N/A
182,Seth Smith,2019,7331,51.3103295,15.30668069,49.25023573,0.251648439,0.759992452,#N/A,#N/A,#N/A,#N/A,#N/A
183,Billy Butler,2019,7399,28.85151197,5.695387066,34.68704208,0.279534959,0.72188399,#N/A,#N/A,#N/A,#N/A,#N/A
184,Ben Zobrist,2019,7435,70.95132475,20.65629969,69.09299031,0.284950687,0.779347709,24,1,17,0.26,0.671
185,Trevor Plouffe,2019,7462,41.27487256,14.8333435,42.87640888,0.238009161,0.728056711,#N/A,#N/A,#N/A,#N/A,#N/A
186,Alex Avila,2019,7476,30.58929446,12.70428796,30.59033183,0.212824796,0.838353017,22,9,24,0.207,0.774
187,Neil Walker,2019,7539,51.21250004,17.09462878,50.73395469,0.243043389,0.782590339,37,8,38,0.261,0.738
188,Lonnie Chisenhall,2019,7571,49.23731875,16.11420387,51.30019193,0.27555025,0.724251619,#N/A,#N/A,#N/A,#N/A,#N/A
189,Mark Reynolds,2019,7619,41.69145305,23.34850581,51.36319745,0.249725559,0.746428624,13,4,20,0.17,0.601
190,Travis d'Arnaud,2019,7739,43.00847121,11.40772732,42.24698036,0.253556688,0.715169857,52,16,69,0.251,0.745
191,Miguel Rojas,2019,7802,49.88376232,0.152731756,43.85640848,0.262002654,0.680229378,52,5,46,0.284,0.71
192,Charlie Blackmon,2019,7859,97.48268672,25.62631054,74.23448095,0.297697012,0.827568928,112,32,86,0.314,0.94
193,Jonathan Lucroy,2019,7870,54.51593511,2.971925781,60.71833468,0.261645411,0.739122091,30,8,36,0.232,0.66
194,Eric Sogard,2019,7927,42.91895639,7.155367428,14.33008536,0.278984289,0.738344846,59,13,40,0.29,0.81
195,Tim Beckham,2019,7949,48.88350731,15.0010095,42.56683602,0.245296174,0.731773395,39,15,47,0.237,0.753
196,Jose Martinez,2019,7996,68.06380514,11.87631957,53.78124912,0.301285988,0.80244237,45,10,42,0.269,0.751
197,Hanley Ramirez,2019,8001,65.993229,17.23500266,57.90060641,0.256939025,0.782631689,#N/A,#N/A,#N/A,#N/A,#N/A
198,Adam Lind,2019,8027,47.63228404,15.34692886,55.15509982,0.25997444,0.745609443,#N/A,#N/A,#N/A,#N/A,#N/A
199,Matt Carpenter,2019,8090,87.12921302,32.32562503,82.55262524,0.262000966,0.927420882,59,15,46,0.226,0.726
200,Josh Harrison,2019,8202,54.18629866,16.67650114,57.9591726,0.263706329,0.723776949,10,1,8,0.175,0.48
201,Dee Gordon,2019,8203,78.8192779,-0.764042726,61.93013274,0.27046898,0.661008067,36,3,34,0.275,0.663
202,Hunter Pence,2019,8252,38.67788998,1.64846133,39.16120301,0.24320721,0.676680744,53,18,59,0.297,0.91
203,Kurt Suzuki,2019,8259,42.44098345,27.36699936,58.5248145,0.27531607,0.72813507,37,17,63,0.264,0.809
204,Chris Iannetta,2019,8267,41.07417383,16.42155019,42.67116091,0.237552903,0.778670516,20,6,21,0.222,0.728
205,Denard Span,2019,8347,69.68306613,12.79927037,66.89329536,0.261848551,0.756209466,#N/A,#N/A,#N/A,#N/A,#N/A
206,Dustin Pedroia,2019,8370,67.60909829,11.74870416,56.15149367,0.282967267,0.762959376,#N/A,#N/A,#N/A,#N/A,#N/A
207,Daniel Descalso,2019,8392,53.08802569,22.55137115,63.89827395,0.253902767,0.812423636,20,2,15,0.173,0.521
208,Ehire Adrianza,2019,8418,40.29623927,15.78968324,36.48941345,0.261819246,0.745242967,34,5,22,0.272,0.765
209,Brett Wallace,2019,8434,26.69619741,9.697562355,23.39524047,0.193752602,0.723753524,#N/A,#N/A,#N/A,#N/A,#N/A
210,Gerardo Parra,2019,8553,51.611872,7.699561783,54.52136341,0.289840204,0.731514917,38,9,48,0.234,0.684
211,Kendrys Morales,2019,8610,58.33515359,15.86028189,70.2895418,0.246966748,0.800199151,16,2,12,0.194,0.566
212,Paulo Orlando,2019,8628,62.14063337,5.896356397,47.64749688,0.302775993,0.694366236,#N/A,#N/A,#N/A,#N/A,#N/A
213,Elvis Andrus,2019,8709,69.3690548,14.76481833,55.00217201,0.275291503,0.740190608,81,12,72,0.275,0.707
214,Jason Castro,2019,8722,48.2557034,12.14846476,40.98793204,0.242369659,0.765904966,39,13,30,0.232,0.767
215,Conor Gillaspie,2019,9009,19.22309498,12.20649641,23.57558749,0.264622711,0.674090079,#N/A,#N/A,#N/A,#N/A,#N/A
216,Gordon Beckham,2019,9015,28.51819568,6.957230022,43.63852911,0.230013236,0.688244431,29,6,15,0.215,0.643
217,Ezequiel Carrera,2019,9048,47.37865635,10.34715007,35.91114016,0.260824192,0.706325832,#N/A,#N/A,#N/A,#N/A,#N/A
218,Justin Smoak,2019,9054,68.49315399,25.45071515,65.01073085,0.247452783,0.829476036,54,22,61,0.208,0.748
219,Lorenzo Cain,2019,9077,92.24980166,6.313223229,52.42468035,0.305040213,0.802977745,75,11,48,0.26,0.697
220,Khris Davis,2019,9112,79.20299954,23.76683088,105.4449062,0.23089456,0.854453665,61,23,73,0.22,0.679
221,Tyler Flowers,2019,9134,41.39340286,16.50704488,31.40084608,0.265348709,0.790539043,36,11,34,0.229,0.733
222,Buster Posey,2019,9166,65.99512021,9.28081847,51.9934442,0.304272565,0.781181107,43,7,38,0.257,0.688
223,Logan Morrison,2019,9205,49.87980855,22.75794402,49.74699088,0.204340051,0.786575679,#N/A,#N/A,#N/A,#N/A,#N/A
224,Paul Goldschmidt,2019,9218,98.56854797,23.93305175,70.44418018,0.296641631,0.898099893,97,34,97,0.26,0.821
225,Danny Espinosa,2019,9219,50.63441769,17.69851198,52.03876693,0.220357849,0.742045412,#N/A,#N/A,#N/A,#N/A,#N/A
226,Starling Marte,2019,9241,69.50775644,13.6259599,52.90032038,0.279131057,0.725010096,97,23,82,0.295,0.845
227,Keon Broxton,2019,9253,48.70883931,13.55464332,41.81626095,0.247764733,0.768642828,24,6,16,0.167,0.517
228,A.J. Pollock,2019,9256,59.51713815,25.21622356,71.53044166,0.258210891,0.781279878,49,15,47,0.266,0.795
229,Chris Davis,2019,9272,55.97693122,13.79785677,66.71861831,0.181231588,0.808969656,26,12,36,0.179,0.601
230,Chris Herrmann,2019,9284,23.44596129,4.502694606,28.23647083,0.173300804,0.71915327,#N/A,#N/A,#N/A,#N/A,#N/A
231,Brock Holt,2019,9345,43.07202947,9.42596936,36.48021985,0.264302012,0.706018322,38,3,31,0.297,0.771
232,Evan Longoria,2019,9368,68.56359435,19.33218199,90.81548656,0.256404054,0.781870758,59,20,69,0.254,0.762
233,Matt Adams,2019,9393,37.20076844,26.0233048,44.69132232,0.240403691,0.743833597,42,20,56,0.226,0.741
234,Jeremy Hazelbaker,2019,9399,18.58127688,11.76473714,39.40573336,0.219482793,0.664012939,#N/A,#N/A,#N/A,#N/A,#N/A
235,David Freese,2019,9549,49.06936851,6.388920318,44.90903185,0.282609653,0.734359321,35,11,29,0.315,1.002
236,Yan Gomes,2019,9627,43.75231801,18.44319967,48.71549982,0.247447324,0.750864432,36,12,43,0.223,0.704
237,Shawn O'Malley,2019,9629,21.33291295,-2.062518647,10.30037929,0.228752024,0.622904377,#N/A,#N/A,#N/A,#N/A,#N/A
238,Adam Rosales,2019,9682,39.87114206,17.78286613,51.76585978,0.239741429,0.726049226,#N/A,#N/A,#N/A,#N/A,#N/A
239,Justin Bour,2019,9744,52.69599104,19.82944708,58.77739182,0.245994673,0.799604443,18,8,26,0.172,0.623
240,Christian Vazquez,2019,9774,25.08218181,-1.214855248,16.77091362,0.241792606,0.659584642,66,23,72,0.276,0.798
241,Jason Kipnis,2019,9776,66.91024553,15.68382166,66.65993423,0.240839924,0.784575829,52,17,65,0.245,0.715
242,Nolan Arenado,2019,9777,93.40112606,27.93874789,99.25947577,0.290985725,0.852653709,102,41,118,0.315,0.962
243,Kyle Seager,2019,9785,72.42644606,21.26295057,79.77003218,0.240439218,0.811503855,55,23,63,0.239,0.789
244,Ryan Goins,2019,9807,50.3194148,3.776568467,61.25516624,0.241929854,0.69503703,13,2,10,0.25,0.681
245,Brian Dozier,2019,9810,85.27283386,28.09065414,79.48324225,0.240153153,0.825524038,54,20,50,0.238,0.771
246,Andrew McCutchen,2019,9847,85.3613071,21.90182293,84.04660504,0.269180587,0.867375748,45,10,29,0.256,0.834
247,Austin Jackson,2019,9848,41.83648227,5.574839277,31.37120553,0.281870155,0.712812496,#N/A,#N/A,#N/A,#N/A,#N/A
248,DJ LeMahieu,2019,9874,80.17782227,3.147356331,80.87576951,0.289955455,0.778057118,109,26,102,0.327,0.893
249,Ivan De Jesus,2019,9886,25.08241072,-5.897509375,12.80680452,0.253944161,0.647359195,#N/A,#N/A,#N/A,#N/A,#N/A
250,Jay Bruce,2019,9892,52.77527119,21.97350409,49.77719468,0.239927565,0.787559071,43,26,59,0.216,0.784
251,Colby Rasmus,2019,9893,43.49403016,22.57502486,55.97452906,0.203843744,0.776221691,#N/A,#N/A,#N/A,#N/A,#N/A
252,Chris Carter,2019,9911,49.66384968,18.76690186,67.33863856,0.226720761,0.77386444,#N/A,#N/A,#N/A,#N/A,#N/A
253,Brett Gardner,2019,9927,90.08395614,9.028785627,71.44241926,0.246881351,0.775184762,86,28,74,0.251,0.829
254,Trayce Thompson,2019,9952,31.23193173,13.73786825,26.67140544,0.206653158,0.688782983,#N/A,#N/A,#N/A,#N/A,#N/A
255,Ryan Schimpf,2019,9953,45.97121432,29.55790026,61.36429929,0.222696608,0.7896983,#N/A,#N/A,#N/A,#N/A,#N/A
256,Steve Pearce,2019,9957,38.88287662,25.20162953,39.78722698,0.269167593,0.73851811,#N/A,#N/A,#N/A,#N/A,#N/A
257,Michael Saunders,2019,9981,49.474791,15.52073013,46.93002475,0.239330412,0.741497284,#N/A,#N/A,#N/A,#N/A,#N/A
258,Christian Bethancourt,2019,10028,13.81849529,8.040489969,20.5237706,0.226162245,0.627086787,#N/A,#N/A,#N/A,#N/A,#N/A
259,Chris Owings,2019,10030,36.03649478,7.882482896,39.09657029,0.242681267,0.725748129,13,3,14,0.139,0.443
260,Wil Myers,2019,10047,62.00096863,22.86953036,59.63372302,0.252961202,0.817916357,58,18,53,0.239,0.739
261,Max Stassi,2019,10059,25.17540489,14.37885541,20.5157044,0.231089868,0.708805066,7,1,5,0.136,0.378
262,Jonathan Villar,2019,10071,66.63195005,7.926722083,46.61630063,0.255383134,0.739304063,111,24,73,0.274,0.792
263,Mike Trout,2019,10155,96.33278967,31.21882457,80.69341842,0.304419266,0.912254061,110,45,104,0.291,1.083
264,Billy Hamilton,2019,10199,78.06120045,3.709668024,54.53781366,0.241741108,0.703248012,41,0,15,0.218,0.564
265,Tucker Barnhart,2019,10200,55.68143925,13.26877146,50.25327273,0.262529877,0.782925833,32,11,40,0.231,0.708
266,Jose Iglesias,2019,10231,57.41719212,9.834533749,42.21041615,0.268458569,0.694242185,62,11,59,0.288,0.724
267,Randal Grichuk,2019,10243,51.91977667,29.73893452,61.06694235,0.236091716,0.757619544,75,31,80,0.232,0.738
268,Brandon Belt,2019,10264,61.82839458,19.03687379,49.34669267,0.264641738,0.837505042,76,17,57,0.234,0.742
269,Oswaldo Arcia,2019,10306,15.51010827,17.20985288,25.0822812,0.190377489,0.69410754,#N/A,#N/A,#N/A,#N/A,#N/A
270,Danny Santana,2019,10322,19.75609129,3.18531782,17.20574659,0.244628148,0.657836253,81,28,81,0.283,0.857
271,Rafael Ortega,2019,10323,17.6204958,-3.277701652,4.546239579,0.24277153,0.605206471,#N/A,#N/A,#N/A,#N/A,#N/A
272,Marcell Ozuna,2019,10324,83.69117367,20.66771405,71.07107698,0.289790119,0.822621233,80,29,89,0.243,0.804
273,Scooter Gennett,2019,10339,75.56939247,21.31514708,70.2465902,0.297147556,0.786310882,15,2,11,0.226,0.568
274,John Ryan Murphy,2019,10346,13.37786624,16.75067959,26.63365409,0.206738732,0.711446037,#N/A,#N/A,#N/A,#N/A,#N/A
275,Domingo Santana,2019,10348,45.54572341,11.89756538,44.36424998,0.275281792,0.771234834,63,21,69,0.253,0.77
276,Tommy Joseph,2019,10349,51.37540039,19.2068138,62.33200114,0.246721631,0.746092623,#N/A,#N/A,#N/A,#N/A,#N/A
277,Adeiny Hechavarria,2019,10459,36.45732088,6.119613032,52.47542258,0.255128853,0.716221856,34,9,33,0.241,0.742
278,Enrique Hernandez,2019,10472,51.63173771,21.08936034,59.24680186,0.238770596,0.76472659,57,17,64,0.237,0.715
279,Cheslor Cuthbert,2019,10473,57.23289125,14.93190684,48.44673439,0.281271253,0.728960648,24,9,40,0.246,0.673
280,Derek Dietrich,2019,10542,63.10780468,16.42912958,55.88338877,0.268690521,0.758428942,41,19,43,0.187,0.79
281,Cesar Hernandez,2019,10556,90.13940251,9.935523408,56.748984,0.269165661,0.768081895,77,14,71,0.279,0.741
282,Carlos Perez,2019,10642,21.63503496,5.806492069,30.97484963,0.223347797,0.640418124,#N/A,#N/A,#N/A,#N/A,#N/A
283,Corey Dickerson,2019,10762,68.90205644,12.91811222,65.42708093,0.285411596,0.762050992,33,12,59,0.304,0.906
284,Tyler Saladino,2019,10807,40.70135156,9.084054693,36.19362279,0.242977876,0.686275353,#N/A,#N/A,#N/A,#N/A,#N/A
285,Jurickson Profar,2019,10815,66.23368148,14.29021452,56.56975173,0.250598381,0.768228016,65,20,67,0.218,0.711
286,Jedd Gyorko,2019,10816,51.9606289,19.85597109,61.66134277,0.265325173,0.763158931,6,2,9,0.174,0.498
287,Andrelton Simmons,2019,10847,80.60471537,19.82932108,76.43097119,0.292521495,0.758889214,47,7,40,0.264,0.673
288,Adam Duvall,2019,10950,57.22410771,23.07951236,73.02673597,0.215449944,0.774813289,17,10,19,0.267,0.882
289,Greg Garcia,2019,10951,29.52799183,-5.202082712,18.65652723,0.238890462,0.671524801,52,4,31,0.248,0.718
290,Phil Gosselin,2019,10953,29.63139484,-2.97093861,21.56685289,0.279289394,0.644780893,#N/A,#N/A,#N/A,#N/A,#N/A
291,Evan Gattis,2019,11003,44.21034746,25.11500002,76.83826602,0.228359809,0.731193099,#N/A,#N/A,#N/A,#N/A,#N/A
292,Kevin Kiermaier,2019,11038,47.40923039,9.286227442,39.69596862,0.238724861,0.710308407,60,14,55,0.228,0.676
293,Cameron Rupp,2019,11146,45.70413987,12.17516789,45.19073119,0.241983936,0.727397279,#N/A,#N/A,#N/A,#N/A,#N/A
294,Ramon Flores,2019,11165,29.90062368,-0.683282155,35.24612364,0.216645768,0.673998479,#N/A,#N/A,#N/A,#N/A,#N/A
295,Kole Calhoun,2019,11200,70.19312566,16.42740361,81.12156533,0.2267197,0.829890815,92,33,74,0.232,0.792
296,Adam Eaton,2019,11205,68.14674133,4.982091415,34.09006859,0.300389825,0.758639782,103,15,49,0.279,0.792
297,Matt Szczur,2019,11255,36.93297505,11.61379059,31.29861066,0.252970086,0.68642798,#N/A,#N/A,#N/A,#N/A,#N/A
298,Jonathan Schoop,2019,11265,64.86634712,19.92603378,76.94465355,0.24119319,0.727154143,61,23,59,0.256,0.777
299,Aaron Altherr,2019,11270,35.29953165,9.827463459,35.73504942,0.212094815,0.739121948,#N/A,#N/A,#N/A,#N/A,#N/A
300,Whit Merrifield,2019,11281,92.92669,12.36329829,80.91168397,0.298440742,0.812989746,105,16,74,0.302,0.811
301,Jake Marisnick,2019,11339,25.88958302,12.1877869,30.85369446,0.21232194,0.672128894,46,10,34,0.233,0.7
302,Jesus Aguilar,2019,11342,60.82772532,25.79499898,95.00569273,0.263489994,0.826800292,39,12,50,0.236,0.714
303,Yasmani Grandal,2019,11368,56.72132836,24.51014089,61.81155082,0.244130431,0.80604523,79,28,77,0.246,0.848
304,Brett Eibner,2019,11369,13.83164302,7.064516963,23.9072836,0.188119289,0.652491317,#N/A,#N/A,#N/A,#N/A,#N/A
305,Delino DeShields,2019,11379,51.04223587,0.53139985,31.30928839,0.243479945,0.703510907,42,4,32,0.249,0.672
306,Tyler Holt,2019,11391,25.28268313,-8.264964029,10.46029444,0.242826206,0.647195,#N/A,#N/A,#N/A,#N/A,#N/A
307,Ronald Torreyes,2019,11400,38.85137221,10.15661679,40.03404794,0.287454,0.59333809,#N/A,#N/A,#N/A,#N/A,#N/A
308,Gary Sanchez,2019,11442,47.01672054,27.58148603,56.62744474,0.209413695,0.763226668,62,34,77,0.232,0.841
309,Mark Canha,2019,11445,50.75375494,21.05342822,47.73652971,0.246760119,0.765297789,80,26,58,0.273,0.913
310,Tony Wolters,2019,11470,25.4960991,-2.043070114,18.78688287,0.207447739,0.64078116,42,1,42,0.262,0.666
311,Dixon Machado,2019,11472,18.56946818,5.856165786,16.78781168,0.220792418,0.683185122,#N/A,#N/A,#N/A,#N/A,#N/A
312,Odubel Herrera,2019,11476,74.29546015,11.58802588,54.06586868,0.262081373,0.728040231,12,1,16,0.222,0.629
313,Christian Yelich,2019,11477,100.9761823,17.37641441,76.67208945,0.300903118,0.856678755,100,44,97,0.329,1.1
314,Michael A. Taylor,2019,11489,47.74557337,13.72297073,33.83230247,0.246183407,0.713301735,#N/A,#N/A,#N/A,#N/A,#N/A
315,Manny Machado,2019,11493,92.71161551,24.40405586,98.09658503,0.281212553,0.833239142,81,32,85,0.256,0.796
316,Bryce Harper,2019,11579,87.49490299,23.65343617,98.62826526,0.264249557,0.877435578,98,35,114,0.26,0.882
317,Yolmer Sanchez,2019,11602,74.9061827,8.118209255,64.75847204,0.251126493,0.748895147,59,2,43,0.252,0.638
318,Willson Contreras,2019,11609,56.56521462,15.79495437,48.57111744,0.263724205,0.738681958,57,24,64,0.272,0.888
319,Rosell Herrera,2019,11611,31.08393161,2.535118976,27.07538652,0.245956678,0.709816736,10,2,11,0.2,0.602
320,Brandon Drury,2019,11615,58.7471265,16.30895744,55.74104736,0.264302935,0.739961136,43,15,41,0.218,0.642
321,Elias Diaz,2019,11680,28.09969773,8.743468289,31.51248464,0.269043516,0.682807106,31,2,28,0.241,0.603
322,Nicholas Castellanos,2019,11737,84.52659111,24.49224864,77.26868801,0.292074762,0.866280483,100,27,73,0.289,0.863
323,Christian Villanueva,2019,11738,43.1262803,26.6816643,42.26817065,0.227692196,0.715725373,#N/A,#N/A,#N/A,#N/A,#N/A
324,J.T. Realmuto,2019,11739,73.77593134,22.80269573,65.86727928,0.278738408,0.771456172,92,25,83,0.275,0.82
325,Leonys Martin,2019,11846,52.26488315,19.45764905,52.85700029,0.262482625,0.751251841,32,9,19,0.199,0.619
326,Tyler Austin,2019,11850,23.95130011,15.87877655,49.84412446,0.201812124,0.721494836,30,9,24,0.188,0.705
327,Ronny Rodriguez,2019,11875,13.03798991,8.764036252,23.95334675,0.228082744,0.667661553,29,14,43,0.221,0.69
328,Joc Pederson,2019,11899,51.60405705,23.66161797,55.21166855,0.233251532,0.773649022,83,36,74,0.249,0.876
329,Joe Panik,2019,11936,54.52279225,7.36166383,59.83687616,0.272244366,0.719979411,50,5,39,0.244,0.651
330,Travis Shaw,2019,11982,75.75713379,24.877467,81.72271841,0.246914695,0.825070279,22,7,16,0.157,0.551
331,Cody Asche,2019,11997,18.79357383,11.29833372,21.32310426,0.225842636,0.697697954,#N/A,#N/A,#N/A,#N/A,#N/A
332,Niko Goodrum,2019,12092,62.42525927,15.40581927,52.88440534,0.24459593,0.779905754,61,12,45,0.248,0.743
333,Kennys Vargas,2019,12101,30.0932125,11.51248374,29.73273957,0.241418152,0.66991997,#N/A,#N/A,#N/A,#N/A,#N/A
334,Max Kepler,2019,12144,72.5214865,19.89591218,66.48166614,0.23997873,0.799154228,98,36,90,0.252,0.855
335,Nick Ahmed,2019,12147,54.96810168,11.27369836,63.58535093,0.233427373,0.758362662,79,19,82,0.254,0.753
336,Eddie Rosario,2019,12155,74.88705605,21.66485616,70.63239348,0.281045799,0.762447551,91,32,109,0.276,0.8
337,Austin Barnes,2019,12158,31.89410266,7.222869534,13.65842147,0.235913784,0.71517726,28,5,25,0.203,0.633
338,Ben Gamel,2019,12160,50.14211244,5.835454362,31.13950333,0.278882899,0.71105172,47,7,33,0.248,0.71
339,Xander Bogaerts,2019,12161,84.32223698,21.16580909,76.1891244,0.283025895,0.801559578,110,33,117,0.309,0.939
340,Miguel Sano,2019,12164,40.83994996,19.16606595,46.34745715,0.229682928,0.791415215,76,34,79,0.247,0.923
341,Jorge Bonifacio,2019,12174,35.70820867,15.48100979,33.21392232,0.244293596,0.748603278,#N/A,#N/A,#N/A,#N/A,#N/A
342,Maikel Franco,2019,12179,61.45610293,19.9803394,66.5789515,0.247672956,0.717933859,48,17,56,0.234,0.705
343,Jorge Alfaro,2019,12180,44.25150848,2.293732954,32.7535985,0.283791965,0.726659669,44,18,57,0.262,0.736
344,Scott Schebler,2019,12225,54.86200777,20.40607886,54.85848259,0.24250068,0.761902971,#N/A,#N/A,#N/A,#N/A,#N/A
345,Rougned Odor,2019,12282,68.41028139,24.01596704,75.38259096,0.243491557,0.806936844,77,30,93,0.205,0.721
346,Kevan Smith,2019,12284,29.45441804,0.828947876,33.56576617,0.274296028,0.60939979,21,5,20,0.251,0.71
347,Cory Spangenberg,2019,12294,46.34038739,5.322269197,27.2935298,0.245556406,0.728933885,11,2,10,0.232,0.635
348,Jace Peterson,2019,12325,27.7301626,5.531619358,20.43971808,0.223306037,0.689573922,14,2,11,0.22,0.599
349,Taylor Motter,2019,12399,23.87183226,18.5427845,25.84480069,0.19998531,0.693344891,#N/A,#N/A,#N/A,#N/A,#N/A
350,Ryan Rua,2019,12409,36.93621939,7.50445815,30.03968542,0.257579701,0.693116514,#N/A,#N/A,#N/A,#N/A,#N/A
351,Kevin Pillar,2019,12434,70.0271843,15.21335977,73.75607314,0.253112515,0.747881294,83,21,88,0.259,0.719
352,T.J. Rivera,2019,12495,27.54441851,16.82298225,26.18338327,0.290357923,0.663184856,#N/A,#N/A,#N/A,#N/A,#N/A
353,Jett Bandy,2019,12508,15.57213513,16.80839824,42.22740784,0.238754203,0.65792299,#N/A,#N/A,#N/A,#N/A,#N/A
354,Curt Casali,2019,12510,16.62589812,18.28936422,20.34982361,0.189906897,0.716997184,24,8,32,0.251,0.741
355,Kolten Wong,2019,12532,52.36111577,10.76725738,45.85719817,0.264430972,0.70246376,61,11,59,0.285,0.784
356,Marcus Semien,2019,12533,76.51177909,18.88094735,75.22740397,0.255051259,0.785549916,123,33,92,0.285,0.892
357,C.J. Cron,2019,12546,56.86034877,23.41989469,70.87439618,0.246916402,0.772549904,51,25,78,0.253,0.78
358,John Hicks,2019,12547,33.28636885,9.241174927,27.78608842,0.271197612,0.722501774,29,13,35,0.21,0.62
359,Eugenio Suarez,2019,12552,79.62100695,24.07674862,84.8200148,0.268743763,0.860488121,87,49,103,0.271,0.93
360,Trevor Story,2019,12564,78.51656995,27.74769651,73.77445794,0.277793993,0.836776906,111,35,85,0.294,0.917
361,Alex Dickerson,2019,12649,33.76439718,19.40235581,37.6941422,0.26098695,0.726796507,29,6,28,0.276,0.82
362,Billy Burns,2019,12701,36.08254327,-6.002446189,27.10915129,0.238502965,0.568329604,#N/A,#N/A,#N/A,#N/A,#N/A
363,Brad Miller,2019,12775,36.45775302,9.482104131,42.44469328,0.250005709,0.768872571,26,13,25,0.26,0.894
364,George Springer,2019,12856,84.06196457,18.09939244,69.23090382,0.265040951,0.801261228,96,39,96,0.292,0.974
365,Brian Goodwin,2019,12858,29.39737425,24.12290479,49.37033611,0.245093897,0.710689485,65,17,47,0.262,0.796
366,James McCann,2019,12859,41.95941713,8.145770412,43.66371049,0.236405811,0.755434945,62,18,60,0.273,0.789
367,Anthony Rendon,2019,12861,87.19681112,25.45343397,95.39683476,0.301796623,0.823620233,117,34,126,0.319,1.01
368,Gregory Polanco,2019,12907,62.19120475,24.0006499,74.26250322,0.255640663,0.761444779,23,6,17,0.242,0.726
369,Francisco Lindor,2019,12916,98.29566614,23.71391011,87.65451113,0.273059151,0.847985157,101,32,74,0.284,0.854
370,Alen Hanson,2019,12926,28.61619916,18.89920543,40.79589347,0.243365346,0.625002683,#N/A,#N/A,#N/A,#N/A,#N/A
371,Brandon Nimmo,2019,12927,66.64905541,17.70999657,39.15194181,0.278005832,0.804850575,34,8,29,0.221,0.783
372,Jose Osuna,2019,12937,17.71327841,9.643419309,28.52239872,0.226554775,0.634390256,41,10,36,0.264,0.766
373,Austin Hedges,2019,12976,34.05785511,20.51837109,41.88495338,0.225758802,0.719148148,28,11,36,0.176,0.563
374,Javier Baez,2019,12979,77.00956764,21.99629283,72.47471137,0.272749613,0.75312325,89,29,85,0.281,0.847
375,Jackie Bradley Jr.,2019,12984,73.33895866,18.31653263,63.95486855,0.246337515,0.797467483,69,21,62,0.225,0.738
376,Kelby Tomlinson,2019,13005,29.64405371,-11.50391851,22.39328683,0.253555826,0.640073066,#N/A,#N/A,#N/A,#N/A,#N/A
377,Teoscar Hernandez,2019,13066,62.00733158,18.41375457,66.63283717,0.24133597,0.785834569,58,26,65,0.23,0.778
378,Nori Aoki,2019,13075,55.14697847,5.302490083,47.30593433,0.268868278,0.696289761,#N/A,#N/A,#N/A,#N/A,#N/A
379,Yoenis Cespedes,2019,13110,56.19469998,21.25891574,60.89694757,0.272695423,0.771742982,#N/A,#N/A,#N/A,#N/A,#N/A
380,Mikie Mahtook,2019,13130,29.00992728,15.68744626,39.76920532,0.215115279,0.683996011,#N/A,#N/A,#N/A,#N/A,#N/A
381,Josh Bell,2019,13145,72.30503014,12.13128132,73.25914505,0.264844379,0.796633132,94,37,116,0.277,0.936
382,Jorge Polanco,2019,13152,47.55264032,14.41414608,43.16051309,0.283482725,0.723930313,107,22,79,0.295,0.841
383,Nicky Delmonico,2019,13157,31.9517263,11.216099,31.12493599,0.221331568,0.695223376,#N/A,#N/A,#N/A,#N/A,#N/A
384,Blake Swihart,2019,13176,18.16242397,6.981174075,9.686597152,0.241150864,0.666118985,#N/A,#N/A,#N/A,#N/A,#N/A
385,Tyler Goeddel,2019,13180,19.17687256,-3.881294421,19.01226849,0.194252672,0.632730585,#N/A,#N/A,#N/A,#N/A,#N/A
386,Orlando Arcia,2019,13185,44.99600795,0.941845772,33.42266018,0.246693444,0.669289935,51,15,59,0.223,0.633
387,Mike Zunino,2019,13265,40.4750659,31.13907292,50.6279307,0.211961841,0.763853121,30,9,32,0.165,0.544
388,Joey Rickard,2019,13277,26.45309268,14.73517713,20.57917092,0.244694663,0.663917428,14,3,10,0.226,0.669
389,Max Muncy,2019,13301,70.83343933,32.8881578,64.48752902,0.255097488,0.881992673,101,35,98,0.251,0.889
390,Jake Lamb,2019,13329,48.73632853,16.03795532,57.23552591,0.235813516,0.780555275,26,6,30,0.193,0.676
391,Omar Narvaez,2019,13338,40.55967979,4.754949787,18.4019446,0.269624577,0.72172198,63,22,55,0.278,0.813
392,Luke Maile,2019,13355,27.62981889,11.1631373,24.53153283,0.268901287,0.715014001,9,2,9,0.151,0.44
393,Tyler Naquin,2019,13359,52.92148801,16.79234836,44.43238454,0.306105954,0.774194792,34,10,34,0.288,0.792
394,Stephen Piscotty,2019,13367,68.98255175,18.09657796,69.72093966,0.256596749,0.79848527,46,13,44,0.249,0.72
395,Jose Ramirez,2019,13510,100.1985697,32.48294501,93.68509782,0.278780038,0.842060102,68,23,83,0.255,0.806
396,Jesse Winker,2019,13590,48.27080037,12.8071984,25.26439266,0.315159517,0.818106579,51,16,38,0.269,0.83
397,Jose Peraza,2019,13593,77.18972391,7.816762518,60.16052984,0.283791009,0.72348322,37,6,33,0.239,0.631
398,Mallex Smith,2019,13608,63.00135754,1.793005608,34.58785457,0.283989578,0.701419924,70,6,37,0.227,0.635
399,Mookie Betts,2019,13611,102.6441677,32.9507003,88.79352344,0.318345795,0.862646099,135,29,80,0.295,0.915
400,Ketel Marte,2019,13613,58.90731111,9.926860852,49.11074128,0.265563544,0.745445603,97,32,92,0.329,0.981
401,Jeimer Candelario,2019,13621,77.77508851,20.68773736,78.42959928,0.231532677,0.808731657,33,8,32,0.203,0.643
402,Corey Seager,2019,13624,77.95938867,17.01953224,61.27905941,0.282049629,0.811633233,82,19,87,0.272,0.817
403,David Dahl,2019,13744,31.94052224,21.61647003,36.32731082,0.275362655,0.709582081,67,15,61,0.302,0.877
404,Chris Taylor,2019,13757,81.25942015,17.57516219,67.22594417,0.270199882,0.815155224,52,12,52,0.262,0.794
405,Travis Jankowski,2019,13768,51.62774185,-3.869373366,19.77004997,0.255010581,0.692379129,#N/A,#N/A,#N/A,#N/A,#N/A
406,Adalberto Mondesi,2019,13769,36.66280811,20.64018336,35.05751097,0.273843412,0.731412024,58,9,62,0.263,0.715
407,Adonis Garcia,2019,13777,67.66864392,8.538321461,40.17360573,0.268772053,0.72237624,#N/A,#N/A,#N/A,#N/A,#N/A
408,Kevin Plawecki,2019,13807,27.17636897,15.883999,27.91757408,0.225935851,0.709768316,13,3,17,0.222,0.629
409,Matt Duffy,2019,13836,60.85175201,-1.205911577,43.45643961,0.284772799,0.737272554,12,1,12,0.252,0.67
410,Joey Wendle,2019,13853,75.40103997,12.30784883,97.26740926,0.307309035,0.778748024,32,3,19,0.231,0.633
411,Devon Travis,2019,13862,43.78378781,7.659935605,31.53813582,0.249401336,0.687619626,#N/A,#N/A,#N/A,#N/A,#N/A
412,Bruce Maxwell,2019,13866,27.36218913,3.203348919,23.91463917,0.254827504,0.736217771,#N/A,#N/A,#N/A,#N/A,#N/A
413,Patrick Kivlehan,2019,13910,19.55565349,10.10488839,26.33439065,0.19828257,0.69666154,#N/A,#N/A,#N/A,#N/A,#N/A
414,Addison Russell,2019,14106,56.27185296,6.854266013,41.67981869,0.249243515,0.736604924,25,9,23,0.237,0.699
415,Albert Almora Jr.,2019,14109,51.74526376,9.527993126,55.2018698,0.290161735,0.687553642,41,12,32,0.236,0.651
416,Joey Gallo,2019,14128,70.89714824,31.63488187,59.66055041,0.190747531,0.891925558,54,22,49,0.253,0.986
417,Greg Bird,2019,14131,30.64885688,20.7993667,52.47069517,0.207888837,0.757006241,#N/A,#N/A,#N/A,#N/A,#N/A
418,Daniel Robertson,2019,14145,42.91905874,8.739314,33.09442319,0.255502458,0.741481492,23,2,19,0.213,0.607
419,Byron Buxton,2019,14161,56.17452815,18.34339048,51.5124106,0.245884037,0.729869739,48,10,46,0.262,0.827
420,Carlos Correa,2019,14162,66.58413546,11.0974838,88.28185607,0.255603869,0.774488118,42,21,59,0.279,0.926
421,Jorge Soler,2019,14221,31.20080518,24.12444231,37.49049751,0.263509952,0.748623841,95,48,117,0.265,0.922
422,Yasiel Puig,2019,14225,59.16862437,21.7669209,60.41865633,0.256418636,0.763274665,76,24,84,0.267,0.785
423,Mitch Haniger,2019,14274,78.86116514,24.40721967,79.05505859,0.284421875,0.807899504,46,15,32,0.22,0.778
424,Wilmer Difo,2019,14320,51.05288706,8.00111155,49.92682206,0.23989451,0.681862212,15,2,8,0.252,0.628
425,Nick Williams,2019,14330,49.79930606,8.836273722,40.13326403,0.256384803,0.720470415,9,2,5,0.151,0.442
426,Matt Olson,2019,14344,64.61974433,27.54602626,59.63093994,0.240314952,0.844647174,73,36,91,0.267,0.896
427,Lewis Brinson,2019,14352,37.46296435,12.39058919,43.33985916,0.200484825,0.719298703,15,0,15,0.173,0.457
428,Ronald Guzman,2019,14388,50.71163017,12.33815601,41.63939771,0.231043532,0.74104277,34,10,36,0.219,0.723
429,Jake Cave,2019,14477,33.63647134,11.88774203,46.92775548,0.25992888,0.729371041,28,8,25,0.258,0.805
430,Renato Nunez,2019,14503,26.67467013,19.7488069,31.80483856,0.262545241,0.661711169,72,31,90,0.244,0.771
431,Pedro Severino,2019,14523,12.28359832,7.90588827,15.76277992,0.178822626,0.634977516,37,13,44,0.249,0.74
432,Nomar Mazara,2019,14553,67.46949225,12.02590441,64.89450339,0.251845243,0.771669958,69,19,66,0.268,0.786
433,Franmil Reyes,2019,14566,35.55799243,12.8520995,27.43271986,0.273262013,0.756664767,69,37,81,0.249,0.822
434,David Bote,2019,14593,22.05994975,5.791408249,35.29656142,0.240833645,0.702596699,47,11,41,0.257,0.785
435,Manuel Margot,2019,14712,60.45964954,10.67376738,75.09426562,0.261986492,0.758654466,59,12,37,0.234,0.691
436,Phillip Ervin,2019,14738,31.25930119,8.196969705,41.78674119,0.250074714,0.719203753,30,7,23,0.271,0.797
437,JaCoby Jones,2019,14818,53.27119911,13.56999895,49.33292559,0.207281736,0.751632258,39,11,26,0.235,0.74
438,Tony Kemp,2019,14894,36.41842422,17.18104873,23.78411294,0.26663663,0.718247288,31,8,29,0.212,0.671
439,Daniel Palka,2019,14897,49.33798855,23.43228291,44.86992385,0.226863435,0.741174717,#N/A,#N/A,#N/A,#N/A,#N/A
440,Andrew Knapp,2019,14942,23.04487104,6.866573522,19.62365438,0.229662954,0.722860389,12,2,8,0.213,0.642
441,Johan Camargo,2019,14950,55.07372837,16.15734356,48.80688399,0.282134268,0.74251806,31,7,32,0.233,0.663
442,Victor Caratini,2019,14968,19.37894649,-0.594084024,11.74266452,0.234830458,0.640539291,31,11,34,0.266,0.794
443,Johnny Field,2019,15048,16.50398961,14.29485316,27.80047067,0.218534048,0.668403186,#N/A,#N/A,#N/A,#N/A,#N/A
444,Adam Engel,2019,15082,45.39389151,12.14375571,31.9661778,0.22649868,0.670531676,26,6,26,0.242,0.687
445,Ryan McMahon,2019,15112,20.75760238,0.026709859,20.12268904,0.236231152,0.695822522,70,24,83,0.25,0.779
446,Hunter Dozier,2019,15117,36.80187277,14.89443197,37.68913259,0.240073629,0.782174966,75,26,84,0.279,0.87
447,Trey Mancini,2019,15149,77.94806373,12.9113207,78.46015283,0.244923044,0.767533568,106,35,97,0.291,0.899
448,Mitch Garver,2019,15161,40.75115445,13.22320918,29.21772911,0.284406355,0.765584583,70,31,67,0.273,0.995
449,Tim Anderson,2019,15172,72.66211811,15.85405561,59.39107174,0.24135326,0.727693517,81,18,56,0.335,0.865
450,Chad Pinder,2019,15191,35.81883696,13.54532896,33.59642162,0.256929374,0.756626442,45,13,47,0.24,0.706
451,Jake Bauers,2019,15194,46.15638665,21.19615346,68.94985232,0.205803995,0.809027231,46,12,43,0.226,0.683
452,Carlos Asuaje,2019,15197,24.59797513,8.956644557,26.29774499,0.23783447,0.715403005,#N/A,#N/A,#N/A,#N/A,#N/A
453,Adam Frazier,2019,15223,50.82463898,10.42109842,38.01796732,0.276879737,0.721278787,80,10,50,0.278,0.753
454,Jeff McNeil,2019,15362,42.72603123,13.10272517,13.86255001,0.338803806,0.66801826,83,23,75,0.318,0.916
455,Kris Bryant,2019,15429,77.12596775,25.99794622,68.11523926,0.284742275,0.796992482,108,31,77,0.282,0.903
456,Ryon Healy,2019,15447,57.58364897,18.84738368,54.50744471,0.244105391,0.739912566,24,7,26,0.237,0.744
457,Hunter Renfroe,2019,15464,50.42024444,29.78260712,68.58179898,0.236557225,0.784627924,64,33,64,0.216,0.778
458,Victor Reyes,2019,15487,12.69612797,-3.769229399,13.63314228,0.227278036,0.663434698,29,3,25,0.304,0.767
459,Amed Rosario,2019,15518,76.59892206,6.879046462,60.10612976,0.256580503,0.72222345,75,15,72,0.287,0.755
460,Tyler White,2019,15564,28.91240356,19.0165692,34.19337678,0.254041512,0.70302988,18,3,23,0.208,0.612
461,Aaron Judge,2019,15640,80.92801183,26.25398607,80.54170117,0.284677292,0.906491421,75,27,55,0.272,0.921
462,Jose Abreu,2019,15676,76.52628442,19.56587039,86.24970267,0.273473896,0.794027243,85,33,123,0.284,0.834
463,Allen Cordoba,2019,15722,17.87909648,0.091314561,28.63539271,0.210084753,0.620199861,#N/A,#N/A,#N/A,#N/A,#N/A
464,Miguel Andujar,2019,15878,76.39677336,28.41883817,78.23323526,0.287902214,0.76764147,#N/A,#N/A,#N/A,#N/A,#N/A
465,Aledmys Diaz,2019,15937,44.16323741,21.88758327,52.83238589,0.266185806,0.690205949,36,9,40,0.271,0.823
466,Willy Adames,2019,15986,43.52070438,9.219818313,31.75767821,0.286153708,0.721766303,69,20,52,0.254,0.735
467,Cody Bellinger,2019,15998,81.43595903,27.18896242,72.60036816,0.264479298,0.839318013,121,47,115,0.305,1.035
468,Austin Slater,2019,16153,27.7150979,-7.823309101,10.84327288,0.273081529,0.699220566,20,5,21,0.238,0.75
469,Bradley Zimmer,2019,16221,44.57226027,8.283330728,41.90593843,0.243739258,0.715405023,#N/A,#N/A,#N/A,#N/A,#N/A
470,Trea Turner,2019,16252,88.05173346,17.19153638,48.3562337,0.284229262,0.755501424,96,19,57,0.298,0.85
471,Yairo Munoz,2019,16313,39.23660852,8.712779906,33.30731516,0.27764016,0.734636915,20,2,13,0.267,0.653
472,Michael Conforto,2019,16376,73.80991044,19.86141314,67.82171561,0.247300346,0.823431978,90,33,92,0.257,0.856
473,Rhys Hoskins,2019,16472,72.09872888,34.19500167,77.29930564,0.2388411,0.835981406,86,29,85,0.226,0.819
474,Kyle Schwarber,2019,16478,64.47243416,22.78237894,54.89082595,0.223449957,0.820261812,82,38,92,0.25,0.871
475,Matt Chapman,2019,16505,73.46403107,21.32142125,59.80999899,0.271774801,0.81528617,102,36,91,0.249,0.848
476,Isiah Kiner-Falefa,2019,16512,49.80583821,5.152106387,28.28829588,0.261723861,0.709667886,23,1,21,0.238,0.62
477,Ozzie Albies,2019,16556,74.04009206,22.01158483,61.36876454,0.270997154,0.761430786,102,24,86,0.295,0.852
478,Greg Allen,2019,16623,34.94013022,4.811627715,19.47970674,0.269480836,0.705868939,30,4,27,0.229,0.636
479,Colin Moran,2019,16909,52.36447944,10.22827561,73.20363283,0.273395837,0.753706151,46,13,80,0.277,0.751
480,Gleyber Torres,2019,16997,59.61231681,22.29884435,71.78362921,0.265318782,0.800721572,96,38,90,0.278,0.871
481,Dustin Fowler,2019,17098,10.41408001,8.157619658,25.51600997,0.22921445,0.690320508,#N/A,#N/A,#N/A,#N/A,#N/A
482,Yasmany Tomas,2019,17171,64.05226427,21.78902865,58.09499128,0.258776671,0.791917428,#N/A,#N/A,#N/A,#N/A,#N/A
483,Jung Ho Kang,2019,17182,45.79643231,23.89781433,50.54329429,0.243833386,0.769536589,15,10,24,0.169,0.617
484,Yoan Moncada,2019,17232,65.40770996,16.06013512,49.63508218,0.248823834,0.805611903,83,25,79,0.315,0.915
485,Rafael Devers,2019,17350,50.92086374,13.33637784,44.31797744,0.249982705,0.727914411,129,32,115,0.311,0.916
486,J.T. Riddle,2019,17642,26.19166643,7.928343118,34.50585895,0.235752257,0.684550283,15,6,12,0.189,0.601
487,Alex Bregman,2019,17678,90.0060318,27.53347546,77.37628958,0.280453466,0.829260459,122,41,112,0.296,1.015
488,Andrew Benintendi,2019,17901,91.20417151,15.32555065,93.31227039,0.281866346,0.804351915,72,13,68,0.266,0.774
489,Ian Happ,2019,17919,58.08966312,15.72878962,53.64185586,0.252828057,0.798516447,25,11,30,0.264,0.898
490,Scott Kingery,2019,17975,53.46483374,10.33743278,63.39124211,0.229603716,0.708503923,64,19,55,0.258,0.788
491,David Fletcher,2019,17992,38.5708764,10.8248175,26.59887844,0.284140846,0.683578344,83,6,49,0.29,0.734
492,Paul DeJong,2019,18015,57.15822477,24.85632909,64.79645005,0.253704086,0.7778365,97,30,78,0.233,0.762
493,Harrison Bader,2019,18030,61.19364177,19.64358167,55.68414372,0.27066874,0.767741241,54,12,39,0.205,0.68
494,Brian Anderson,2019,18289,91.48389184,12.63271135,57.67480485,0.286003369,0.817565204,57,20,66,0.261,0.811
495,Dansby Swanson,2019,18314,66.30199632,14.3883515,58.66182018,0.244056708,0.771510957,77,17,65,0.251,0.748
496,Ronald Acuna Jr.,2019,18401,69.53347958,28.4928232,64.77679869,0.296442003,0.810909991,127,41,101,0.28,0.883
497,Byung-ho Park,2019,18497,21.95497058,20.2601901,45.35160037,0.17445741,0.718330699,#N/A,#N/A,#N/A,#N/A,#N/A
498,Hyun Soo Kim,2019,18718,44.6492063,7.797804924,34.73511559,0.265023648,0.721500085,#N/A,#N/A,#N/A,#N/A,#N/A
499,Guillermo Heredia,2019,18721,40.76994842,5.870504161,31.0286632,0.246329684,0.688230848,31,5,20,0.225,0.668
500,Dae-Ho Lee,2019,18722,29.1690782,7.075170156,26.01698046,0.231232977,0.669008843,#N/A,#N/A,#N/A,#N/A,#N/A
501,Yuli Gurriel,2019,19198,71.19287553,17.50446859,82.70364561,0.293743295,0.73671943,85,31,104,0.298,0.884
502,Lourdes Gurriel Jr.,2019,19238,26.24489511,17.22335331,32.18655566,0.264740175,0.662505385,52,20,50,0.277,0.869
503,Shohei Ohtani,2019,19755,49.2700885,20.41561273,46.14136049,0.275507867,0.796208471,51,18,62,0.286,0.848
504,Juan Soto,2019,20123,75.64147399,16.19353925,41.77022943,0.287887202,0.796655995,110,34,110,0.282,0.949
