Name,Season,weightBB,weightHH,weightLD,weightFB,weightSH,weightPA,opsPredicted
Matt Carpenter,2019,2.093949253345503,2.081917066704933,1.2127623255645745,1.87225706456368,-2.1328720508011116,1.3020163073259756,0.9274208817061007
Mike Trout,2019,3.6573045569226084,1.4384112244252714,0.2518801039690776,1.1067683796015584,-0.45964716093031444,0.8765721548046119,0.9122540612283376
Aaron Judge,2019,2.633514358119902,2.24645906688277,0.6229794447232004,0.13298345383341714,-1.4412369611883813,0.6585650580157145,0.9064914211011256
Joey Votto,2019,2.6943883699406035,0.9594473823234472,2.173644547160071,-0.30443865185922386,-2.249917989043266,1.329762665099108,0.9032552307932207
David Ortiz,2019,1.6263261625410241,2.0248975616928115,0.5302046095346697,1.3879683046896847,-1.5237011449498994,1.1474294568756664,0.9016511353659227
Paul Goldschmidt,2019,1.4381701260043105,1.839176888224757,0.510324287708556,0.013213115369955869,-0.8719680797379035,1.5305934451713044,0.8980998932235755
Joey Gallo,2019,1.5958891566306734,2.3458359184753257,-0.3776634205245237,2.096175523430151,-1.329511292866325,0.734537228108815,0.8919255576679825
Max Muncy,2019,2.2904062914941306,2.269266868887619,-0.3312760029302584,1.4921164250926946,-1.5503024945503892,0.18951948613657127,0.8819926731475487
Bryce Harper,2019,2.508999333941195,0.91383177831375,0.0928375293601678,0.4975018752439513,-1.3773937221472063,1.156017615234017,0.8774355777794983
Freddie Freeman,2019,0.8017600024242502,1.184267144942671,2.531490340030118,0.0027983033296549165,-1.7710936962344528,1.2907856387035173,0.8737655774373858
Andrew McCutchen,2019,1.2140430824826371,1.0930359369232758,0.37778880886779787,0.25275379229687833,-0.7735430862160919,1.4493362545499882,0.8673757478013214
Nicholas Castellanos,2019,-0.5070312517208305,1.9320372249587838,2.0146019725511612,0.10694642373266468,-1.693949782393033,1.312586348382407,0.8662804833578842
Mookie Betts,2019,1.1614700722738496,1.1858962736573029,-0.37766342052452373,1.0234498832791505,-0.9863538830200091,1.3390114510234854,0.8626460987126131
J.D. Martinez,2019,0.7159829857678073,1.9988315022586982,0.09283752936016779,0.1017390177125142,-1.7072504571932776,0.8950697266533669,0.862207332578163
Eugenio Suarez,2019,0.6744779777082381,1.5182385314422422,0.8284094369263757,0.3048278524983832,-1.398674801827598,1.0807060727069433,0.860488120686924
Edwin Encarnacion,2019,1.3662281120343907,1.1419097983622375,-0.1192192367850453,0.9245091688962912,-0.7389613317354555,1.0965611342915904,0.8586343870282405
Christian Yelich,2019,0.5637979562160537,1.5394172047324586,0.4838171919404044,-1.715645683320006,-0.8001444358165819,1.405074207626182,0.8566787548003537
Shin-Soo Choo,2019,1.604190158242587,1.1207311250720207,0.6362329926072762,-1.2417717354863118,-1.2975896733457377,1.0470140668395682,0.8566655757931992
Tommy Pham,2019,1.0784600561547113,1.8131108287906437,0.6229794447232004,-1.1896976752848067,-1.273648458705297,0.6982027119773321,0.8548524403970897
Khris Davis,2019,0.37840892021664474,1.6697475019030232,-1.2060101632792624,1.361931274588932,-1.6567078929523475,1.299373797061868,0.8544536647297719
Justin Upton,2019,0.7408859906035488,1.4498151254276956,-0.026444401596514594,0.3412796946394366,-0.026045162442333347,1.1137374510082916,0.8533007360967669
Nolan Arenado,2019,0.3867099218285586,1.1614593429378222,-0.1192192367850453,0.9401313869567427,-0.6006343138129095,1.4869920258135252,0.8526537092492623
Giancarlo Stanton,2019,0.696613982006675,1.2820148678205943,-1.093355006264618,0.3100352585185337,0.29849130268363977,1.488313280945579,0.8508939352159498
Francisco Lindor,2019,0.2123888879783682,0.7818723524285532,-0.05957827130670411,0.4245981909618445,-0.6804383626143784,1.8496765595623272,0.8479851567342905
Jed Lowrie,2019,0.8737020163941701,0.6059264512482917,1.2193890995066123,0.8203610484932815,-1.2630079188651009,1.2293472750630097,0.847726181275215
Matt Olson,2019,0.7104489846931981,1.910858551668567,-0.4836918035971303,1.0442795073597524,-0.8586674049376587,0.4920869113769199,0.8446471741351557
Nick Markakis,2019,0.38947692236586323,0.6694624711189421,1.0537197509556646,-0.7054089154108114,-1.0289160423807922,1.5860861607175694,0.842782638172651
Jose Ramirez,2019,1.3081211007509936,0.17420734187079714,0.059703659649978244,0.9453387929768932,-0.212254609645761,1.4651913161346353,0.8420601017820356
Cody Bellinger,2019,0.6689439766336288,1.2217371053792083,-0.6957485697423433,1.0599017254202039,-0.3612221674085028,1.0205889641984898,0.8393180133647079
Carlos Santana,2019,2.013706237763669,-0.04246677717526593,-1.2590243548155655,0.9713758230776457,0.716132491411327,1.4797251225872285,0.8389868460982068
Alex Avila,2019,2.370649307075964,2.433808869065457,0.8217826629843377,-0.7991422237735203,-2.119571376000867,-1.1773189479732136,0.838353017336625
Brandon Belt,2019,1.0812270566920157,1.0734863923476912,1.7561577888116828,1.7733163501808211,-0.5128498601312937,0.14591806677879177,0.8375050416779811
Trevor Story,2019,-0.36038022324368624,1.5980658384592128,0.033196563881826596,1.4608719889717916,-0.781523491096239,0.9862363307650878,0.83677690625389
Rhys Hoskins,2019,1.684433173824421,0.7297402335603275,-0.23850116774172764,2.1690792077122576,-0.12979042588424294,0.48415938058459634,0.8359814060064059
Joe Mauer,2019,0.6634099755590197,1.2152205905206799,1.736277466985569,-1.991638202387982,-1.411975476627843,0.7279309524485454,0.8342615058134074
Manny Machado,2019,0.10447586702348832,0.8372627287260436,-1.1264888759748075,0.8984721387955388,-0.00210394780189313,1.6495064070561578,0.8332391415984577
Nelson Cruz,2019,0.47802093955961067,1.2640944519596413,-1.0535943626123905,0.4350130030021454,-0.6405363382136439,1.0734391694806467,0.832161347170387
Justin Turner,2019,0.5195259476191799,1.4693646700032807,0.8946771763467547,1.4764942070322429,-2.0078457076788103,0.18753760343849035,0.8306973189884184
Kole Calhoun,2019,0.5665649567533583,1.0262416596233617,0.1723588166646227,-0.11176462911365581,-1.039556582220988,0.9399924011432004,0.8298908145109662
Justin Smoak,2019,1.5488501474964949,0.4120601342070775,-0.3379027768722962,0.9557536050171942,-1.1619227903832408,0.8541108175596952,0.8294760356910634
Anthony Rizzo,2019,0.7325849889916349,0.12044609428793948,0.45068332223021484,0.4818796571834998,-0.17501272020507525,1.4638700610025812,0.8292725948074448
Alex Bregman,2019,1.0507900507816652,0.14162476757815595,0.510324287708556,0.8411906725738835,-0.18831339500532057,1.1903702486674188,0.8292604591377177
Charlie Blackmon,2019,-0.16669018563236349,0.5130661145142643,0.6229794447232004,-0.007616508710646064,-0.4224052714896288,1.6310088352074028,0.8275689282099016
Jesus Aguilar,2019,0.1736508804561036,1.7740117396394748,0.4506833222302148,0.7110055220701212,-0.7708829512560431,0.24567282924886308,0.8268002922703678
Jose Bautista,2019,2.11608525764394,0.61244296610682,-0.7487627612786466,1.4764942070322429,0.3383933270843741,0.2945592691348583,0.8264283263000918
Brian Dozier,2019,0.7768569975885087,0.4250931639241336,-1.1397424238588834,1.0807313495008057,-0.3825032470888944,1.3707215741927796,0.8255240382066661
Travis Shaw,2019,0.8764690169314746,0.7932762534309781,-0.7752698570467983,1.0963535675612575,0.1708048246012898,0.8897847061251511,0.8250702793834442
Anthony Rendon,2019,0.5361279508430076,0.5130661145142646,0.1591052687805469,1.4400423648911895,-1.130001170862653,1.0047339026138427,0.823620232516619
Michael Conforto,2019,1.1946740787215049,0.7297402335603276,-0.09271214101689368,0.41418337892154344,0.06705956115937999,0.6427099964310673,0.8234319781402486
Marcell Ozuna,2019,-0.5623712624669227,1.4856559571496013,-0.8481643704092152,-0.05969056891215095,-0.4064444617293353,1.2485054744777915,0.8226212330956127
Kyle Schwarber,2019,1.6401611652275472,0.910573520884486,-1.0734746844385041,0.7005907100298203,-0.020724892522235527,0.33353629553044906,0.8202618115121665
David Peralta,2019,-0.39911823076595077,1.6436814424689101,-0.569839864843623,-0.9918162465190883,-0.10318907628375346,0.9948244891234382,0.8194273929992787
Curtis Granderson,2019,1.485209135138489,0.5098078570850002,1.6236223099709246,0.7578721762514756,-0.5527518845320283,0.07192777938377201,0.819374115053746
Jesse Winker,2019,1.7370061840332085,1.6990718187664002,0.662740088375428,-0.1742535013554617,-1.7099105921533269,-0.7816030359230632,0.8181065792815522
Wil Myers,2019,0.15428187669497134,1.6730057593322873,0.9609449157671338,-0.21070534349651515,-0.8852687545381484,0.10429853011909318,0.8179163571948072
Brian Anderson,2019,0.07680586165044224,0.7704684514261292,-0.6626147000321538,-0.9553644043780349,-0.5394512097317832,1.4381055859275298,0.8175652036994338
Miguel Cabrera,2019,0.48603660242169844,0.814172873216201,0.9145324205042136,-0.16704097305508286,-1.3451625504978715,0.6012548354098408,0.8158394207702498
Matt Chapman,2019,0.3867099218285586,1.2331410063816324,-0.6029737345538126,0.8828499207350875,-0.25481676900654415,0.506620717829513,0.8152861700340356
Chris Taylor,2019,-0.0034371539313914536,0.5098078570850005,1.4049387698836737,0.4141833789215434,-1.11138022614231,0.9307436152188228,0.8151552235138119
Whit Merrifield,2019,-0.3935842296913415,0.23122684688291895,1.9152003634205927,-0.023238726771097548,-0.8427065951773651,1.2821974803451668,0.8129897461020528
Aaron Hicks,2019,2.013706237763669,0.3843649460583323,-0.4903185775391682,0.3360722886192861,0.14952374492089793,0.2687947940598067,0.8126352899309169
Daniel Descalso,2019,1.5211801421234488,1.0457912041989461,0.14585172089647103,1.3411016505083304,-0.5234903999714895,-0.33171566345870196,0.8124236363894338
Corey Seager,2019,0.09588952666174833,0.8190602593600975,0.7157292022430763,-0.32326315365959746,-0.8663382576890583,0.7835880436332825,0.8116332334960122
Kyle Seager,2019,-0.3299432173333354,0.5391321739483772,-0.2318743937996897,1.4504571769314907,-1.6407470831920539,1.2438810815156032,0.8115038548373326
Ronald Acuna Jr.,2019,0.07680586165044224,1.780528254498003,-1.0602211365544283,0.6589314618686164,-1.2044849497440238,0.229157140098189,0.8109099914165359
Mike Moustakas,2019,-0.4655262436612614,0.8046801544334019,-0.45055793388694065,1.4296275528508886,0.7906162702926975,1.1335562779891002,0.8104060925185332
Yonder Alonso,2019,0.5803999594398814,0.5179535006581606,0.38441558280983573,0.5599907474857571,-0.13511069580434082,0.6711169817702267,0.8099727747054244
Jake Bauers,2019,1.875356210898439,1.145168055791502,-0.1987405240895002,-0.1221794411539568,-0.858667404937659,-0.4248641502685036,0.809027230799963
Chris Davis,2019,0.40607892558969094,0.7704684514261289,0.2585068779111155,0.4922944692238008,-1.3933545319075,0.5588102955456431,0.8089696559607156
Jeimer Candelario,2019,0.7685559959765949,0.2817298370365124,-1.1264888759748075,0.6068574016671116,0.4980014246873123,1.1011855272537792,0.8087316567504885
Mitch Haniger,2019,0.3562729159182079,0.473967025363095,-0.09933891495893157,-0.002409102690495579,-0.45698702597026547,0.9829331929349527,0.807899503692069
Rougned Odor,2019,-0.5789732656907505,1.3406635015473483,-0.8084037267569879,0.5808203715663591,-0.5687126942923221,0.8402376386731291,0.8069368439154241
Eric Thames,2019,0.7270509879170257,1.8212564723638043,-0.3909169684085995,1.4869090190725438,-1.337491697746472,-0.61050049632208,0.806122310672745
Yasmani Grandal,2019,1.0120520432594007,0.952930867464919,-1.391559833656324,0.8724351086947865,0.18144536444148548,0.32230562690799064,0.8060452295441108
Yoan Moncada,2019,0.8654010147822562,0.4918874412240476,0.22537300820092593,0.29962044647823266,-1.0368964472609394,0.4755712222262458,0.8056119026102088
Todd Frazier,2019,0.8543330126330378,0.6189594809653478,-0.9078053358875564,1.6118867635561558,0.33041292220422724,0.46434055360378756,0.8055066945664879
Brandon Nimmo,2019,1.880890211973048,0.5000330847972079,0.33140139127353246,-0.2731942157383209,-0.2255552844460059,-0.08794409159475292,0.8048505752488991
Andrew Benintendi,2019,0.7713229965138995,-0.5833375104331078,0.6759936362595036,-0.04927575687184997,-0.9730532082197639,1.3727034568908605,0.804351915340018
Lorenzo Cain,2019,0.41991392827621393,0.29965025289746533,0.39104235675187365,-1.3198828257885689,0.06971969611942896,1.034462143085056,0.8029777451173331
Jose Martinez,2019,-0.00897115500600068,0.9838843130429284,1.4778332832460905,-0.9553644043780347,-0.82940592037712,0.34873072954906914,0.8024423697531892
Xander Bogaerts,2019,0.270495899261765,0.28498809446577683,0.013316242055712883,-0.3408904940002773,-0.08190799660336162,1.0443715565754603,0.8015595778539012
George Springer,2019,0.696613982006675,0.1530286685805806,-1.2325172590474138,-0.34089049400027727,-0.07658772668326408,1.20754656538412,0.8012612284671835
Gleyber Torres,2019,0.13214587239653447,0.8030510257187703,1.0603465248977024,0.8672277026746359,-1.1246809009425547,0.20933831311738013,0.8007215717753259
Kendrys Morales,2019,0.31753490839594334,1.0376455606257862,-0.788523404930874,-0.18987571941591314,-1.1220207659825059,0.4920869113769199,0.8001991509108003
Justin Bour,2019,1.3081211007509939,0.6727207285482059,-0.2650082635098793,0.03404273945055783,0.7799757304525021,0.06003648319528668,0.7996044425070699
Max Kepler,2019,0.6883129803947612,0.31919979747305005,-1.384933059714286,0.9817906351179466,0.2825304929233461,0.8547714451257222,0.7991542279929144
Ian Happ,2019,1.371762113109,0.5179535006581608,0.09946430330220568,0.4766722511633493,-0.07924786164331306,-0.033112003614515,0.7985164471422022
Stephen Piscotty,2019,0.0685048600385284,0.8323753425821472,-0.11259246284300739,-0.3929645542017822,-0.9544322634994215,0.6334612105066899,0.7984852700686025
Jackie Bradley Jr.,2019,0.1681168793814944,0.7786140949992891,-0.3644098726404479,-0.20549793747636458,-1.4305964213481857,0.6248730521483394,0.797467482702056
Kris Bryant,2019,0.832197008334601,-0.14347275748245342,0.6561133144333899,1.0026202591985487,-0.1829931250852224,0.6030723424694496,0.7969924818508209
Robinson Chirinos,2019,0.7740899970512041,1.311339184683971,-0.6559879260901159,1.6431311996770586,-0.7416214666955044,-0.4057059508537217,0.7969216007889004
Alex Gordon,2019,0.16258287830688517,0.2801007083218806,1.4712065093040527,-0.7002015093906611,-0.33462081780801317,0.6697957266381728,0.7967912515897434
Juan Soto,2019,2.1520562646289,0.21656468845123017,-1.3252920942359447,-0.90329034417653,0.5512041238882915,0.27540106972007633,0.7966559953906713
Josh Bell,2019,1.0535570513189696,-0.004996816738728566,-0.8812982401194047,-0.44503861440328696,0.3703149466049617,0.9366892633130655,0.79663313185027
Shohei Ohtani,2019,0.5748659583652721,1.5687415215958358,0.729007827795807,-0.5387719227659958,-2.135532185761161,-0.5635959391341657,0.7962084706029374
Ryan Howard,2019,-0.39358422969134155,2.0248975616928115,0.4639368701142907,1.283820184286675,-1.8163159905552853,-0.5966273174355138,0.79598563794625
Freddy Galvis,2019,-0.7615953011528547,0.16931995572690128,0.4506833222302149,0.3464871006595871,-0.8826086195780994,1.3383508234574586,0.7943959674840214
Jose Abreu,2019,-0.681352285571021,0.7639519365676011,-0.17223342832134858,-0.2054979374763646,-0.30269919828742586,1.000770137217681,0.7940272434254302
Josh Donaldson,2019,2.113318257106635,0.9871425704721921,-1.08672823232258,0.17985010801477153,-0.047326242122725404,-0.6745813702266954,0.7937919689438289
Matt Kemp,2019,-0.7588283006155502,1.0800029072062194,1.146494586144195,0.03404273945055786,-0.8533471350175608,0.387047128378633,0.7933087049828143
Yasmany Tomas,2019,-1.002324347898356,1.226624491523104,-0.06620504524874202,-0.4346238023629861,-0.8852687545381486,0.7312340902786802,0.7919174279670084
Adrian Beltre,2019,-0.11411717542357588,1.0262416596233614,0.7290078277958071,0.07570198761176175,-0.7575822764557985,0.11222606091141668,0.7918948303210138
Steven Souza Jr.,2019,0.7104489846931981,1.0425329467696822,0.6229794447232005,0.17985010801477147,-0.2415160942062996,-0.37795959308058924,0.7917269784877663
Jose Altuve,2019,0.22068988959028196,-0.26891566850912163,0.7025007320276554,-0.7887274117332194,-0.32132014300776823,1.171872676818664,0.7916290981390072
Marwin Gonzalez,2019,0.23729189281410962,0.43975532235582215,0.2452533300270397,-0.14821647125470927,-0.20959447468571224,0.5627740609418049,0.7915708481728537
Miguel Sano,2019,0.7823909986631179,1.5443045908763549,-1.1198621020327695,0.7110055220701212,-1.0023146927803028,-0.5186732646443323,0.791415215373276
Asdrubal Cabrera,2019,-0.42678823613899686,0.706932431555479,-0.48369180359713027,0.45584262708274736,-0.6325559333334971,0.8039031225416461,0.7913634941811899
Sean Rodriguez,2019,0.32583591000785717,1.5687415215958358,0.9940787854773234,0.24233898025657735,-0.7522620065357004,-0.7287528306409062,0.791196346387159
Eduardo Escobar,2019,-0.31610821464681244,0.24263074788534345,0.7555149235639587,1.007827665218699,-0.6192552585332523,0.7510529172594891,0.7911579913437263
Eric Hosmer,2019,0.18748588314262668,-0.07830760889717171,-0.3047689071621067,-2.163482601052948,1.1444142199792096,1.4658519437006623,0.7909763280548996
Tyler Flowers,2019,0.47525393902230617,1.8538390466564452,0.1325981730123952,0.20067973209537346,-1.066157931821478,-0.8668239919405414,0.7905390426470746
Lucas Duda,2019,0.14321387454575293,0.9838843130429282,1.0338394291295507,1.455664582951641,-0.2840782535670831,-0.3178424845721357,0.7904255794800917
Albert Pujols,2019,-0.8114013108243376,1.0018047289038807,-0.10596568890096947,0.2110945441356744,-0.12713029092419414,0.6757413747324155,0.7898153400102069
Ryan Schimpf,2019,1.2942860980644708,1.0148377586209376,-1.7891662701785982,4.668634097384492,1.1098324654985734,-0.8080281385641417,0.7896982996835233
Brandon Crawford,2019,-0.23863219960228335,0.25240552017313567,0.5633384792448594,-0.3929645542017822,0.09632104571991869,0.9076216504078792,0.789510492493096
Alejandro De Aza,2019,0.3535059153809033,1.6827805316200797,2.120630355623768,0.5547833414656066,-1.5503024945503892,-1.2242235051611279,0.7893696787743893
Michael Brantley,2019,-0.17775818778158192,0.43486793621192593,0.94106459394102,-0.9814014344787871,-1.4598579059087242,0.6730988644683077,0.7886879818763066
Robbie Grossman,2019,1.7314721829585993,-0.3422264606675641,1.1531213600862333,-0.012823914730796547,-0.3159998730876707,0.01577443627148019,0.7878517401255803
Yadier Molina,2019,-1.0216933516594882,1.1728632439402464,0.39766913069391163,0.19547232607522297,-0.9943342879001557,0.4656618087358414,0.7877642733425013
Jay Bruce,2019,0.4448169331119554,0.38436494605833244,0.41754945252002534,1.7264496959994664,-0.9703930732597152,0.05475146266707104,0.7875590714736537
Mitch Moreland,2019,0.6136039658875367,0.4560466095021424,-0.2782618113939551,0.05487236353115979,-1.0209356375006455,0.30512931019128964,0.7874210634393568
Mike Napoli,2019,0.5856486217646644,0.25701085281203845,-0.7355342910632257,1.0827364717810342,0.37860490361385607,0.4466679849595317,0.7867322143087286
Logan Morrison,2019,0.7685559959765949,0.617330352250716,-0.35778309869841,1.3306868384680293,0.013856861958400715,-0.11106605640569661,0.7865756790868701
Franklin Gutierrez,2019,0.7685559959765949,2.204101720302337,-0.795150178872912,-0.5387719227659958,-0.8320660553371694,-1.1185230945968139,0.7865281943237383
Scooter Gennett,2019,-0.7809643049139869,0.49188744122404776,0.364535260983722,0.2215093561759754,-0.5128498601312939,0.8838390580309086,0.7863108818164489
Teoscar Hernandez,2019,-0.1722241867069727,0.6238468671092442,-0.39754374235063744,1.0234498832791505,-0.6458566081337418,0.4669830638678954,0.7858345687926682
Marcus Semien,2019,0.22345689012758663,-0.32104778737734746,0.25188010396907756,0.46625743912304835,-0.15639177548473274,0.9736844070105755,0.7855499163540008
Robinson Cano,2019,0.04360185520278689,0.9855134417575602,0.11934462512831945,-0.8564236899951756,-1.54764235959034,0.14789994947687257,0.7851558230376252
Victor Martinez,2019,-0.4157202339897784,0.736256748418856,1.0470929770136266,-0.09093500503305388,-0.9517721285393725,0.29059550373869647,0.7848856847787021
Salvador Perez,2019,-1.6719384779260715,1.456331640286224,-0.284888585335993,1.3202720264277286,-1.0262559074207434,0.5178513864519716,0.7846560833979968
Hunter Renfroe,2019,-0.7781973043766823,1.6208736404640611,-0.8415375964671773,1.273405372246374,0.39691629620545116,0.0005800022528600624,0.7846279240013204
Jason Kipnis,2019,0.25942789711254655,0.006407084263695198,0.12597139907035734,1.0546943194000535,0.3383933270843743,0.5878779084508294,0.7845758293085536
Matt Davidson,2019,0.09064086433696528,0.8959113624527975,-0.854791144351253,0.783909206352228,-0.23619582428620176,0.1835738380423286,0.7843352147523521
Tucker Barnhart,2019,0.32306890947055256,0.3811066886290682,1.1266142643180814,-0.8199718478541222,-1.0315761773408412,0.19678638936286785,0.7829258326825963
Hanley Ramirez,2019,0.24530755567619728,0.27167301124372695,-0.07948367080147267,-0.104552100813277,0.4903305719359126,0.5318889409770098,0.7826316887631175
Neil Walker,2019,0.7574879938273764,0.44138445107045415,0.7025007320276554,0.6068574016671116,-0.21757487956585914,-0.2200696048001453,0.7825903389020906
Hunter Dozier,2019,-0.6979542887948487,1.8619846902296058,0.2651336518531534,0.034042739450557837,-0.858667404937659,-0.4248641502685036,0.7821749664343488
Evan Longoria,2019,-1.093635365629408,0.8421501148699394,-0.6228540563799263,0.5391611234051552,-0.4676275658104614,0.8356132457109404,0.7818707580683493
A.J. Pollock,2019,-0.6315462758995379,1.3439217589766121,-0.2517547156258034,0.2058871381155239,-1.183203870063632,0.06267899345939451,0.781279877504643
Buster Posey,2019,0.40884592612699544,0.2963919954682012,0.364535260983722,-0.5491867348062969,-1.1220207659825059,0.31900248907785583,0.7811811065892239
Jake Lamb,2019,0.859867013707647,1.0881485507793796,-0.8746714661773669,-0.21070534349651512,-0.4968890503709999,-0.39381465466523635,0.7805552747282327
Niko Goodrum,2019,0.07680586165044224,0.5098078570850002,0.4639368701142907,-0.486697862564491,-0.6192552585332521,0.2621885183995371,0.779905753973558
Kirk Nieuwenhuis,2019,1.7923461947793007,0.2817298370365124,-0.46381148177101655,-0.07010538095245193,-1.2842889985454926,-0.39843904762742516,0.7794317169422592
Ben Zobrist,2019,0.6772449782455428,0.1253334804318354,-0.5035721254232439,-0.5596015468465978,-1.350792372546717,0.47292871196213804,0.779347709035309
Ryan Braun,2019,-0.2801372076618525,1.216849719235312,0.01994301599775078,-0.8616310960153262,-0.22555528444600564,-0.0014018804452208128,0.7790301917566552
Joey Wendle,2019,-0.5042642511835259,0.5749730056702825,0.13259817301239524,-0.5908459829675007,-0.5660525593322728,0.6123211283938271,0.7787480242417387
Chris Iannetta,2019,1.2666160926914247,0.6531711839726212,0.22537300820092593,0.6953833040096697,-0.5633924243722238,-0.7115765139242052,0.7786705155827076
DJ LeMahieu,2019,-0.4655262436612614,0.03736052984170424,0.40429590463594955,-1.3771642920102245,-0.6671376878141335,1.085991093235159,0.778057117767243
Paul DeJong,2019,-0.744993297929027,0.7395150058481201,0.7886487932741482,1.2734053722463738,0.3224325173240804,0.15582748026919618,0.777836499938969
Matt Joyce,2019,1.9057932168087897,0.10415480714161855,0.6494865404913521,0.5027092812641017,-0.7469417366156025,-0.7413047543954184,0.77673607316336
Colby Rasmus,2019,0.7962260013496409,0.2817298370365124,0.19886591243277432,1.0755239434806554,-1.2842889985454926,-0.23328215612068456,0.7762216913625459
Ian Kinsler,2019,-0.16115618455775424,-0.2265583219286885,0.19223913849073643,1.0182424772590002,0.2825304929233461,0.7920118263531608,0.7761929281280978
Jarrod Saltalamacchia,2019,2.069046248509762,0.6401381542555648,-1.7891662701785982,2.637745749525802,-2.321741632964588,-1.0590666136543874,0.775520195123965
Brett Gardner,2019,0.7879249997377271,-0.9270836692204716,-0.4306776120608269,-0.5335645167458454,0.29317103276354206,1.1963158967616616,0.7751847621362784
Adam Duvall,2019,-0.3908172291540369,0.3126832826145217,-0.23187439379968974,1.9243311247651849,-0.09520867140360677,0.38836838351068687,0.7748132887580854
Carlos Correa,2019,0.9650130341252222,-0.10111541090202025,-0.1324727846691211,-0.4033793662420832,-0.361222167408503,0.25624287030529447,0.7744881178391168
Tyler Naquin,2019,0.6302059691113644,0.819342312865091,0.9940787854773234,-0.7991422237735203,-0.3532417625283557,-0.576808490454705,0.774194791817861
Chris Carter,2019,0.4196285895263878,0.3987450509850273,-0.17888527993204129,1.238958652385549,-0.29972951119862945,-0.10429540510695473,0.7738644402495307
Joc Pederson,2019,0.43928293203734625,0.8959113624527973,-1.0535943626123905,0.815153642473131,-0.353241762528356,-0.277544203044491,0.7736490221771356
Brandon Moss,2019,0.054384518602179174,0.5111549322946392,0.13919986928577832,1.176469780143743,-0.29972951119862923,-0.07853093003190326,0.7730809487983062
C.J. Cron,2019,-0.6785852850337164,0.6938994018384227,0.17235881666462266,0.5808203715663591,0.8331784296534812,0.26483102866364494,0.7725499037007918
Ji-Man Choi,2019,1.1282660658261943,1.6827805316200797,6.269417163706453e-05,-0.1742535013554617,-1.1512822505430444,-1.5281121855335307,0.7722443267995867
Yoenis Cespedes,2019,-0.012023494293131473,0.7115377641943819,-0.41744914184540605,0.9577587272974226,-0.02839574527363528,-0.08051281272998415,0.7717429820636086
Nomar Mazara,2019,-0.16115618455775427,0.2735841934633525,-0.6228540563799263,-1.0438903067205931,0.3064717075637865,0.7325553454107343,0.7716699575937379
Dansby Swanson,2019,-0.0034371539313914623,0.03898965855633629,-0.15897988043727274,0.008005709349805379,-0.0978688063636558,0.5687197090360476,0.7715109565404507
J.T. Realmuto,2019,-0.7090222909440671,0.4250931639241337,-0.12584601072708324,0.09653161169236368,-0.22555528444600595,0.6242124245823124,0.7714561721346266
Domingo Santana,2019,0.2815639014109835,1.0441620754843146,1.232642647390688,-1.1324162090631513,-1.560943034390585,-0.6679750945664258,0.7712348344914519
Logan Forsythe,2019,0.8681680153195608,0.23611423302681536,-0.15897988043727268,-0.3981719602219327,-1.1060599562222122,-0.09455036725502249,0.7703807568194615
Chase Headley,2019,0.34491957501916326,-0.2708268507287471,0.7753701677214175,-0.3701298078409519,-0.17204303311627916,0.4169397444883184,0.7700480428177664
Jung Ho Kang,2019,0.3535059153809033,0.965963897181976,-0.26500826350987927,0.4506352210625969,-0.22023501452590818,-0.5437771121533568,0.7695365888537035
Brad Miller,2019,0.7187499863051118,1.101181580496436,-0.6758682479162296,0.3569019126998881,0.18144536444148543,-0.7776392705269015,0.7688725706546362
Keon Broxton,2019,0.5524446153170091,0.5698035660213929,0.33800308754691555,-0.22952984529688875,-0.49125922832215446,-0.39166839632868333,0.7686428281089861
Jurickson Profar,2019,0.3701079186047309,-0.031062876172841813,6.26941716370677e-05,-0.5491867348062968,1.0513094963774965,0.36722830139782403,0.7682280158856744
Cesar Hernandez,2019,1.0203530448713143,-1.6031720857927745,0.059703659649978286,-0.8147644418339718,0.8039169450929423,1.3727034568908607,0.7680818948122944
Harrison Bader,2019,-0.531934256556572,0.6890120156945264,1.524220700840356,-0.22632756155696657,0.8704203190941666,-0.16721939951798834,0.7677412412367158
Miguel Andujar,2019,-1.3897044231210014,0.4120601342070769,-0.3312760029302584,-0.1221794411539568,0.31179197748388476,1.015303943670274,0.7676414701778858
Trey Mancini,2019,-0.6094102716011011,0.045506173414865174,-0.6096005084958505,-1.299053201707967,0.49534128972726327,1.1143980785743184,0.7675335684975977
Dexter Fowler,2019,0.98161503734905,0.22145207459512692,-0.3776634205245237,0.5339537173850046,-0.22555528444600567,-0.3270912704965132,0.7667620258653871
Ender Inciarte,2019,-0.5153322533327445,-0.9124215107887832,0.7952755672161861,-0.7366533515317144,0.575145338528732,1.432820565399314,0.7663799666108609
Jason Castro,2019,0.6603576362718888,0.21302437751697295,0.39764405302525674,-0.19828540917598578,-0.595004491764064,-0.241045311274536,0.7659049660262628
Mitch Garver,2019,0.10447586702348835,1.145168055791502,0.3976691306939116,0.1381908598535676,0.8970216686946563,-0.7749967602627936,0.7655845826408929
Mark Canha,2019,-0.0062041544686960645,0.6238468671092442,0.19886591243277432,0.5027092812641017,0.09898118067996758,-0.2729198100823023,0.7652977886179421
Enrique Hernandez,2019,0.7076819841558935,0.3827358173437001,-0.9011785619455185,1.1171831916418593,0.06705956115938017,-0.31784248457213576,0.7647265902222247
Mike Zunino,2019,-0.518099253870049,0.9496726100356554,-0.35778309869840996,1.1380128157224612,-0.13777083076439028,-0.2531009831014934,0.7638531208582889
Starlin Castro,2019,-0.7781973043766823,0.12859173786109945,-0.3312760029302584,-0.9866088404989378,-0.15905191044478173,0.9168704363322566,0.7637514184437691
Jayson Werth,2019,0.5856486217646644,0.08106495163177668,-0.6162523601065433,0.6453143660883932,0.15515356696974328,-0.01907444908947664,0.7634705063436097
Yasiel Puig,2019,-0.03387415984174216,0.4169475203509734,-0.6692414739741918,0.10694642373266468,1.0034270670966146,0.14459681164673782,0.7632746645671926
Gary Sanchez,2019,0.7934590008123363,0.5016622135118398,-1.365052737888172,0.5391611234051551,0.23996833356256272,-0.313878719175974,0.7632266682094653
Jedd Gyorko,2019,0.42821492988812776,0.24588900531460745,-0.3445295508143342,0.6693462739089173,-0.2867383885271318,-0.15202496549936823,0.7631589313083735
Dustin Pedroia,2019,0.28681256373576647,-0.44677275190900895,0.5765669494602803,-0.7294408232313355,-0.04435655503392885,0.5081063486000392,0.7629593759798392
Pedro Alvarez,2019,0.6302059691113644,0.8682161743040526,-1.2590243548155655,0.08611679965206272,0.6576095222902494,-0.5041394581917391,0.7628794410055918
Mark Teixeira,2019,0.9345760282148715,-0.23959135164574463,0.3314013912735325,-0.07010538095245193,-0.24683636412639784,-0.0945503672550225,0.7628323594979871
Welington Castillo,2019,-0.36896656360542623,0.5795783383091856,0.7952504895475313,-0.08892988275282554,-0.8982598772096458,-0.1637518860493814,0.7625782204866655
Eddie Rosario,2019,-1.0548973581071435,0.15465779729521242,-0.25838148956784135,0.6693462739089173,-0.2308755543661038,0.7596410756178397,0.762447550819191
Corey Dickerson,2019,-1.2873254032407306,0.04061878727096901,1.093480394607892,0.11736123577296564,-0.028705297402382715,0.7332159729767611,0.7620509920214142
Scott Schebler,2019,-0.1998941920800188,0.7492897781359126,-0.5433327690754715,-0.4398312083831366,-0.3399410877281111,-0.04500329980300036,0.7619029714720921
Gregory Polanco,2019,0.22899089120219582,-0.2819486982261779,-0.5300792211913956,1.3098572143874274,0.6496291174101031,0.33485755066250295,0.7614447789225921
Ozzie Albies,2019,-0.8335373151227745,0.09275090613919418,-0.31802245504618254,0.7266277401305727,-0.6405363382136438,0.6585650580157143,0.7614307857665119
Derek Norris,2019,-0.25523420282611103,0.15139953986594792,0.19886591243277432,1.3358942444881798,-0.45964716093031427,0.03757514595036995,0.7609360482778758
Mark Trumbo,2019,-0.4765942458104798,0.583118649243443,-0.19874052408950021,0.12256864179311616,0.202726444121877,0.0666427588555562,0.7607612841335827
Seth Smith,2019,0.42792959113830165,0.14460097150242687,0.377763731199143,-0.33888537172004896,-0.6987497552059737,-0.18555259572827112,0.7599924516006331
Chase Utley,2019,-0.14483952008375275,0.34987118954606566,-0.09936399262758638,0.09853673397259202,-0.4353963941611264,0.02650885296638375,0.7599365505767794
Ryan Zimmerman,2019,-0.15838918402044966,0.9627056397527118,-0.9939533971340493,-0.1950831254360636,-0.6059545837330074,-0.2577253760636821,0.7591904607741445
Carlos Beltran,2019,-0.41047157166499537,0.12505142692684218,-0.3379278545409511,0.22351447845620373,-0.31569032095892324,0.39117526941326686,0.7589067562714842
Andrelton Simmons,2019,-0.6979542887948487,-0.11089018318981264,-0.5897201866697368,-0.851216283975025,0.7533743808520121,0.9915213512933034,0.7588892140767565
Manuel Margot,2019,-0.8224693129735561,0.2703259360340885,-0.15897988043727274,0.24754638627672784,0.9794858524561744,0.46037678820762573,0.758654465652618
Adam Eaton,2019,0.35627291591820787,-0.18420097534825472,0.9278110460569443,-1.3511272619094719,0.02981767171869451,0.1221354744018211,0.7586397817372409
Derek Dietrich,2019,-0.8307703145854699,0.14814128243668423,0.47056364405632856,0.3829389428006405,0.567164933648585,0.3877077559446599,0.7584289420616099
Nick Ahmed,2019,-0.7781973043766823,0.3517823717656913,0.576592027128935,-0.18987571941591314,-0.19363366492541853,0.23047839523024288,0.758362662020796
Carlos Gonzalez,2019,-0.20819519369193262,0.14162476757815584,-1.1066085541486936,-0.10655722309350533,0.7241128962914736,0.48548063571665034,0.7583158773166031
Josh Reddick,2019,0.32583591000785717,-0.4969936885576095,-0.06620504524874199,0.9140943568559903,0.029817671718694566,0.30248679992718175,0.7577934321408908
Randal Grichuk,2019,-0.8833433247942575,0.7199654612725355,-0.649361152148078,1.3306868384680293,0.5033216946074098,0.034932635686262106,0.7576195439925325
Greg Bird,2019,0.4365159315000416,1.0474203329135787,-1.457827573076703,1.8566348465032287,-1.3640930473469615,-0.9335473761092645,0.7570062413368587
Aaron Hill,2019,0.3535059153809033,-0.10926105447518016,0.19886591243277432,0.9713758230776457,0.01917713187849864,-0.15400684819744911,0.756775499530149
Franmil Reyes,2019,-0.1722241867069727,1.747945680205362,-0.26500826350987927,-0.7470681635720153,-0.8852687545381486,-1.1053105432762746,0.7566647672231769
Chad Pinder,2019,-0.30227321196028933,1.4384112244252716,-0.5367059951334335,0.2110945441356744,-1.2736484587052967,-0.8357744963372741,0.756626442262974
Didi Gregorius,2019,-0.5374682576311812,-0.40576248053821434,-0.3644098726404479,0.7995314244126795,1.210917593980434,0.7913511987871338,0.7564572140813927
Denard Span,2019,0.2151558885156728,-0.7918659859060112,1.1199874903760436,-0.47628305052418995,0.31179197748388465,0.4927475389429469,0.7562094659373306
Trea Turner,2019,-0.28567120873646173,-0.5018810747015054,-1.1463691978009212,-0.2888164337987724,0.02981767171869451,1.0450321841414874,0.755501423528052
James McCann,2019,-0.7588283006155501,0.5244700155166888,0.9079307242308305,0.2110945441356744,-0.4224052714896292,-0.15532810332950303,0.7554349450122884
Colin Moran,2019,-0.1998941920800188,-0.1255523416215007,1.3254174825792189,-0.8512162839750251,-0.7788633561361901,0.0838190755722573,0.7537061514199254
David Ross,2019,1.9030262162714853,0.2002734013049096,0.7952755672161861,1.3358942444881798,0.20538657908192617,-1.6338125960978445,0.753257849662036
Javier Baez,2019,-1.2873254032407306,0.10415480714161865,-0.5101988993652818,-0.20029053145621412,0.4447987254863327,0.8726083894084502,0.7531232498604087
JaCoby Jones,2019,-1.057664358644448,0.444642708499718,0.8615433066365652,-0.486697862564491,-0.4330458113298246,0.09703162689279654,0.7516322582664889
Leonys Martin,2019,-0.008971155006000674,0.31105415389988966,-0.8282840485831015,1.028657289299301,0.4341581856461369,-0.21412395670590262,0.7512518413621728
Melky Cabrera,2019,-0.5457692592430952,0.258922035031664,1.6169955360288866,-1.2469791415064622,-1.0688180667815268,-0.13947304174485597,0.750991285471882
Yan Gomes,2019,-0.894411326943476,0.6352507681116685,0.7025007320276553,0.7630795822716261,-0.4357059462898737,-0.330394408326648,0.7508644316370117
Russell Martin,2019,2.1797262700019457,-0.4969936885576095,-1.0933550062646178,-0.5335645167458454,0.5857858783689279,-0.5160307543802244,0.7508038208372428
Adam Jones,2019,-1.378636420971783,-0.3422264606675641,-0.18548697620542437,-0.038860944831549005,0.35967440676476614,1.1441263190455317,0.7507383188675522
John Jaso,2019,0.5607456169289229,-0.0166827712461467,-0.15900495810592755,0.19227004233530076,0.5701346207373813,-0.3381575634804994,0.750097761723306
Yolmer Sanchez,2019,-0.4018852313032554,-1.0525265802471404,0.30489429550538083,-0.8564236899951756,-0.19895393484551593,1.1315743952910193,0.7488951470834325
Jorge Soler,2019,0.8930710201553024,0.9708512833258718,-0.795150178872912,0.14860567189386858,-0.11914988604404753,-1.276413082877258,0.7486238414337715
Jorge Bonifacio,2019,0.5388949513803122,0.19212775773174956,1.0470929770136266,0.5391611234051552,-0.3505816275683069,-0.9031585080720241,0.748603278013366
Kevin Pillar,2019,-1.4533454354790072,-0.3422264606675638,1.013959107303437,0.08090939363191221,1.0220480118169575,0.7986181020134304,0.7478812939366515
Francisco Cervelli,2019,0.995450040035573,-0.09622802475812361,-0.4770650296550924,0.06528717557146069,-0.8054647057366795,-0.524618912738575,0.7469433937928943
Matt Holliday,2019,0.18720054439280048,0.16415051607801157,-1.212662014889955,0.11415895203304349,0.1870751864903306,-0.1023135224088739,0.7466911060035292
Adrian Gonzalez,2019,-0.2361505378148049,-0.08999356340458892,0.6163275931125077,-0.22952984529688875,-0.49125922832215474,-0.03889327607028553,0.7466167031268742
Mark Reynolds,2019,0.4946229427834384,0.21493555973659817,-0.4704382557130544,0.5964425896268106,-0.0420059722026276,-0.5900210417752443,0.7464286238858716
Tommy Joseph,2019,-0.4851805861722198,0.22768653594866145,-0.4373294636715197,0.6609365841488447,0.37860490361385607,-0.04880268956068995,0.7460926231115491
Adam Lind,2019,-0.18634452814332192,0.4134072094167158,-0.3180475327148374,0.05167007979123763,-0.2358862721574541,-0.34410321157474205,0.7456094428831296
Jacoby Ellsbury,2019,0.2204045508404558,-0.6960294452477132,0.49704566215582535,-0.4482408981432092,0.673879884179291,0.25838912864184743,0.7455250259181047
Ketel Marte,2019,0.13214587239653441,-0.2037505199238398,-0.3312760029302584,-0.7314459455115638,0.5246027742878014,0.12411735709990196,0.7454456028155615
Ehire Adrianza,2019,-0.5872742673026643,0.4609339956460386,1.3254174825792189,0.08611679965206272,-0.22023501452590818,-0.5702022147944353,0.7452429674908129
Matt Adams,2019,-0.4710602447358706,0.7867597385724499,-0.48369180359713027,1.4035905227501362,-0.286738388527132,-0.7089340036600974,0.7438335966371435
Jon Jay,2019,-0.7256242941678948,-0.2656574110798578,1.378431674115522,-2.4030232779798704,-1.4917795254293118,0.43923670609476295,0.7435133167881235
Johan Camargo,2019,-0.24970020175150176,0.06831397541971329,-0.31802245504618254,-0.1690460953353112,0.24528860348266063,-0.057555223557512636,0.742518059557133
Danny Espinosa,2019,-0.09503351041226979,-0.08021879111679658,-0.8945768656721355,0.7078032383301991,0.4823501670557655,-0.01709256639139578,0.7420454121211425
Chris Gimenez,2019,2.0413762431367157,-0.48396065884055306,1.7892916585218723,0.08611679965206272,-0.6990593073347211,-1.501687082892452,0.7420345760258386
Jordy Mercer,2019,-0.28567120873646173,-0.604516183723325,0.9675716897091717,-0.3044386518592239,-0.1404309657244388,0.23179965036229683,0.7418660840696694
Michael Saunders,2019,0.029481513766437678,-0.06555663268510836,-0.17888527993204126,0.20789226039575226,0.2748596401719464,-0.223208366991808,0.7414972844135191
Daniel Robertson,2019,1.29982009913908,0.16769082701226876,-0.7487627612786465,-0.6012607950078017,0.7932764052527468,-0.9124072939964017,0.7414814922980341
Luis Valbuena,2019,0.15981587776958062,0.5440195600922735,-0.8084037267569878,1.2057090939844177,0.005876457078254016,-0.8258650828468697,0.7414106932427077
Daniel Palka,2019,-0.5596042619296182,0.47722528279235915,-1.524095312497082,0.19026492005507248,0.6044068230892702,-0.021881334992056658,0.7411747172023572
Ronald Guzman,2019,-0.1998941920800188,-0.07667848018253903,0.13259817301239524,0.1381908598535676,-0.1670323153249289,-0.16061312385771873,0.7410427697669829
Elvis Andrus,2019,-0.6370802769741473,-0.21678354964089577,-0.3312760029302584,-0.8095570358138212,0.0032163221182048563,0.44914611958516737,0.7401906081745171
Brandon Drury,2019,-0.526685594231789,-0.11443049412406976,0.039798260155209694,-0.4794853342641121,-0.20396465263686672,0.1474036975493178,0.7399611359083407
Ryon Healy,2019,-1.2236843908827246,0.04550617341486517,-0.5433327690754715,0.10694642373266466,-0.22023501452590794,0.47491059466021895,0.7399125655797387
Nick Hundley,2019,-0.8280033140481654,1.034387303196522,0.6892471841435794,0.3464871006595871,-0.015404622602137832,-0.9692212646747205,0.7394937947548513
Jonathan Villar,2019,-0.22479719691576028,-0.24773699521890497,-0.3644098726404479,-1.7625123375013605,1.5700358135870438,0.3659070462657702,0.739304062797234
Jonathan Lucroy,2019,-0.3078072130348986,-0.3943585795357901,0.5567117053028213,-0.5491867348062967,0.2053865790819259,0.124117357099902,0.7391220910329647
Aaron Altherr,2019,0.6053029642756229,0.4234640352095014,-0.6361076042640021,-0.11697203513380633,0.6868710068507883,-0.8919278394495659,0.739121948024271
Willson Contreras,2019,0.3009329051721157,-0.3666633913870453,-1.2325172590474138,-0.7574829756123164,0.5538642588483403,0.20339266502313752,0.7386819583976393
Avisail Garcia,2019,-0.8861103253315622,0.5651982333824902,-0.6758682479162296,-0.7731051936727678,-0.3319606828479645,-0.050948947897243,0.7386571854244431
Steve Pearce,2019,0.6855459798574566,0.41368926292170893,-0.10596568890096944,0.018420521390106373,-0.25215663404649524,-1.1039892881442208,0.7385181098467706
Chris Young,2019,0.3615215782429909,-0.0020206128144581725,0.3181227657208019,1.004625381478777,1.080880533066782,-0.7959724667371842,0.7383706518227543
Eric Sogard,2019,1.8476862055253929,-1.1681947189860158,2.5845045315664215,-0.4346238023629861,-0.3532417625283557,-1.0128226840325,0.7383448455233144
Zack Cozart,2019,0.08233986272505145,0.1579160547244765,-0.11921923678504528,0.7578721762514757,0.059079156279233117,-0.644853129755482,0.7379571431920195
Matt Duffy,2019,-0.21096219422923723,-0.637098758015966,0.9211842721149063,-1.887490081984972,-0.7336410618153578,0.32693001987017933,0.7372725536698924
Yuli Gurriel,2019,-1.4616464370909212,-0.2477369952189052,-0.3909169684085996,-0.13780165921440826,-0.1723525852450266,0.7794599025986485,0.7367194298657584
Addison Russell,2019,-0.18882618993080036,-0.5670462232867879,0.7555149235639587,-0.05969056891215094,0.1867656343615833,0.013131926007372362,0.7366049237202843
Bruce Maxwell,2019,1.2389460873183786,0.2817298370365124,6.269417163706453e-05,-0.5908459829675007,-0.32664041292786605,-1.3167113644049027,0.7362177710859076
Howie Kendrick,2019,-0.16974252491949426,-0.08510617726069276,-0.039723027149245194,-1.3387073275889427,-0.32367072583907014,-0.054748337654932616,0.7359972417298012
Ian Desmond,2019,-0.3742152259302092,-0.30149824280176246,-1.384933059714286,-1.9864307963678316,1.1071723305385242,0.6519587823554448,0.7346517740878681
Yairo Munoz,2019,0.049135856277396146,0.5912642928166031,0.19886591243277432,-1.736475307400608,-0.8054647057366797,-0.8146344142244113,0.7346369154759419
David Freese,2019,0.010397848755131583,0.20027340130490986,-0.006564079770400841,-1.5698383147557924,-0.28939852348718076,-0.4294885432306923,0.734359320510959
Daniel Nava,2019,0.9622460335879176,0.08623439128066658,2.385701313305284,-1.0074384645795398,-1.4172957465479408,-1.574356115155418,0.7342021550657695
Daniel Murphy,2019,-0.7283912947051994,-0.5344636489941466,1.4115655438257115,0.632894431767864,-1.1459619806229466,-0.03707576901067677,0.734181036482665
Carlos Gomez,2019,-0.5706722640788366,-0.0734202227532752,6.26941716370677e-05,0.9557536050171942,0.498001424687312,-0.2273365080264419,0.7339363169127685
Ryan Raburn,2019,0.7408859906035488,0.8030510257187703,-1.7228985307582192,0.6068574016671116,-0.8320660553371694,-1.2968925374240938,0.7338709034179374
Stephen Vogt,2019,-0.3108595523220294,-0.36368718746277406,0.11931954745966458,0.8171587647533594,0.7776251476212004,-0.13798741097432984,0.7338222619536919
Melvin Upton Jr.,2019,-0.5042642511835259,-0.5654170945721558,-1.0602211365544283,-0.1221794411539568,-0.03402556732248065,0.5726834744322093,0.7337348195365423
Coco Crisp,2019,0.4088459261269955,-1.4451466004734652,0.4639368701142907,0.3464871006595871,-0.4330458113298246,0.30182617236115483,0.7318550517356411
Tim Beckham,2019,-0.5900412678399689,0.027585757553912182,-0.10596568890096945,-0.5856385769473502,0.4554392653265286,-0.11304793910377745,0.7317733948908267
Gerardo Parra,2019,-0.9386833355403498,0.09600916356845864,0.7356346017378449,-0.9501569983578844,-1.0342363123008902,-0.13815178661280203,0.7315149168198756
Adalberto Mondesi,2019,-1.5003844446131858,1.5687415215958358,6.269417163706453e-05,0.1381908598535676,-0.1138296161239496,-1.065672889314657,0.7314120236055309
Evan Gattis,2019,-0.46829324419856594,-0.04735416331916202,-0.8150305006990257,1.2161239060247186,0.1043014506000655,-0.22667588046041492,0.7311930989953722
Troy Tulowitzki,2019,-0.19464552975523577,-0.12420526641186211,-0.6957736474109981,0.05167007979123764,0.29880085481238716,-0.19942577461483732,0.730449108897363
Matt Wieters,2019,0.26219489764985116,-0.23307483678721608,-0.01981762765447667,1.0234498832791505,0.27721022300324816,-0.6858120388491536,0.7303365267579428
Byron Buxton,2019,-0.2112475329790634,-0.5885069500819975,0.39764405302525674,0.3953588771211698,-0.13214100871554468,-0.12411423208776362,0.7298697385086885
Jose Pirela,2019,-0.6758182844964118,0.1432538962927879,-0.17223342832134858,-1.1220013970228504,1.1045121955784751,-0.1189935871980201,0.7298285537636595
Cameron Maybin,2019,0.5250599486937891,-0.43671592611622306,-0.1788602022633864,-1.2521865475266127,0.4261777807659902,-0.31586060187405485,0.7294086352509614
Jake Cave,2019,-0.8363043156600792,0.6727207285482059,1.3916852219995979,-0.8512162839750251,-2.5611537793689947,-0.9467599274298037,0.7293710412090614
Angel Pagan,2019,-0.2829042081991571,-1.4940204619124269,1.1928820037384607,-0.27840162175847144,0.5778054734887805,0.5991085770732878,0.7293455656129747
Cheslor Cuthbert,2019,-0.6149442726757104,-0.4187955102552708,-1.1264888759748075,-0.018031320750947044,0.5778054734887805,0.38110148028439034,0.728960647769461
Cory Spangenberg,2019,-0.47936124634778443,0.03410227241244013,1.3320442565212565,-1.4032013221109767,-0.3346208178080129,-0.5034788306257121,0.7289338852077383
Yunel Escobar,2019,-0.18634452814332192,-0.4614349103406974,-0.1788852799320413,-1.1981073650448795,-0.3715531551199513,0.08596533390881034,0.7284939409522823
Kurt Suzuki,2019,-1.0548973581071435,0.4381261936411902,0.06633043359201612,1.0859387555209563,-0.35856203244845386,-0.591342296907298,0.7281350698038039
Rickie Weeks Jr.,2019,0.3535059153809033,1.0962941943525404,-0.9939533971340493,0.398561160861092,-0.6458566081337418,-1.6338125960978445,0.7281199235841999
Trevor Plouffe,2019,-0.2112475329790634,-0.03134492967783491,-0.019842705323131486,-0.05768544663192263,-0.0842585794346633,-0.49076253123272773,0.7280567105493378
Odubel Herrera,2019,-0.7809643049139869,-1.138870402122639,-0.5433327690754713,0.10694642373266466,2.072801321036298,0.927440477388688,0.7280402307838144
Rafael Devers,2019,-0.2330981985276741,0.16117431215374026,-1.7759127222945224,0.16943529597447052,0.42085751084589185,-0.24649470744122387,0.727914410886171
Tim Anderson,2019,-1.4644134376282256,-0.5817083817184765,-0.32464922898822046,-0.7835200057130689,0.23996833356256253,0.8996941196155556,0.7276935173244985
Cameron Rupp,2019,-0.16974252491949424,-0.08510617726069303,-0.7951752565415668,0.0204256436703347,0.003525874246952526,-0.3064474403112052,0.7273972787582992
Alcides Escobar,2019,-1.3094614075391675,-0.8179320453401242,0.23199978214296385,-0.4294163963428356,0.7719953255723554,0.8138125360320505,0.7271732433060852
Jonathan Schoop,2019,-1.4173744284940475,-0.5377219064234104,-0.5565863169595472,0.034042739450557837,1.34924461190298,0.7629442134479745,0.7271541433856418
Yangervis Solarte,2019,-0.6647502823471934,-0.6322113718720701,-0.4571847078289787,0.32045007055883473,0.9848061223762719,0.32494813717209853,0.7268479124647773
Alex Dickerson,2019,0.15981587776958056,0.10252567842698714,0.3976691306939116,0.9713758230776457,1.4556500103049381,-1.1053105432762746,0.7267965070490586
Brandon Phillips,2019,-1.0413476941704465,-0.7204663759671941,0.1988408347641195,-0.40137424396185484,0.4823501670557655,0.5616171814482231,0.7267545151738624
Jorge Alfaro,2019,-1.306694407001863,0.6890120156945264,0.3976691306939116,-0.90329034417653,-0.9916741529401072,-0.4975331825314695,0.726659668615444
Adam Rosales,2019,-0.19464552975523575,0.02241631790502266,-0.21864592358426876,0.801536546692908,-0.5072200380824483,-0.6830051529465737,0.7260492256405829
Gorkys Hernandez,2019,-0.6536822801979748,0.2084190448780704,-1.1066085541486936,-0.1325942531942578,0.8305182946934321,-0.21280270157384876,0.725976712630938
Jean Segura,2019,-0.9912563457491375,-1.0639304812495645,-0.5234524472493577,-1.1792828632445058,0.490021019807165,1.0972217618576174,0.7258172347355756
Chris Owings,2019,-0.7837313054512917,0.38599407477296444,0.2585068779111155,0.2058871381155239,-0.25747690396659345,-0.6904364318113424,0.7257481293007477
Starling Marte,2019,-1.0244603521967928,-0.3324516883797717,-0.7686430831047604,-0.5908459829675008,1.1523946248593566,0.4352729406986012,0.725010095623677
Wilson Ramos,2019,-0.6260122748249288,0.5635691046678584,-0.44393115994490284,-1.4188235401714282,0.18410549940153426,-0.5497227602475994,0.7248351524900294
Jason Heyward,2019,-0.0975151721997482,-0.8733224216376141,-0.7553895352206845,-0.20549793747636458,2.0009776771149754,0.29455926913485825,0.7245872690486101
Lonnie Chisenhall,2019,-0.1780435265314081,-0.33436287059939707,-0.09936399262758644,0.6296921480279418,0.6738798841792907,-0.42932416759222014,0.7242516194695264
Jorge Polanco,2019,-0.32164221572142165,-0.5784501242892119,1.1398678122021573,0.39335375484094154,0.7773155954924531,-0.4116515989479643,0.7239303127152504
Josh Harrison,2019,-1.2928594043153399,-0.20212139120920725,0.722381053853769,0.4818796571834998,0.04045821155889036,-0.08662283646269892,0.723776949467397
Brett Wallace,2019,0.8515660120957332,0.21656468845123017,-0.1324727846691211,-0.90329034417653,0.6576095222902494,-1.2968925374240938,0.7237535244310689
Jose Peraza,2019,-1.5474234537473641,-1.1763403625591762,0.9741984636512097,0.013213115369955897,0.7906162702926979,0.9148885536341756,0.7234832204055622
Andrew Knapp,2019,1.0314210470205327,0.135108252719628,0.49707073982448013,-0.44503861440328707,-1.0129552326204982,-1.5895505491740378,0.7228603891620604
John Hicks,2019,-0.42125423506438764,0.558681718523962,-0.5963469606117747,0.19026492005507248,0.5778054734887805,-0.9269411004489949,0.7225017742821354
Adonis Garcia,2019,-1.4173744284940475,-0.5979996688647969,-0.06620504524874202,-1.1636606451840543,0.6044068230892702,0.7312340902786802,0.7223762397630797
Amed Rosario,2019,-1.2513543962557707,-0.9401166989375278,-0.26500826350987927,-0.7991422237735203,0.5778054734887805,0.9228160844264993,0.7222234500445008
Danny Valencia,2019,-0.1500881824085358,-0.2656574110798575,0.5235778355926318,-0.648127449189156,-0.02604516244233354,-0.5378314640591142,0.7220677202146103
Billy Butler,2019,-0.11688417596088048,-0.1255523416215007,2.7170400104071795,-1.0074384645795398,-0.8054647057366797,-1.1779795755392406,0.7218839903422312
Willy Adames,2019,0.4365159315000416,0.2002734013049096,-1.1264888759748075,-0.90329034417653,-0.22023501452590818,-0.8542720681860291,0.7217663026536257
Omar Narvaez,2019,1.2472470889302925,-1.2431346398590906,2.385701313305284,-1.0751347428414961,0.13090280020055495,-0.9143891766944825,0.7217219802130618
Hyun Soo Kim,2019,0.2951135653476803,-0.4272232073334242,0.377763731199143,-0.6825741690499811,0.06736911328812745,-0.6334580854945515,0.7215000852543256
Tyler Austin,2019,-0.42125423506438764,0.444642708499718,0.7952755672161861,0.24233898025657735,-1.177883600143534,-1.2176172295008583,0.7214948364580367
Adam Frazier,2019,-0.2607682039007202,-0.14021450005318956,-0.006564079770400855,-0.7574829756123163,-0.5527518845320282,-0.46053803883395955,0.7212787873541029
Carlos Ruiz,2019,0.9345760282148715,0.06994310413434601,0.06633043359201615,-0.22632756155696657,-0.08722826652345995,-1.4488368776102951,0.72096889643564
Nick Williams,2019,-0.6841192861083256,-0.37806729238946934,0.8151558890422997,-0.7054089154108114,-0.4649674308504122,-0.23658529395081937,0.7204704146718134
Jeff Mathis,2019,-0.15838918402044966,0.6466546691140931,0.7223810538537692,0.38293894280064045,-0.555412019492077,-1.5776592529855527,0.7204054820117102
Wilmer Flores,2019,-0.8778093237196483,-0.06527457918011481,-0.6559879260901158,1.4921164250926946,0.8358385646135301,-0.34889198017540296,0.7203598815984582
Joe Panik,2019,-0.5014972506462213,-0.7087804214597764,0.22537300820092596,-0.49190526858464145,0.22666765876231781,0.04880581457282829,0.7199794112676904
Lewis Brinson,2019,-1.4727144392401397,0.8356336000114115,-1.524095312497082,-0.5387719227659958,0.17878522948143652,-0.30595118838365043,0.7192987033782962
Phillip Ervin,2019,-0.2829042081991571,0.18398211415858903,1.7892916585218723,0.1381908598535676,0.4181973758858433,-1.3563490183665203,0.7192037529272377
Chris Herrmann,2019,0.7132159852305027,0.15139953986594792,-0.9276856577136702,0.4506352210625969,-0.5128498601312935,-1.2968925374240938,0.7191532703029071
Austin Hedges,2019,-0.872275322645039,0.3729610450559078,-1.0204604929022008,1.3619312745889323,1.6232385127880231,-0.6541019156798595,0.7191481482477614
Manny Pina,2019,-0.922081332316522,0.05691007441728957,1.093480394607892,0.185057514034922,0.6150473629294664,-0.7181827895844749,0.7186750822128936
Byung-ho Park,2019,0.18748588314262668,0.5749730056702825,-1.1927566153951865,0.9193017628761408,0.5512041238882915,-1.3761678453473292,0.7183306986826525
Tony Kemp,2019,0.8515660120957332,-0.5328345202795147,0.662740088375428,-0.6429200431690056,-0.40644446172933496,-1.0392477866735785,0.7182472883086427
Maikel Franco,2019,-0.8197023124362515,-0.7543960254694737,-1.1728762935690729,-0.028446132791248024,1.8998925486331144,0.5059600902634862,0.7179338594833315
Curt Casali,2019,0.6025359637383182,-0.1255523416215007,-0.3312760029302584,1.1796720638836653,0.764014920692208,-1.2968925374240938,0.7169971842623505
Adeiny Hechavarria,2019,-1.234752393031943,0.31268328261452155,0.6296062186652384,-0.1742535013554617,-0.350581627568307,-0.6646719567362909,0.7162218557248516
Erik Kratz,2019,-1.9154345252088774,2.106353997424414,-0.9276856577136702,0.398561160861092,-1.630106543351858,-1.54132473685407,0.7159698502079755
Roberto Perez,2019,0.5803999594398813,0.7427732632773839,-1.6897646610480297,-0.29923124583907335,-0.15639177548473293,-1.5254696752694228,0.7158895561596914
Miguel Montero,2019,0.6520566346599751,-0.45166013805290506,-0.8746965438460217,0.2235144784562037,-0.03637615015378196,-0.8078637629256695,0.7157472824900643
Christian Villanueva,2019,-0.9193143317792175,-0.19071749020678294,-0.39754374235063744,1.804560786301724,1.37584596150347,-0.4512892529095821,0.7157253728798615
Rene Rivera,2019,-0.37726756521734,0.017528931761126493,0.4175243748513705,0.05167007979123764,-0.18002343799642603,-0.9129035459239565,0.7154754185563591
Bradley Zimmer,2019,-0.1998941920800188,0.004777955549063776,6.269417163706453e-05,-0.6949941033705105,-0.007424217721991009,-0.7948155872436025,0.7154050232458874
Carlos Asuaje,2019,0.36457391753012175,-0.013142460311889481,0.08621075541812984,0.4714648451431988,0.5352433141279975,-1.3001956752542285,0.7154030045113131
Austin Barnes,2019,1.4049661195566552,-0.3731799062455732,0.12597139907035737,-1.1949050813049573,1.0060872020566638,-1.3682403145550057,0.7151772603885739
Travis d'Arnaud,2019,-0.43537457650073685,-0.09976833569238126,-0.7554146128893393,0.09853673397259202,0.12323194744915572,-0.5006719447231321,0.7151698574605522
Luke Maile,2019,0.823896006722687,0.13510825271962826,-0.46381148177101655,-0.33047568195997634,-0.19363366492541853,-1.4620494289308343,0.7150140013989161
Michael A. Taylor,2019,-0.567905263541532,-0.12718147033613275,-0.4638114817710165,-0.3981719602219327,0.29849130268363994,-0.4493073702115012,0.7133017350706309
Chris Coghlan,2019,1.072926055080102,-0.7120386788890409,6.269417163706453e-05,-0.5387719227659958,0.2319879286824158,-1.0062164083722305,0.7130766131926151
Austin Jackson,2019,-0.18605918939349575,-0.33896820323830007,0.5964723489550489,-0.6741644792899086,-1.7870545059947465,-0.7373409889992568,0.7128124959630694
Brett Lawrie,2019,-0.08921417058783437,-0.7609125403280026,-0.3312760029302584,0.9713758230776457,0.7374135710917183,-0.4512892529095821,0.7118087480308198
John Ryan Murphy,2019,-1.2513543962557707,1.1777506300841423,-0.8614179182932911,2.169079207712258,0.09898118067996758,-1.5148996342129912,0.7114460368115498
Ben Gamel,2019,0.334136911619771,-1.0052818475228102,0.9278110460569443,-0.9814014344787874,-0.8054647057366794,-0.5431164845873299,0.7110517196952272
Brian Goodwin,2019,-0.22756419745306491,0.10252567842698714,-0.46381148177101655,1.1275980036821602,-0.5394512097317832,-1.1515544728981622,0.7106894852874368
Kevin Kiermaier,2019,-0.3576132227063816,-0.3177895299480833,-0.5499595430175093,-0.6429200431690056,1.6524999973485617,-0.4255247778345306,0.7103084074737307
Chris Johnson,2019,-0.4765942458104798,0.0373605298417049,1.9218271373626306,-0.9553644043780349,-0.5128498601312935,-1.2440423321419367,0.7102489830175062
Rosell Herrera,2019,-0.6702842834218026,0.5912642928166031,0.06633043359201615,-2.1009937288111424,0.4980014246873123,-0.9930038570516911,0.709816735714289
Kevin Plawecki,2019,0.3535059153809033,0.31431241132915355,-2.253040446121252,0.4506352210625969,0.31179197748388476,-1.1581607485584318,0.7097683162733057
J.J. Hardy,2019,-0.6096956103509272,-0.353912415174982,-0.45720978549763347,0.05167007979123763,0.442448142655031,-0.3936502790267642,0.7097392986824641
Isiah Kiner-Falefa,2019,-0.42125423506438764,-0.6794561045963998,1.2591497431588397,-1.840623427803618,0.01917713187849864,-0.37201394498634666,0.7096678855596514
David Dahl,2019,-0.6564492807352795,0.4348679362119259,0.25188010396907756,0.22671676219612585,-0.6671376878141335,-1.2651824142547996,0.7095820813756968
Max Stassi,2019,0.2981659046348111,0.42835142135339743,-1.1264888759748075,-0.8512162839750251,0.764014920692208,-1.3365301913857115,0.7088050661610201
Pablo Sandoval,2019,-0.5983422694518826,0.7883888672870815,-0.7686430831047604,-0.5335645167458453,-0.5314708048516366,-1.2698068072169884,0.7086430446717608
Scott Kingery,2019,-1.2513543962557707,-1.119320857547054,0.729007827795807,0.8672277026746359,1.2694405631015113,0.20933831311738013,0.7085039230967746
Prince Fielder,2019,0.21515588851567277,-0.8097864017669643,-0.46381148177101655,0.19026492005507248,0.444798725486333,-0.5437771121533568,0.7082017777938768
Ezequiel Carrera,2019,0.15399653794514515,-0.7693402374061558,-0.13912463627981383,-0.7606852593522384,0.7935859573814941,-0.5343639505905071,0.7063258317964685
Jhonny Peralta,2019,-0.7256242941678948,-0.20700877735310352,0.9278110460569443,0.1381908598535676,-1.2310862993445133,-0.9203348247887253,0.7060934196515282
Brock Holt,2019,0.433748930962737,-0.9841031742325939,0.9874520115352854,-1.7937567736222635,0.5432237190081441,-0.6488168951516438,0.7060183218005633
Greg Allen,2019,-1.1683443801366324,0.4609339956460386,0.9278110460569443,-1.1115865849825495,-1.337491697746472,-1.065672889314657,0.7058689393013858
Delino DeShields,2019,0.6606429750217151,-1.2431346398590901,-0.5632130909015852,-0.5700163588868987,0.439478455566235,-0.42420352270247663,0.7035109072047248
Billy Hamilton,2019,-0.354846222169077,-2.492676363981876,1.232642647390688,-0.24715718563756853,2.003637812075025,0.7741748820704328,0.7032480115085248
Tyler White,2019,0.45311793472386924,-0.19886313377994322,-0.8614179182932911,0.7578721762514756,0.6097270930093682,-1.345118349744062,0.7030298798696905
David Bote,2019,0.02146585090435004,0.8356336000114115,-1.1264888759748075,-1.5802531267960935,-0.03402556732248065,-1.6007812177964964,0.7025966993527001
Hernan Perez,2019,-1.2873254032407306,-0.06527457918011519,-0.40417051629267536,0.12256864179311613,0.36233454172481483,-0.4724293350224449,0.7025270563165311
Kolten Wong,2019,-0.1390201802593174,-0.8961302236424631,-0.43730438600286486,-0.5179422986853939,0.771995325572355,-0.32180624996829754,0.7024637597576772
Mallex Smith,2019,0.05743685788930997,-1.4370009569003046,0.7025007320276554,-1.502142036493836,1.053969631337545,-0.1308848833865054,0.7014199240135033
Devin Mesoraco,2019,0.049135856277396146,-0.22330006449942408,-1.2590243548155655,1.7524867261002188,0.9502243678956356,-1.1779795755392406,0.7013695192173902
Andrew Romine,2019,-0.6979542887948487,-0.6631648174500792,1.9218271373626306,-1.371956885990074,1.4024473111039588,-0.6891151766792886,0.7010295779123489
Brian McCann,2019,0.30369990570942035,-0.9156797682180474,-0.12584601072708318,1.4817016130523935,0.4687399401267732,-1.0161258218626348,0.6996354284202668
Austin Slater,2019,-0.03387415984174217,0.6401381542555648,-0.3312760029302584,-2.8300305716322107,0.6310081726897597,-1.501687082892452,0.6992205662033548
Brandon Guyer,2019,-0.6121772721384057,0.19538601516101367,-0.27163503745191714,0.4922944692238007,0.4793804799669693,-1.2823587309715005,0.6989856935272152
Cody Asche,2019,-0.11688417596088048,-0.027804618743577345,0.13259817301239524,0.7630795822716262,1.615258107907876,-1.5479310125143395,0.6976979540629372
Erick Aybar,2019,-0.3025585507101156,-1.1847680596373298,-0.2186459235842687,-0.8075519135335929,0.36264409385356233,-0.14987870716281518,0.6966956619972275
Patrick Kivlehan,2019,0.547195952992226,-0.060387193036218464,-0.8614179182932911,0.398561160861092,1.695062156709345,-1.640418871758114,0.6966615404423043
Nori Aoki,2019,-0.16974252491949426,-1.1554437427739526,-0.6162523601065433,-1.0731296205612677,0.6738798841792907,-0.12609611478584454,0.6962897611548682
Ryan McMahon,2019,-0.03387415984174217,0.06994310413434601,0.662740088375428,-0.7470681635720153,0.09898118067996758,-1.6536314230786533,0.6958225218142913
Nicky Delmonico,2019,0.049135856277396146,-0.5979996688647969,-1.1264888759748075,0.5547833414656066,-0.03402556732248065,-0.8873034464873772,0.6952233764992587
Ryan Goins,2019,-0.5596042619296182,-0.9401166989375278,-1.7891662701785982,-0.22632756155696657,0.36499467668486407,0.044181421610639565,0.6950370295284665
Darwin Barney,2019,-0.427073574888823,-0.9843852277375869,0.23860147841634696,-0.4169964620223063,0.37860490361385607,-0.4689618215538379,0.6949870888165282
Paulo Orlando,2019,-1.8600945144627852,-0.7120386788890409,0.4639368701142907,-1.4240309461915788,-0.007424217721991009,0.20933831311738013,0.6943662358070961
Jose Iglesias,2019,-1.348199415061432,-1.1372412734080068,0.5898455750130109,-0.7991422237735202,1.0752507110179368,0.15913061809933102,0.6942421854524878
Oswaldo Arcia,2019,-0.0062041544686960645,-0.4187955102552708,1.3254174825792189,-0.27840162175847144,0.5512041238882915,-1.5215059098732608,0.6941075397831505
Taylor Motter,2019,-0.3105742135722032,-0.40250422310895023,0.06633043359201615,0.19026492005507248,0.15218387988094687,-1.138341921577623,0.6933448913311204
Ryan Rua,2019,-0.08921417058783437,-0.15813491591414183,-0.3312760029302584,-1.0595125247810446,-0.5128498601312935,-1.2110109538405887,0.6931165136711729
Travis Jankowski,2019,0.35350591538090326,-1.3490280063101738,0.4573100961722527,-2.429060308080623,1.0114074719767614,-0.4393979567210968,0.6923791285354034
Kelly Johnson,2019,-0.3659142243182954,-0.6468735303037586,-0.1324727846691211,-0.3825497421614812,0.7906162702926977,-0.7882093115833329,0.6921968263312559
Martin Maldonado,2019,-1.2181503898081154,-0.6094035698672211,-0.64273437820604,0.1798501080147715,0.0723798310794781,-0.2861323614028416,0.6919799746248112
Martin Prado,2019,-0.9165473312419129,-0.6094035698672213,0.94106459394102,-1.0074384645795398,-1.119360631022457,-0.717522162018448,0.6909263092920134
Dustin Fowler,2019,-1.4727144392401397,0.9822551843282965,-0.46381148177101655,0.398561160861092,-0.14043096572443925,-1.6470251474183837,0.690320507765797
Aledmys Diaz,2019,-1.0770333624055803,-0.6680522035939751,-1.152995971742959,0.5704055595260581,0.572485203568683,-0.29604177489324596,0.6902059488854133
James Loney,2019,-1.3620344177479553,-0.630582243157438,0.7952755672161861,0.034042739450557837,1.1098324654985734,-0.5702022147944353,0.6898338443036088
Jace Peterson,2019,1.3191891029002125,-0.8733224216376138,-1.3981866075983618,-0.6272978251085541,-0.6804383626143784,-1.3173719919709295,0.6895739216966192
Trayce Thompson,2019,0.4088459261269955,-0.3699216488163091,-1.457827573076703,-0.3825497421614812,0.31179197748388476,-1.2572548834624762,0.6887829825852335
Jake Smolinski,2019,-0.7256242941678948,-0.6794561045963998,0.5964723489550489,-0.07010538095245193,0.4980014246873123,-0.8806971708271075,0.6884439796576007
Austin Romine,2019,-0.6592162812725841,-0.016400717741153314,0.033196563881826624,-0.7366533515317144,0.23996833356256247,-1.2632005315567185,0.6884198221973626
Jose Reyes,2019,-0.06154416521478827,-1.1046586991153655,-0.6162272824378884,0.6537240558484659,2.4159587308826143,-0.6970427074716121,0.6884095621131907
Gordon Beckham,2019,0.21515588851567277,-0.40250422310895023,-2.186772706700873,0.9193017628761408,-0.3798431121288453,-1.1449481972378925,0.6882444312489714
Guillermo Heredia,2019,0.05743685788930997,-1.388127095461343,0.20549268637481222,-0.3721349301211802,1.1656952996596015,-0.5853966488130555,0.6882308481083058
Devon Travis,2019,-1.3039274064645583,-0.5589005797136276,-0.11921923678504528,-0.7939348177533697,0.8198777548532362,-0.38390524117483193,0.6876196259115235
Albert Almora Jr.,2019,-1.1489753763755002,-0.8863554513546702,-0.3047689071621067,-0.872045908055627,1.077910845977986,-0.1328667660845863,0.6875536416048561
Michael Bourn,2019,-0.5596042619296182,-1.2822337290102597,0.3976691306939116,-1.2678087655870642,-0.22023501452590818,-0.25970725876176304,0.6875024776912461
Matt Szczur,2019,0.27851156212385264,-1.194542831925122,-0.3379278545409511,0.48909218548387856,1.160684581868251,-0.9267767248105228,0.6864279803640104
Eduardo Nunez,2019,-1.6304334698665022,-1.0362352931008192,-0.9078053358875564,-0.6585422612294571,1.7243236412698835,0.36788892896385106,0.6863141684327138
Tyler Saladino,2019,-0.43537457650073685,-0.9452861385864176,-0.3975688200192923,-0.27639649947824313,0.7536839329807596,-0.6037298450233383,0.6862753525579468
Dioner Navarro,2019,-0.39358422969134155,-1.200777293278657,0.19886591243277432,1.2317461240851701,0.6310081726897597,-0.7816030359230632,0.6860190217618529
Charlie Culberson,2019,-0.7532942995409408,-0.30475650023102685,-0.46381148177101655,-1.0595125247810446,0.9236230182951459,-0.8608783438462987,0.6856241503872714
Peter Bourjos,2019,-0.6595016200224103,-0.6911420591038172,-0.854816222019908,-0.13579653693417995,0.9611744598645786,-0.6314762027964705,0.685142466446017
J.T. Riddle,2019,-1.0272273527340972,-0.21352529221163172,0.05970365964997823,-0.913705156216831,0.34903386692457006,-0.9632756165804779,0.6845502834980078
Mikie Mahtook,2019,-0.2192631958411511,-0.5963705401501646,-0.649361152148078,0.0027983033296549165,0.22400752380226854,-1.080867323333277,0.6839960109567276
David Fletcher,2019,-1.1406743747635864,-0.7283299660353615,1.7230239191014933,-0.3825497421614812,0.8970216686946563,-0.9599724787503431,0.6835783435162118
Ichiro Suzuki,2019,-0.14483952008375275,-1.3069527132347338,0.4175243748513705,-0.948151876077656,1.328273084351336,-0.643367498984956,0.6832618945308732
Dixon Machado,2019,-0.780964304913987,-0.23959135164574463,1.1928820037384607,-0.6429200431690056,-0.5926539089327625,-1.4488368776102951,0.683185122062936
Elias Diaz,2019,-0.6398472775114519,-0.052241549463058534,-0.6294808303219642,-0.2159127495166656,0.6815507369306903,-1.31076571631066,0.6828071059475561
Wilmer Difo,2019,-0.32717621679603087,-1.9387726010069777,0.7488881496219206,-0.5960533889876511,1.6711209420689044,-0.15598873089553,0.6818622123975255
Miguel Rojas,2019,-0.9497513376895683,-1.5200865213465393,0.7820220193321102,-1.0334754946802922,1.155054759819406,-0.14740057253717953,0.6802293778647457
Ben Revere,2019,-0.7176086313058071,-1.2238671487884991,0.21872115659023322,-1.119996274742622,0.6259974548984095,-0.43923358108262467,0.6786074485559409
Juan Uribe,2019,-0.780964304913987,-0.27217392593838574,-0.1987405240895002,-0.1742535013554617,0.4181973758858433,-1.277073710443285,0.6782779657669303
Chase d'Arnaud,2019,0.049135856277396146,-1.1681947189860158,0.729007827795807,0.1381908598535676,0.8704203190941666,-1.2572548834624762,0.6782651747941773
Hunter Pence,2019,-0.9663533409133959,-0.5654170945721558,-1.0337140407862766,-0.8720459080556271,1.1045121955784754,-0.644853129755482,0.6766807439316312
Jeff Francoeur,2019,-0.8363043156600792,-0.6631648174500792,-0.795150178872912,-0.22632756155696657,0.5778054734887805,-0.8014218629038721,0.6763760218946111
Alexei Ramirez,2019,-1.4173744284940475,-1.6406420462293114,-0.26500826350987927,-0.9553644043780349,0.764014920692208,0.35467637764331184,0.6758534306416052
Conor Gillaspie,2019,-0.8916443264061714,-0.2884652130847063,0.5964723489550489,0.6589314618686164,0.3383933270843744,-1.6338125960978445,0.6740900785205601
Ramon Flores,2019,0.6578759744844105,-1.1681947189860158,-1.3252920942359447,-0.90329034417653,0.39159602628535367,-1.0788854406351962,0.6739984787521501
Gregor Blanco,2019,-0.219263195841151,-0.8830971939254066,1.1266142643180816,-0.44503861440328707,0.16548455468119164,-1.4950808072321822,0.673616201283683
Sandy Leon,2019,-0.6260122748249288,-0.9010176097863589,-0.15897988043727285,0.4350130030021454,1.1045121955784754,-1.063030379050549,0.6730047514375435
Jake Marisnick,2019,-0.554070260855009,-0.7869785997621155,-0.19874052408950021,1.2161239060247186,0.4527791303664794,-1.3378514465177656,0.672128894272915
Greg Garcia,2019,0.6551089739471059,-1.5151991352026433,1.0470929770136266,-0.9814014344787872,0.2399683335625627,-1.4191086371390815,0.671524801207902
Adam Engel,2019,-1.306694407001863,-1.2757172141517312,-1.2590243548155655,0.7943240183925291,1.969056057594388,-0.18109257840455456,0.6705316763543588
Cliff Pennington,2019,-0.3382442189452493,-0.630582243157438,-0.26500826350987927,0.5547833414656066,-0.5394512097317832,-1.5545372881746091,0.6699741949449384
Kennys Vargas,2019,-0.2829042081991571,-0.8097864017669643,-0.26500826350987927,-0.6429200431690056,1.5886567583073863,-1.2440423321419367,0.669919969896497
Orlando Arcia,2019,-1.1821793828231555,-1.0720761248227246,-0.6957485697423433,-1.2417717354863118,1.7988074201512545,-0.3085936986477583,0.6692899346190269
Dae-Ho Lee,2019,-0.5872742673026643,-1.119320857547054,0.5302046095346697,-1.5281790665945887,0.5246027742878019,-0.8939097221476469,0.6690088431286676
Johnny Field,2019,-1.7770844983436467,0.26543854989019183,-0.6626147000321538,0.7110055220701212,0.7906162702926977,-1.4488368776102951,0.6684031861949785
Jeff McNeil,2019,-1.029994353271402,-0.5328345202795147,-0.06620504524874202,0.7110055220701212,1.0034270670966148,-1.3497427427062507,0.668018259580915
Ronny Rodriguez,2019,-1.1683443801366324,0.26543854989019183,-1.1264888759748075,0.1381908598535676,1.1896365143000425,-1.6272063204375748,0.6676615528690316
Nolan Reimold,2019,0.5748659583652721,-1.3148163033029008,-0.1987405240895002,-0.07010538095245193,2.2802918479201173,-1.4884745315719128,0.6669393328977876
Blake Swihart,2019,-0.3659142243182954,-0.630582243157438,-0.1324727846691211,0.19026492005507248,0.2851906278833951,-1.6206000447773052,0.6661189851147047
Clint Robinson,2019,0.07680586165044224,-0.6794561045963998,-1.6566307913378402,0.398561160861092,1.6418594575083656,-1.501687082892452,0.6655133904914129
Jeremy Hazelbaker,2019,-0.1998941920800188,-0.40250422310895023,-1.9879694884397356,0.19026492005507248,1.9078729535132621,-1.5082933585527216,0.6640129390936156
Joey Rickard,2019,-0.9165473312419129,-0.9678118870862733,0.7555149235639586,0.6276870257477134,1.3146628574223436,-1.3411545843479002,0.6639174277192663
Victor Reyes,2019,-1.9984445413280156,0.16769082701226848,1.524220700840356,-1.840623427803618,0.36499467668486407,-1.54132473685407,0.6634346977340676
T.J. Rivera,2019,-1.583394460732324,-0.6142909560111175,1.457952961419977,0.6589314618686164,0.17878522948143652,-1.4620494289308343,0.6631848555832744
Lourdes Gurriel Jr.,2019,-1.6387344714784162,-0.4676693716942325,0.7952755672161861,-0.486697862564491,-0.7256606569352108,-1.2506486078022063,0.6625053847575336
Renato Nunez,2019,-0.3382442189452493,-1.00528184752281,-1.2590243548155655,0.9713758230776457,1.3492446119029802,-1.2638611591227458,0.6617111686088638
Alex Presley,2019,-0.9193143317792175,-1.526603036205068,3.512252883451729,-1.8926974880051228,0.09898118067996758,-1.2440423321419367,0.6613257314811266
Dee Gordon,2019,-1.9763085370295785,-2.396557769818585,0.33140139127353246,-2.0957863227909916,1.1045121955784756,0.9479199319355238,0.6610080667369551
Leury Garcia,2019,-1.6276664693291978,-0.7381047383231534,1.6633829536231521,-1.9343567361663268,0.2080467140419752,-1.0702972822768457,0.6606419534546273
Desmond Jennings,2019,0.4365159315000416,-1.1519034318396952,-1.3252920942359447,0.19026492005507248,0.4980014246873123,-1.501687082892452,0.6604648042167072
Christian Vazquez,2019,-1.1600433785247186,-1.0264605208130266,0.5036975137665181,-0.4137941782823842,0.21868725388217075,-1.0603878687864412,0.6595846422642359
Juan Lagares,2019,-1.1960143855096785,-0.6142909560111175,-0.06620504524874202,-0.9553644043780349,0.764014920692208,-1.1911921268597798,0.659009554785135
Alex Rodriguez,2019,-0.780964304913987,-0.6957473917427204,-0.5963469606117747,-0.018031320750947044,1.2694405631015113,-1.3827741210075988,0.6584770031294354
Jefry Marte,2019,-0.6647502823471934,-0.2558826387920654,-1.8819411053671287,-0.4814904565443404,0.3889358913253045,-1.4587462911006994,0.6583370598367386
Johnny Giavotella,2019,-1.555724455359278,-1.2985250161565802,0.662740088375428,-1.1115865849825495,1.0034270670966148,-0.5635959391341657,0.658125501563639
Jett Bandy,2019,-1.1406743747635864,-0.9726992732301689,0.06633043359201615,2.3773754485182774,0.843818969493677,-1.4620494289308343,0.6579229900625244
Danny Santana,2019,-1.1130043693905403,-0.5654170945721558,0.3976691306939116,-1.5281790665945887,0.17878522948143652,-1.3497427427062507,0.6578362528909059
Tyler Moore,2019,-1.2513543962557707,-0.060387193036218464,-2.054237227860115,2.117005147510753,-1.337491697746472,-1.6470251474183837,0.6578117913117274
Gregorio Petit,2019,-0.44892424043743373,-1.0704469961080922,0.5302046095346697,-1.1115865849825495,0.09898118067996758,-1.5148996342129912,0.6535538991458504
Brett Eibner,2019,0.3811759207539494,-1.4614378876197858,-0.728882439452533,0.5547833414656066,2.0408797015157103,-1.6139937691170356,0.6524913171812727
Rajai Davis,2019,-0.8003333086751192,-1.3066706597297402,-0.08608536707485576,-0.5127348926652433,2.187187124318403,-1.0795460682012232,0.6516071694069155
Jarrod Dyson,2019,0.3064669062467249,-2.1831419082017858,-0.01319085371243875,-0.6064682010279522,1.6099378379877782,-1.0531209655601448,0.6488305236994295
Ivan De Jesus,2019,-0.531934256556572,-1.689515907668273,1.8555593979422516,-1.4240309461915788,-0.08722826652345995,-1.3827741210075988,0.6473591951410579
Tyler Holt,2019,0.7685559959765949,-1.9501765020094022,0.5302046095346697,-1.371956885990074,-1.3108903481459822,-1.6139937691170356,0.6471950003057645
Justin Morneau,2019,-0.8639743210331253,-0.8749515503522456,-0.26500826350987927,-0.7470681635720153,-1.018275502540597,-1.5479310125143395,0.6448889215506175
Phil Gosselin,2019,-0.780964304913987,-1.119320857547054,0.06633043359201615,-1.1636606451840543,-0.19363366492541853,-1.4025929479884078,0.6447808931174303
Bobby Wilson,2019,-1.2513543962557707,-1.3636901647418624,1.1266142643180816,-0.07010538095245193,0.764014920692208,-1.3299239157254419,0.6447321640640215
Tony Wolters,2019,0.8903040196179978,-2.008825135736156,-0.9806998492499733,-1.2521865475266125,-0.2787579836469851,-1.4528006430064568,0.6407811597243508
Victor Caratini,2019,-0.9193143317792175,-0.8586602632059259,0.3314013912735325,-1.5802531267960935,0.5778054734887805,-1.6668439743991927,0.6405392912377257
Carlos Perez,2019,-1.3620344177479553,-1.2496511547176186,-1.1264888759748075,0.9193017628761408,2.120683750317179,-1.065672889314657,0.64041812367841
Kelby Tomlinson,2019,0.4088459261269955,-2.2597109577894923,1.524220700840356,-1.6323271869975984,1.5886567583073863,-1.5215059098732608,0.6400730661111729
Caleb Joseph,2019,-1.5667924575084964,-1.316445432017533,0.2850139736792671,-0.09614241105320437,-0.24417622916634857,-1.1660882793507552,0.6381017686074321
Pedro Severino,2019,-0.1722241867069727,-1.8361374919851583,-0.1987405240895002,0.5027092812641017,1.2428392135010216,-1.5809623908156876,0.6349775164750764
Jose Osuna,2019,-1.555724455359278,-0.630582243157438,-0.728882439452533,-0.9553644043780349,1.3492446119029802,-1.4884745315719128,0.634390256453353
Tyler Goeddel,2019,-0.44892424043743373,-1.3473988775955419,-1.3252920942359447,-0.7470681635720153,1.8546702543122828,-1.4422306019500255,0.6327305851153888
Andres Blanco,2019,-1.0853343640174942,-1.00528184752281,-0.5300792211913956,-0.7991422237735203,1.535454059106407,-1.607387493456766,0.6309057542461971
Christian Bethancourt,2019,-1.1960143855096785,-0.9401166989375278,-1.590363051917461,0.4506352210625969,-0.5660525593322728,-1.640418871758114,0.6270867865352584
Alen Hanson,2019,-1.6553364747022439,-1.3213328181614288,-1.5506024082652334,0.41939078494169396,1.1843162443799442,-1.0907767368236816,0.6250026833951984
Shawn O'Malley,2019,-0.08921417058783437,-2.3411673935210953,0.5964723489550489,-1.319882825788569,1.615258107907876,-1.4554431532705647,0.6229043767323263
Cristhian Adames,2019,0.21515588851567277,-2.1293806606189283,-0.9276856577136702,-2.4655121502216764,1.7748662055108138,-1.2968925374240938,0.62210217543023
Allen Cordoba,2019,-0.3382442189452493,-1.656933333375632,-1.9217017490193564,-0.4346238023629861,1.7216635063098347,-1.4884745315719128,0.6201998611052997
A.J. Pierzynski,2019,-2.0261145467010615,-1.1844860061323363,-0.39754374235063744,-0.6949941033705105,-0.03402556732248065,-1.277073710443285,0.6194228530994328
Kevan Smith,2019,-1.7770844983436467,-1.770972343399876,-0.26500826350987927,-1.8926974880051228,0.8172176198931873,-1.0458540623338481,0.6093997898150938
Rafael Ortega,2019,-0.5596042619296182,-1.9013026405704405,-0.9276856577136702,-1.5281790665945887,1.2694405631015113,-1.6536314230786533,0.6052064712553633
JB Shuck,2019,-1.057664358644448,-1.917593927716761,-1.457827573076703,-0.6429200431690056,2.2270891487191378,-1.3959866723281382,0.6031790720284526
Ronald Torreyes,2019,-1.6940744822245084,-2.6181192750085445,-0.9939533971340493,-0.90329034417653,1.4024473111039588,-0.768390484602524,0.5933380904125356
Billy Burns,2019,-1.7217444875975545,-3.465266206617213,-0.46381148177101655,-1.1636606451840543,3.530555279143129,-0.7948155872436025,0.5683296044862295
