Name,Season,weightAVG,weightPA,weightSF,weightK,weightSLG,weightAB,RBIsPredicted
Joey Gallo,2019,-1.5707880632290177,0.734537228108815,-1.3692892927856266,2.4777460195428045,1.2113142963641992,0.5960031276518776,113.95009690218606
Chris Davis,2019,-2.1885184204821675,0.5588102955456431,0.38533341521878384,2.537288948639759,-1.0728164026257039,0.5270073407507481,97.31738897732842
Khris Davis,2019,-0.30048102087767015,1.299373797061868,1.690052864760525,1.0884110072805435,1.6486400108600683,1.2355124643053577,96.54636964618165
Mike Zunino,2019,-1.2825138965108815,-0.2531009831014934,-0.6044537533990887,2.6051017290001783,0.20761593522613717,-0.20152881771064107,95.89854848453732
Giancarlo Stanton,2019,0.36159920817826996,1.488313280945579,1.8250238422993255,1.126452323092486,1.6973910741153462,1.3816648301066752,95.70377716402966
Daniel Palka,2019,-0.5222303798916214,-0.021881334992056658,-1.3692892927856266,2.1353741772353194,0.8428136123463676,0.09374347461892397,94.05522761197977
Trevor Story,2019,0.5389986953894308,0.9862363307650878,-0.10956016909015248,1.2604239135606328,1.55974101315927,1.0574588206895394,92.36628448997104
Miguel Sano,2019,-1.0861073213842396,-0.5186732646443323,-0.5594634275528219,2.687800241634837,0.1703357103838662,-0.5479915325797539,92.0938056489338
Matt Davidson,2019,-0.9784004898631773,0.1835738380423286,0.250362437679983,2.1965710765849664,0.052759616650550574,0.17535139460950727,91.33145673729499
Aaron Judge,2019,0.7385731185019866,0.6585650580157145,0.7452560219889193,1.5498687077819373,1.8995646011445846,0.35117936768012764,91.0613199060757
Teoscar Hernandez,2019,-0.5539088597507573,0.4669830638678954,-0.019579517397618578,1.6557228039543002,0.6133968440862391,0.5314586818411435,90.01714438380094
Justin Upton,2019,0.1335141531924916,1.1137374510082916,0.4753140669113177,1.2207286274959963,0.8757922727837611,1.0352021152375623,88.40500649419876
Ian Happ,2019,-0.5539088597507568,-0.033112003614515,-0.19954082078268628,2.2230346006280564,0.20904979002776294,-0.1800140024403964,87.53794405138753
Yoan Moncada,2019,-0.7186369550182636,0.4755712222262458,-0.7394247309378894,1.950129508933684,-0.31000564816077697,0.44465753057843216,87.35091807361479
Eric Thames,2019,-0.9213792261167336,-0.61050049632208,-1.3692892927856266,2.0047105272725583,0.9288449004439159,-0.6733709732925591,87.10222733033217
Ryan Schimpf,2019,-1.250835416651746,-0.8080281385641417,-0.019579517397618578,1.7549610191158902,1.5454024651430098,-0.9523216816240075,86.69786497414685
Max Muncy,2019,0.2063746568685041,0.18951948613657127,-0.4694827758602879,0.9941347028770331,2.2479913179396553,-0.06947236536224263,84.80653803668743
Ryan Howard,2019,-1.9160834936935989,-0.5966273174355138,-0.019579517397618578,1.7053419115350952,0.3983186238423685,-0.5442820816710909,84.0879035453888
Tyler Austin,2019,-0.8390151784829795,-1.2176172295008583,-0.019579517397618578,2.3503903100854306,0.7854594202813355,-1.1897265397784318,83.29805180182203
Javier Baez,2019,0.846279950023048,0.8726083894084502,0.07040113429491529,0.8667789934196588,1.3403612285105206,1.0537493697808766,82.93872361347078
Chris Taylor,2019,0.24438883269946712,0.9307436152188228,0.025410808448648348,1.1512618768828835,0.49295304074967206,0.9276280388863388,82.5403641575638
Kyle Schwarber,2019,-0.8421830264688926,0.33353629553044906,-0.7394247309378894,1.2124587762325312,0.5990582960699818,0.16199737133832093,82.4842140431443
J.D. Martinez,2019,1.9993766168955938,0.8950697266533669,1.2851399321441226,0.4384006979721282,3.049516152048478,0.8356336563514996,82.44773434739153
Paul Goldschmidt,2019,1.1503933566707518,1.5305934451713044,-0.46948277586028786,0.4350927574667418,1.6113597860177968,1.3111852628420804,82.3334471525872
Kirk Nieuwenhuis,2019,-1.5042632555248332,-0.39843904762742516,-1.3692892927856266,2.1022947721814558,-0.5767026412631765,-0.514606474401788,81.37084799202576
Jorge Alfaro,2019,0.1746961770093682,-0.4975331825314695,-0.9193860343229573,2.5488667404086107,-0.2612545849054997,-0.44783635804585614,81.077120566574
Cody Bellinger,2019,0.17786402499528178,1.0205889641984898,-0.019579517397618575,0.5822961099564337,1.1195475890601472,0.9610130970643047,80.68897344414688
Matt Olson,2019,-0.18643849338478094,0.4920869113769199,-0.7394247309378894,0.7344613732042053,1.2500283760080948,0.4327872876707109,80.26864291415325
Randal Grichuk,2019,-0.446202028229695,0.034932635686262106,-0.24453114662895326,1.096680858544009,0.9446173032617997,0.13528932479594818,79.91479388892436
Jarrod Saltalamacchia,2019,-2.7080454901719953,-1.0590666136543874,0.8802269995277201,2.383469715139294,-1.1359060138972392,-1.17488873614378,78.27516277299233
Mike Napoli,2019,-0.7695083379065291,0.4466679849595317,0.25819424463903046,1.0579385222276136,0.1830708370420152,0.3856453254606179,78.07251867260382
Justin Smoak,2019,-0.27197038900444775,0.8541108175596952,-0.2895214724752202,0.6451469795587743,0.6707510361512719,0.716189337092555,78.02516574936209
JaCoby Jones,2019,-1.567620215243105,0.09703162689279654,-0.4694827758602879,1.5234051837388465,-0.8778121496045953,0.18277029642683304,77.76214233862987
Yasmany Tomas,2019,0.4914809756007271,0.7312340902786802,-0.9193860343229573,0.4979436270690821,1.1869387647365606,0.9320793799767343,77.62610392109494
Melvin Upton Jr.,2019,-0.5855873396098923,0.5726834744322093,1.3301302579903895,1.2587699433079393,-0.33294732498678986,0.6501611109183556,77.49579459700274
Jeimer Candelario,2019,-1.0290860576377956,1.1011855272537792,0.8802269995277201,0.7625788674999893,-0.461994257133113,0.9988494963326662,76.82257514398378
Jesus Aguilar,2019,0.4693060396993307,0.24567282924886308,2.1849464490694612,0.9230139820112264,1.4851805634747275,0.17609328479123987,76.66217409092549
Robinson Chirinos,2019,-0.7788260667506215,-0.4057059508537217,-0.6044537533990887,1.574678261572335,0.2850440945139306,-0.5450239718528236,76.46450395861216
Adam Duvall,2019,-1.2888495924827088,0.38836838351068687,0.7452560219889193,0.9660172085812491,-0.17809100641120357,0.4253683858533852,76.3868267468091
Matt Carpenter,2019,-0.091403053807373,1.3020163073259756,0.5652947186038515,0.12083840945503997,1.0664949613999932,0.9676901086998979,76.07046988016612
Alex Avila,2019,-1.8052088141866232,-1.1773189479732136,-0.6494440792453557,2.515787335354748,-1.0240653393704269,-1.3188154313998997,75.67488026138683
Derek Norris,2019,-2.232868292284957,0.03757514595036995,-0.019579517397618578,1.5068654812119149,-1.3939998781898846,0.07890567098427247,75.60023216782272
Michael Conforto,2019,-0.15792786151155913,0.6427099964310673,0.11539146014118223,0.6649946225910922,0.7381422118276841,0.4728493574842701,75.37674551372419
Jake Marisnick,2019,-1.1431285851306836,-1.3378514465177656,-0.9193860343229573,2.201532987343045,-0.05621334827301061,-1.3269762233989582,75.12247853057002
Hunter Renfroe,2019,-0.43036278830012703,0.0005800022528600624,0.3403430893725169,0.8039281238173182,0.9704266896910644,0.08335701207466792,75.10503180187297
Matt Chapman,2019,0.2633959206149487,0.506620717829513,-0.46948277586028786,0.6385310985480013,1.0320824461609739,0.4862033807554564,75.09044010733018
Eugenio Suarez,2019,0.5104880635162086,1.0807060727069433,1.0601883029127879,0.3821657093805606,1.0005376405252064,0.9535941952469791,74.7125389758351
Tim Anderson,2019,-0.22445266921574397,0.8996941196155556,-0.3795021241677541,0.7096518194138078,-0.25551916569899646,1.1346153995897275,74.50577511988787
Chris Carter,2019,-0.8550402335261957,-0.10429540510695473,0.7980781547942336,1.2961102386154297,0.07983329132495731,-0.16854664029361605,74.42920037526022
Jake Cave,2019,0.26973161658677586,-0.9467599274298037,-0.019579517397618578,1.9534374494390707,0.6850895841675292,-0.9003893689027272,74.32518575296744
Nicholas Castellanos,2019,1.0268472852201225,1.312586348382407,0.3403430893725169,0.18038133855199384,1.0234793173512189,1.4313714722827577,74.24502890917505
Nelson Cruz,2019,0.38694199206557844,1.0734391694806467,0.7002656961426524,0.010022402524597365,1.4392972098227017,0.9847535828797472,74.17301285980234
Bryce Harper,2019,0.4091169279669733,1.156017615234017,1.9150044939918596,0.2134607436058572,1.3618690505349083,0.7584770774513117,74.15419439203893
Trey Mancini,2019,0.025807321671429018,1.1143980785743184,0.7452560219889193,0.4615562815098323,0.1775049843919958,1.2310611232149622,74.09459253316496
Shohei Ohtani,2019,0.9033012137694919,-0.5635959391341657,-0.9193860343229573,1.0933729180386231,1.989897453647009,-0.5813765907577197,73.99693233194517
Ronald Acuna Jr.,2019,1.156729052642579,0.229157140098189,-0.019579517397618578,0.6798803548653307,1.8178348774519142,0.21244590369613606,73.91928603012532
Keon Broxton,2019,-0.48440201917430636,-0.39166839632868333,-0.6866025981325752,1.564053419551723,-0.0018964323677134638,-0.41782174135576133,73.49029131594253
Byung-ho Park,2019,-2.074475892989278,-1.3761678453473292,-0.019579517397618578,1.9203580443852073,-0.23257748887298438,-1.4048746924808786,73.43562583301764
Rhys Hoskins,2019,-0.20861342928617546,0.48415938058459634,0.4753140669113177,0.20022898158431193,1.5396670459365076,0.27624845932513764,73.38606823641558
Oswaldo Arcia,2019,-1.6943341346796477,-1.5215059098732608,-0.9193860343229573,2.4496285252470207,-0.8491350535720792,-1.5013204161061133,73.0675268322097
Edwin Encarnacion,2019,-0.16426355748338528,1.0965611342915904,1.5550818872217242,0.07121930187424488,0.9073370784195287,0.904629443252629,72.60557367293885
Niko Goodrum,2019,-0.36383798059594197,0.2621885183995371,-0.4694827758602879,0.9279758927693063,0.09720911550095128,0.2940538236867194,72.4956942492485
Tyler Naquin,2019,1.2517644922199884,-0.576808490454705,-0.4694827758602879,1.5730242913196415,1.2729700528341088,-0.6184710998443486,72.41526140060728
Brandon Moss,2019,-0.7695083379065291,-0.07853093003190326,0.12322326710022966,0.9884717716145006,0.2648005607346858,-0.07506847739531147,72.41439311445751
Wil Myers,2019,-0.18643849338478097,0.10429853011909318,0.07040113429491535,0.9809029408554877,0.39688476904074327,0.09522725498238921,72.29934540450137
Sean Rodriguez,2019,0.4281240158824553,-0.7287528306409062,-0.019579517397618578,1.4241669685772562,1.2156158607690766,-0.7742680380081894,72.2164062165328
Yasmani Grandal,2019,-0.4747126601029169,0.32230562690799064,-0.10956016909015245,0.6269533067791493,0.5703812000374655,0.2228323662403921,72.21603028755595
Rougned Odor,2019,-0.5190625319057075,0.8402376386731291,0.7002656961426523,0.4367467277194348,-0.021800833033991045,0.909822674524757,71.6099922622217
Ronald Guzman,2019,-0.6806227791873009,-0.16061312385771873,-0.9193860343229573,1.176071430673281,-0.1322076527591773,-0.12882357990084867,71.2694467502527
Michael A. Taylor,2019,-0.5032232919761398,-0.4493073702115012,-1.054357011861758,1.5928719343519595,-0.39603693625832526,-0.37661490059952896,71.11359645667261
Charlie Blackmon,2019,1.5780528347690872,1.6310088352074028,-0.24453114662895326,-0.40347016064869456,1.5984550928031656,1.6487452955304023,71.09173271020455
Christian Yelich,2019,1.695263210247889,1.405074207626182,0.20537211183371612,-0.12725712844893555,1.6285660436373073,1.3237973959315341,70.99265064155968
Paul DeJong,2019,-0.07239596589189168,0.15582748026919618,0.3403430893725169,0.7906963617957731,0.537402539600072,0.1924148687893565,70.94599548305524
C.J. Cron,2019,-0.07873166186371892,0.26483102866364494,0.6102850444501184,0.6203374257683768,0.6936927129772846,0.28663492186939354,70.8319693183223
Brian Dozier,2019,-0.614097971483115,1.3707215741927796,0.4753140669113177,-0.15702859299741256,0.1918435324082537,1.291154227935301,70.62192513502697
Lucas Duda,2019,-0.718636955018263,-0.3178424845721357,-0.15455049493641937,1.0784871857643847,0.23199146685377578,-0.3551000853292842,70.30586110319534
Lewis Brinson,2019,-1.821048054116192,-0.30595118838365043,-0.4694827758602879,1.3910875635233928,-1.2506143980273043,-0.16591808898747745,70.11828995619297
Domingo Santana,2019,0.3647670561641835,-0.6679750945664258,-0.10956016909015245,1.7400752868416516,0.26066856288629237,-0.7097235921974553,69.98713419478595
Luis Valbuena,2019,-1.627809326975463,-0.8258650828468697,-0.06456984324388551,1.6408370716800613,-0.6985802994013695,-0.8269422409112023,69.87230081528034
Jose Bautista,2019,-1.5961308471163267,0.2945592691348583,0.025410808448648403,0.8138519453334776,-0.6225859949152026,0.06703542807655122,69.7518418738333
Mike Trout,2019,1.711102450177457,0.8765721548046119,0.4753140669113177,-0.2645366594224686,2.8000254165655885,0.3986603393110125,69.42462642938364
Byron Buxton,2019,-0.33234531585045407,-0.12411423208776362,-0.14671868797737195,1.122443362082647,-0.03200738320185534,-0.10845353557327739,69.31257948742872
Christian Villanueva,2019,-0.6489442993281641,-0.4512892529095821,-0.9193860343229573,0.9775950003501014,0.35530297979359515,-0.39590404532457585,69.1882681230824
Pedro Alvarez,2019,-0.23712406115939838,-0.5041394581917391,-0.4694827758602879,0.7625788674999893,1.1295845726715283,-0.49976867076713644,69.03797634859252
Danny Espinosa,2019,-1.2446855357935669,-0.01709256639139578,-0.011747710438571146,1.1671005589053625,-0.8363999269139306,-0.05948878357892742,68.94421201783314
Jonathan Villar,2019,0.009968081741861673,0.3659070462657702,-0.5144731017065549,1.0817951262697707,-0.5379885616192795,0.408304911673536,68.80121804620842
Nolan Arenado,2019,1.3879819556142712,1.4869920258135252,1.4201109096829234,-0.6896070143646128,2.0673256129348037,1.4335971428279555,68.73935305328857
Jackie Bradley Jr.,2019,-0.5032232919761398,0.6248730521483394,0.2053721118337161,0.5442547941444911,-0.20390039284046813,0.5967450178336102,68.7077090438572
Colby Rasmus,2019,-1.5992986951022399,-0.23328215612068456,0.4303237410650508,1.2918493483618028,-1.0068590817509175,-0.2623638126127123,68.55764170346855
Mitch Haniger,2019,0.8747905818962696,0.9829331929349527,0.8352366736814534,0.13407017147658512,0.9632574156829351,0.9164996861603502,68.53734741453212
Steven Souza Jr.,2019,-0.8897007462575972,-0.37795959308058924,-1.144337663554292,1.2356143597702356,-0.3616244210193065,-0.44412690713719327,68.31583561599093
Gleyber Torres,2019,0.4598024957415912,0.20933831311738013,0.8802269995277201,0.663340652338399,0.7854594202813355,0.19760810006148455,68.28942569703052
Tommy Pham,2019,0.8811262778680979,0.6982027119773321,-0.019579517397618575,0.44005466822482125,0.796930258694342,0.5537153872931208,68.14905865257602
Harrison Bader,2019,0.23805313672763997,-0.16721939951798834,0.4303237410650508,1.3414684559425978,-0.046176364661629096,-0.18817479443945473,68.11278921240431
Kyle Seager,2019,-0.6774549312013868,1.2438810815156032,0.6102850444501184,-0.2281493138632187,-0.004594575414481189,1.3245392861132668,68.05313989642782
Travis Shaw,2019,-0.1832706453988668,0.8897847061251511,0.8352366736814533,-0.13221903920701494,0.8428136123463679,0.7703473203590328,68.0167254707321
Jonathan Schoop,2019,-0.06606026992006458,0.7629442134479745,0.7902463478351862,0.1704575170358349,0.29651493292693737,0.9461752934296532,68.01123669804524
Curtis Granderson,2019,-0.7598189788351402,0.07192777938377201,-0.4694827758602879,0.6004897827360587,0.22052062844076953,-0.06947236536224266,67.62354680467831
Adam Engel,2019,-1.3363673122714128,-0.18109257840455456,-1.054357011861758,1.4522844628730405,-1.5115759719231996,-0.10211553335847595,67.6212298115089
Austin Hedges,2019,-0.9688969459054365,-0.6541019156798595,-0.6494440792453557,1.1446459958721111,-0.07915502509902338,-0.565055006759603,67.48087603307529
Gary Sanchez,2019,-1.000575425764572,-0.313878719175974,-0.1995408207826863,0.534330972628332,0.6219999728959946,-0.36474465769180764,67.37320186560646
Mark Reynolds,2019,0.019471625699602146,-0.5900210417752443,-0.06456984324388551,1.0784871857643845,0.7381422118276848,-0.6340507936607327,67.32835416917538
Brandon Nimmo,2019,0.17786402499528178,-0.08794409159475292,-1.099347337708025,0.9130901604950676,0.5488733780130781,-0.357325755874482,67.30688607164525
Cory Spangenberg,2019,-0.4050200044128186,-0.5034788306257121,-1.2343183152468258,1.5978338451100393,-0.7387282338468917,-0.4641579420439728,67.15364416044272
Hunter Dozier,2019,-0.8706936583421162,-0.4248641502685036,-0.9193860343229573,1.1429920256194184,-0.4333171611005961,-0.31429612533399254,66.9876639782143
Shin-Soo Choo,2019,0.1398498491643187,1.0470140668395682,-0.1545504949364194,0.23661632714356137,0.028384085022911898,0.8356336563514996,66.55434610843453
Andrew McCutchen,2019,0.1841997209671084,1.4493362545499882,1.0601883029127879,-0.15702859299741262,0.25780085328304025,1.2451570366678812,66.54959758223765
Cameron Rupp,2019,-0.41787721147012097,-0.3064474403112052,-0.5516316205937744,0.9537383963079439,0.05832546930057053,-0.2776044970083046,66.4496455035768
Freddie Freeman,2019,1.6224027065718767,1.2907856387035173,0.7452560219889194,-0.32242561826672933,1.5841165447869077,1.1672585675859608,66.3818653620941
Todd Frazier,2019,-1.3395351602573264,0.46434055360378756,1.7800335164530587,0.32923866129437884,-0.23544519847623552,0.3088916273213709,66.1657893951618
Aaron Altherr,2019,-1.4599133837220422,-0.8919278394495659,-0.6944344050916227,1.4142431470610977,-0.5924750440810607,-0.9434189994432166,65.97779783875079
Kole Calhoun,2019,-0.9942397297927451,0.9399924011432004,1.2851399321441226,0.19526707082623218,-0.6082474468989443,0.8927592003449079,65.93744729331193
Brett Lawrie,2019,-0.2688025410185343,-0.4512892529095821,-0.9193860343229573,1.1926111332002125,-0.17522329680795223,-0.39590404532457585,65.88007273358635
Mark Trumbo,2019,-0.12941722963833635,0.0666427588555562,-0.6944344050916227,0.5541786156606499,0.2635362724895437,0.16793249279218153,65.87082844004756
Adam Rosales,2019,-0.5604303708362325,-0.6830051529465737,0.25819424463903046,1.2514530417927143,-0.010499561177468364,-0.6804508656890931,65.83696731746612
Curt Casali,2019,-2.232868292284957,-1.2968925374240938,-1.3692892927856266,1.7880404241697536,-1.2792914940598195,-1.3232667724902953,65.73262028265695
Franklin Gutierrez,2019,-0.33215950073680517,-1.1185230945968139,-0.019579517397618578,1.4572463736311196,0.38398007582611127,-1.1600509325091286,65.6122665068399
Ryan Raburn,2019,-1.1557999770743383,-1.2968925374240938,-0.019579517397618578,1.6722625064812318,-0.3042702289542746,-1.3455234779422725,65.31946958327653
Tim Beckham,2019,-0.328991652750892,-0.11304793910377745,-0.6944344050916227,0.9213600117585332,-0.30427022895427436,-0.024217064276555567,65.312879220813
Brad Miller,2019,-0.7313083469619177,-0.7776392705269015,-0.15455049493641937,1.4506304926203475,-0.40320621026645453,-0.8172976685486787,65.20698210902785
Ian Desmond,2019,-0.13258507762425015,0.6519587823554448,0.38533341521878384,0.3838196796332535,-0.21393737645184818,0.6887394003684495,65.12034149266269
John Ryan Murphy,2019,-1.7260126145387844,-1.5148996342129912,-0.9193860343229573,1.7549610191158902,-0.7200881214257568,-1.4568070052021589,65.00401053836607
Yan Gomes,2019,-0.3353273487227195,-0.330394408326648,-0.1995408207826863,0.926321922516613,-0.049044074264881304,-0.26088003224924716,64.57975014414926
George Springer,2019,0.4281240158824553,1.20754656538412,0.025410808448648348,-0.2810763619494001,0.537402539600072,1.1190357057733433,64.57036624691573
Ryon Healy,2019,-0.11674583769468216,0.47491059466021895,-0.5594634275528219,0.15557178476159622,0.13879090474809924,0.6761272672789957,64.52302435315347
Carlos Gomez,2019,-1.0164146656941402,-0.2273365080264419,-0.6944344050916226,0.9709791193393282,-0.6684693485672276,-0.2734921653387009,64.40537270794486
Manny Machado,2019,0.9128047577272334,1.6495064070561578,1.4201109096829234,-0.9327406415105085,1.3217211160893851,1.6902911457074263,64.38128007557528
Eric Hosmer,2019,0.5485022393471712,1.4658519437006623,-0.6494440792453556,-0.3240795885194226,0.09003984149282124,1.5196564039089342,64.10212025865195
Kris Bryant,2019,0.7734194463470359,0.6030723424694496,0.38533341521878384,0.1340701714765853,0.9646912704845612,0.40088600985621015,64.08496654761416
Jake Bauers,2019,-1.7576910943979194,-0.4248641502685036,1.3301302579903895,0.9279758927693063,-0.5910411892794345,-0.603633296209697,63.891645100654884
Freddy Galvis,2019,-0.22445266921574397,1.3383508234574586,0.970207651220254,-0.09252375314237887,-0.6125490113038217,1.4662403108241886,63.82447093182785
Johnny Field,2019,-1.0924430173560666,-1.4488368776102951,-0.9193860343229573,1.606103696373505,-0.3186087769705326,-1.3603612815769242,63.80805501342377
Odubel Herrera,2019,0.2982422484599982,0.927440477388688,-0.7394247309378895,-0.03132685379273185,0.06279660026193119,1.0515236992356791,63.769583315180796
Jeremy Hazelbaker,2019,-0.6806227791873009,-1.5082933585527216,-0.4694827758602879,1.225690538254076,0.7854594202813355,-1.5161582197407648,63.61986651867456
Jose Abreu,2019,0.7290695745442456,1.000770137217681,1.1951592804515887,-0.37866060685829706,1.0177438981447158,1.0663615028703304,63.59149650129372
Scooter Gennett,2019,1.403821195543839,0.8838390580309086,0.3403430893725169,-0.07598405061544716,0.9933683665170772,0.9951400454240031,63.57850882676336
Brett Wallace,2019,-2.1378328527075507,-1.2968925374240938,-0.9193860343229573,1.8541992342774805,-1.5373853583524641,-1.3900368888462271,63.294763179429374
Logan Morrison,2019,-1.497927559553005,-0.11106605640569661,-0.6044537533990887,0.30939101826206106,-0.11786910474291978,-0.18298156316732667,63.286082011345634
Francisco Lindor,2019,0.6878875507273684,1.8496765595623272,0.5203043927575847,-1.2221854357318132,1.1639970879105477,1.839411072235674,62.718007840080794
Jason Castro,2019,-0.579437458751714,-0.241045311274536,-0.6866025981325752,0.834652538114036,-0.3675294067822932,-0.27537882646310685,62.56864726513152
Avisail Garcia,2019,0.27289946457268943,-0.050948947897243,0.20537211183371606,0.5277150916175594,0.3997524786439945,0.04403683244284143,62.55477782417553
Marcell Ozuna,2019,1.004672349318728,1.2485054744777915,0.16038178598744918,-0.40347016064869473,0.6334708113090004,1.3683108068354888,62.52068116476347
Franmil Reyes,2019,0.7449088144738142,-1.1053105432762746,-1.3692892927856266,1.1429920256194184,1.0435532845739801,-1.0636052088838939,62.49742054868648
Nick Williams,2019,0.28873870450225736,-0.23658529395081937,-0.8294053826304234,0.7708487187634548,0.20331437082125972,-0.18965857480291987,62.45034124898056
David Peralta,2019,1.156729052642579,0.9948244891234382,-0.3345117983214871,-0.35715899357328573,0.9919345117154513,1.0767479654145866,62.42470353789946
Scott Kingery,2019,-0.965729097919523,0.20933831311738013,0.8802269995277201,0.7956582725538527,-1.2506143980273043,0.35340503822532543,62.35330070110534
Yonder Alonso,2019,-0.04388533401866944,0.6711169817702267,0.16038178598744918,-0.029672883540038542,0.20618208042451194,0.6583219029174139,62.3039122619084
Nomar Mazara,2019,0.025807321671429514,0.7325553454107343,0.16038178598744918,-0.013133181013106933,0.06996587427006046,0.7926040258110101,62.29414028047333
Salvador Perez,2019,-0.3289916527508925,0.5178513864519716,0.7452560219889193,-0.22649534361052545,0.4370327034862656,0.6998677530944382,62.29106041931588
Rafael Devers,2019,-0.10407444575102809,-0.24649470744122387,-0.7394247309378894,0.5359849428810249,0.32232431935620165,-0.16888564971440778,62.287180107635876
Bradley Zimmer,2019,-0.4905519000324846,-0.7948155872436025,-0.019579517397618578,1.4241669685772562,-0.5767026412631765,-0.7816869398255152,62.281763577031924
Carlos Gonzalez,2019,0.5548379353189987,0.48548063571665034,0.29535276352624995,0.162187665772369,0.4642759447171562,0.5403613640219345,62.21263073697276
Derek Dietrich,2019,0.16202478506571366,0.3877077559446599,-0.06456984324388551,0.4003593821601852,-0.041874800256752,0.3853063160398261,62.19883157672873
Yolmer Sanchez,2019,-0.2212848212298304,1.1315743952910193,0.11539146014118222,-0.06440625884659525,-0.5867396248745568,1.1932247239466007,62.11829059679386
Marwin Gonzalez,2019,0.2538923766572073,0.5627740609418049,-0.5144731017065549,0.08775900440117652,0.27644096570417576,0.5485221560209927,62.11435951207815
Justin Bour,2019,-0.2276205172016582,0.06003648319528668,0.11539146014118223,0.34081645306323116,0.36533996340497543,-0.07021425554397522,61.97380046111915
Matt Kemp,2019,0.8589513419667023,0.387047128378633,1.1951592804515887,0.18368927905738025,0.7481791954390651,0.4936222825727822,61.914194684049626
Corey Seager,2019,0.8555976788671404,0.7835880436332825,-0.14671868797737195,-0.07833904137259308,0.604624148720001,0.7951687057769996,61.73743623757382
Chad Pinder,2019,-0.14208862158199043,-0.8357744963372741,-0.9643763601692241,1.0305220484362825,0.24489616006840825,-0.8247165703660045,61.72919821545198
Brandon Belt,2019,-0.15476001352564478,0.14591806677879177,-0.5144731017065549,0.34743233407400376,0.1617325815741113,0.028457138626457337,61.488296558106114
Eduardo Escobar,2019,0.2063746568685042,0.7510529172594891,1.2401496062978554,-0.23145725436860495,0.5259317011870654,0.7977972570831382,61.43975051540241
Kennys Vargas,2019,-0.11041014172285482,-1.2440423321419367,-0.9193860343229573,1.3249287534156662,0.2692716916960469,-1.211983245230409,61.368225764578604
Scott Schebler,2019,-0.22445266921574378,-0.04500329980300036,-0.1545504949364194,0.28954337522974294,0.38111236622285943,-0.06502102427184717,61.169909124631886
Alex Gordon,2019,-0.7946653066801894,0.6697957266381728,-0.24453114662895326,0.29781322649320885,-1.0140283557590464,0.6420003189192973,61.07690196600492
Mitch Moreland,2019,-0.39234861246916386,0.30512931019128964,0.6552753702963854,0.11918443920234657,0.13879090474809863,0.2703133378712769,61.07139315492834
Jake Lamb,2019,-0.75981897883514,-0.39381465466523635,0.5652947186038515,0.818813856091557,-0.27846084252500963,-0.49754300022193865,61.01421710713622
Dansby Swanson,2019,-0.6426086033563371,0.5687197090360476,0.11539146014118222,0.22834647588009582,-0.738728233846892,0.5685531909277722,60.37739997885806
Hanley Ramirez,2019,0.142831882036584,0.5318889409770098,-0.2816896655161727,-0.09818668440491111,0.35943497764198884,0.5258625698080747,60.36235091426158
Mark Teixeira,2019,-1.6626556548205125,-0.0945503672550225,-0.4694827758602879,0.46486422201521865,-0.9064892456371105,-0.12882357990084867,60.3229935797663
Patrick Kivlehan,2019,-1.5359417353839682,-1.640418871758114,-0.9193860343229573,1.440706671104188,-0.37596296903556475,-1.6793740597219315,60.29683302342116
Kendrys Morales,2019,-0.18327064539886737,0.4920869113769199,0.6102850444501184,-0.10244757465853783,0.25636699848141414,0.49213850220931704,60.236321890178054
Adalberto Mondesi,2019,0.6181948950372707,-1.065672889314657,-0.9193860343229573,0.8783567851885111,1.0435532845739801,-0.9597405834413333,60.139843231600516
Mike Moustakas,2019,0.02580732167142953,1.1335562779891002,1.3301302579903895,-0.85004212887585,0.7510469050423163,1.2110300883081826,60.11532035283874
Welington Castillo,2019,0.3138956732759173,-0.1637518860493814,-0.011747710438571146,0.5319759818711862,0.2691021251395632,-0.11513054720887056,59.86563121593883
Max Stassi,2019,-0.965729097919523,-1.3365301913857115,-1.3692892927856266,1.3910875635233928,-0.4476557091168549,-1.3603612815769242,59.834300373944174
Stephen Piscotty,2019,0.04798225757282465,0.6334612105066899,0.4753140669113177,-0.22318740310513926,0.3610383990000983,0.6212273938307853,59.77330434431007
David Ortiz,2019,1.8536556095435686,1.1474294568756664,1.780033516453059,-1.2387251382587445,2.792856142557459,0.9840116926980146,59.674679218841526
Brian Anderson,2019,0.523159455459863,1.4381055859275298,-0.4694827758602879,-0.31250179675057027,-0.3616244210193059,1.3772134890162797,59.481893124953785
Miguel Andujar,2019,1.2834429720791227,1.015303943670274,0.4303237410650508,-0.8583119801393159,1.4593711770454634,1.2510921581217418,59.475987567823644
Michael Saunders,2019,-0.5509268268784918,-0.223208366991808,-0.4166606430549735,0.4575473204999935,-0.12234023570428099,-0.22418840392355915,59.451579819033356
Cesar Hernandez,2019,0.40911692796697313,1.3727034568908607,-0.33451179832148714,-0.13056506895432182,-0.6082474468989437,1.23625435448709,59.23734895096781
Tommy Joseph,2019,-0.15177798065337977,-0.04880268956068995,0.3931652221778313,0.16975649653138214,0.37233967085662134,0.0028299916866089403,59.20206520426984
Charlie Culberson,2019,0.4281240158824553,-0.8608783438462987,-0.9193860343229573,0.8618170826615794,0.5847197480537237,-0.8039436452774924,59.15444605875454
Willson Contreras,2019,0.12401060923475057,0.20339266502313752,-0.5144731017065549,0.22669250562740262,0.10437838950907968,0.13603121497768078,58.89797516574705
Joc Pederson,2019,-0.6172658194690287,-0.277544203044491,-0.33451179832148714,-0.10079360440584477,0.8542844507593745,-0.33284337987730694,58.88568526053854
Marcus Semien,2019,-0.15792786151155858,0.9736844070105755,0.9702076512202541,-0.19672387906204855,-0.42328017748921626,0.9958819356057358,58.673151470469286
Roberto Perez,2019,-2.4324427153975132,-1.5254696752694228,-0.6044537533990887,1.7698467513901288,-1.8528334147101406,-1.587379677187092,58.59494692082343
Eddie Rosario,2019,0.957154629530024,0.7596410756178397,0.3853334152187838,-0.43985750620794445,0.8084010971073484,0.9432077327027228,58.50511637285957
Xander Bogaerts,2019,0.8747905818962711,1.0443715565754603,0.6552753702963855,-0.5672132156653185,0.7668193078602004,1.0381696759644925,58.48073600943129
Jay Bruce,2019,-0.6806227791873002,0.05475146266707104,-0.5594634275528217,0.029870045556915442,-0.0031607206128556053,0.05516518516883001,58.399830160710046
Brian Goodwin,2019,-0.1737671014411266,-1.1515544728981622,-0.019579517397618578,0.5971818422306723,1.0435532845739801,-1.1377942270571515,58.21862222208553
Matt Adams,2019,-0.1896063413706951,-0.7089340036600974,-0.6944344050916225,0.24984808916510687,0.9274110456422906,-0.6629845107483031,58.18989848323171
Corey Dickerson,2019,1.033182981191949,0.7332159729767611,0.07040113429491529,-0.4100860416594674,0.7610838886536968,0.9305955996132692,58.13361890578671
Evan Longoria,2019,-0.14208862158199068,0.8356132457109404,1.9150044939918596,-0.4034701606486945,0.026950230221286023,0.9706576694268283,58.05127569821327
Miguel Cabrera,2019,0.49446300847299185,0.6012548354098408,0.25819424463903046,-0.22223445335689873,0.47987878097855585,0.5681503101668315,58.008815559743354
Asdrubal Cabrera,2019,0.4027812319951466,0.8039031225416461,-0.06456984324388551,-0.44647338721871693,0.3897154950326139,0.8831146279823844,57.9658194916143
Carlos Correa,2019,0.27923516054451586,0.25624287030529447,2.274927100761995,0.143993992992744,0.3997524786439953,0.1568041400661929,57.951550880018516
Andrew Knapp,2019,-1.2920174404686222,-1.5895505491740378,-0.7844150567841565,1.9005104013528888,-1.342381105331355,-1.6482146720891633,57.92457912381006
Juan Soto,2019,1.1250505727834432,0.27540106972007633,-1.3692892927856266,-0.19672387906204838,1.315985696882883,0.07148676916694671,57.8651552867588
Ryan McMahon,2019,-0.7756582187647085,-1.6536314230786533,-0.9193860343229573,1.7384213165889586,-0.7057495734094988,-1.6571173542699542,57.862392219939046
Jung Ho Kang,2019,-0.047053182004583034,-0.5437771121533568,-0.4694827758602879,0.03483195631499495,1.2586315048178507,-0.6407278052963258,57.80048221562384
Jed Lowrie,2019,0.41545262393880045,1.2293472750630097,0.02541080844864836,-0.5787910074341704,0.14596017875622727,1.1657747872224955,57.78110788864684
Amed Rosario,2019,-0.015374702145447146,0.9228160844264993,-0.019579517397618578,-0.18018417653511667,-0.6340568333282086,1.1101330235925524,57.70427182282748
Josh Donaldson,2019,0.0163037777136891,-0.6745813702266954,-0.6944344050916226,0.339162482810538,0.9575219964764318,-0.8158138881852135,57.59287869235825
Daniel Descalso,2019,-0.5507410117648429,-0.33171566345870196,0.9702076512202541,0.5078674485852414,-0.03900709065350065,-0.49531732967674097,57.543583622526555
Brandon Crawford,2019,-0.021710398117274314,0.9076216504078792,1.600072213067991,-0.18183814678781013,-0.3573228566144293,0.9268861487046063,57.53841013457463
Nick Hundley,2019,-0.4018521564269044,-0.9692212646747205,-1.054357011861758,0.9279758927693063,-0.15945089399006837,-0.8914866867219363,57.458409452705446
Gregory Polanco,2019,-0.09457090179328687,0.33485755066250295,0.9252173253739872,-0.2711525404332412,0.5417041040049493,0.2866349218693936,57.41348137916986
Billy Hamilton,2019,-0.46837696413108987,0.7741748820704328,0.025410808448648348,0.2233845651220161,-1.3509842341411096,0.8437944483505578,57.33027734158503
Max Kepler,2019,-0.8136723945956716,0.8547714451257222,0.07040113429491529,-0.605254531477261,-0.15084776518031354,0.7992810374466033,57.315505974956906
Chris Iannetta,2019,-0.7883296107083628,-0.7115765139242052,-0.33451179832148714,0.6683025630964785,-0.1150013951396682,-0.844747605272784,57.16018351313817
Willy Adames,2019,0.6815518547555425,-0.8542720681860291,-0.4694827758602879,1.3580081584695296,-0.2755931329217577,-0.8632948598160984,57.05907565302731
J.T. Realmuto,2019,0.7417409664878993,0.6242124245823124,0.250362437679983,-0.34888914230982004,0.6205661180943683,0.6850299494597867,57.04019944505575
James McCann,2019,-0.8390151784829796,-0.15532810332950303,-0.2895214724752202,0.6302612472845357,-1.097191934253343,-0.06056968318145174,56.88575562073901
Jayson Werth,2019,-0.40837366751238025,-0.01907444908947664,0.12322326710022968,0.2193756041121772,-0.17395900856280966,-0.070617136304916,56.57500235396557
Austin Jackson,2019,0.35843136019235583,-0.7373409889992568,-0.4694827758602879,1.3331986046791322,-0.7272573954338857,-0.6978533492897341,56.44746035115435
A.J. Pollock,2019,0.10183567333335565,0.06267899345939451,0.8352366736814534,-0.23807313537937777,0.7868932750829615,0.09077591389199367,56.36815798223304
Trea Turner,2019,0.8082657741920853,1.0450321841414874,-1.144337663554292,-0.5490195428856935,0.23485917645702808,1.1004884512300288,56.3639569579076
Chase Headley,2019,0.10481770620562092,0.4169397444883184,0.7980781547942337,0.12013738895058716,-0.2642918610652353,0.3789683138250247,56.355911364730936
Greg Bird,2019,-1.821048054116192,-0.9335473761092645,0.4303237410650508,0.6468009498114674,-0.5623640932469185,-0.9819972888933105,56.34959564563712
Martin Maldonado,2019,-1.1082822572856346,-0.2861323614028416,-0.6494440792453557,0.5277150916175591,-0.991086678933033,-0.23046253479821152,56.20344852461739
Matt Holliday,2019,-0.34184885980819457,-0.1023135224088739,-0.011747710438571146,0.05067063833747418,0.18307083704201546,-0.119581888299266,56.167085824284996
Trayce Thompson,2019,-0.9974075777786588,-1.2572548834624762,-1.3692892927856266,0.663340652338399,0.15456330756598263,-1.2490777543170377,55.90680683870045
Mookie Betts,2019,1.9676981370364584,1.3390114510234854,0.970207651220254,-1.3032299781137784,2.149055336627474,1.2110300883081826,55.901300772142434
Evan Gattis,2019,-0.5349017718352752,-0.22667588046041492,1.4201109096829232,-0.09583169364776528,0.4857837667415432,-0.1889166846211873,55.718350550158334
Jason Kipnis,2019,-0.6774549312013868,0.5878779084508294,0.4303237410650508,-0.36542884483675175,-0.2971009549461452,0.5596505087469814,55.71266196242884
Yasiel Puig,2019,0.2824030085304302,0.14459681164673782,-0.019579517397618595,-0.35881296382597905,0.8442474671479938,0.16125548115658833,55.57244672864336
Josh Bell,2019,0.0859964334037877,0.9366892633130655,0.7452560219889193,-0.5060163163156711,0.03268564942778987,0.8237634134437781,55.5089774068038
David Dahl,2019,0.9223083016849747,-1.2651824142547996,-0.7394247309378894,0.6368771282953083,1.4134878233934374,-1.2127251354121416,55.424387298719786
Carlos Beltran,2019,0.12382479412110217,0.39117526941326686,0.5281361997166321,-0.26689165017961414,0.1959755302566472,0.46799513563293377,55.330281376256146
Jorge Bonifacio,2019,-0.712301259046436,-0.9031585080720241,-0.6044537533990887,0.9296298630219993,-0.6254537045184537,-0.9196785136277741,55.128583869107
Brandon Drury,2019,0.34240630514913956,0.1474036975493178,-0.011747710438571146,-0.04360566606603652,0.23468960990054388,0.2164943640255907,55.11604641061746
Kevin Kiermaier,2019,-0.5982587315535468,-0.4255247778345306,-0.6494440792453557,0.41855305493981,-0.39030151705182237,-0.4048067275053667,55.0235257921473
Mark Canha,2019,-0.23712406115939838,-0.2729198100823023,-0.4694827758602879,0.03483195631499495,0.34096443177733715,-0.2920394198820153,55.01825457129832
Alex Bregman,2019,0.8462799500230486,1.1903702486674188,0.4303237410650508,-1.1378329528444613,1.2084465867609475,1.0307507741471669,54.942364688446425
Starlin Castro,2019,0.86528703793853,0.9168704363322566,0.8802269995277201,-0.30257797523441127,-0.08202273470227475,1.0537493697808766,54.824641908699604
Yoenis Cespedes,2019,0.5609878161771772,-0.08051281272998415,0.2581942446390305,-0.1726153457761036,0.9444477367053166,-0.08619683012130014,54.62100807872356
Brett Gardner,2019,-0.3036488688635832,1.1963158967616616,0.6102850444501184,-0.5936767397084091,-0.5709672220566734,1.0871344279588426,54.51096014928126
Andrew Benintendi,2019,0.8811262778680973,1.3727034568908605,1.9150044939918596,-0.8086928725585207,0.3940170594374918,1.2822515457545098,54.38930828440882
Chris Johnson,2019,-1.0924430173560666,-1.2440423321419367,-1.3692892927856266,1.3745478609964612,-1.3796613301736267,-1.1971454415957574,54.31225453589262
Leonys Martin,2019,-0.12308153366650916,-0.21412395670590262,0.20537211183371618,0.3044291075039815,-0.20533424764209407,-0.1955936962567804,54.264541557127174
Jose Ramirez,2019,1.017343741262382,1.4651913161346353,1.1051786287590548,-1.6671034337062753,1.8221364418567911,1.2941217886622312,54.25279235132881
Carlos Santana,2019,-0.4905519000324855,1.4797251225872285,1.2851399321441224,-1.2072997034575743,0.13592319514484708,1.1954503944917985,54.18457554169773
Jorge Soler,2019,0.013135929727775414,-1.276413082877258,-0.3345117983214871,0.838661499123875,0.4556728159074014,-1.3366207957614815,54.07753944504957
Nicky Delmonico,2019,-1.3141923763700178,-0.8873034464873772,-0.9193860343229573,0.663340652338399,-0.748765217458273,-0.8929704670854015,54.07112217997705
Chris Herrmann,2019,-2.3912606915806363,-1.2968925374240938,-0.9193860343229573,0.8287376776077161,-1.150244561913498,-1.3232667724902953,54.038700982473394
John Hicks,2019,0.11133921729109642,-0.9269411004489949,-0.9193860343229573,0.944515595296238,-0.3186087769705326,-0.8632948598160984,53.984862348360124
Gorkys Hernandez,2019,-0.5127268359338806,-0.21280270157384876,0.16038178598744915,0.44336260873020755,-0.7702730394826598,-0.15998296753361685,53.979725153917336
Alex Rodriguez,2019,-1.7893695742570552,-1.3827741210075988,-0.019579517397618578,1.06029351298476,-1.0642132738159489,-1.330685674307621,53.82149030537122
Jeff Francoeur,2019,-0.07873166186371892,-0.8014218629038721,-0.019579517397618578,0.9941347028770331,-0.6770724773769835,-0.7223357252869091,53.75188773810363
Aaron Hicks,2019,-0.19594203734252164,0.2687947940598067,1.0601883029127879,-0.37535266635291076,0.4456358322960208,0.04923006371496946,53.63968347924256
Adam Jones,2019,0.7639159023892952,1.1441263190455317,0.4753140669113177,-0.8301944858435321,0.137357049946473,1.3697945871989539,53.28227390629845
Ryan Rua,2019,0.047982257572824635,-1.2110109538405887,-0.4694827758602879,1.176071430673281,-0.3616244210193059,-1.2194021470477348,53.173133181817555
David Bote,2019,-0.5539088597507573,-1.6007812177964964,-0.019579517397618578,1.225690538254076,-0.2469160368892424,-1.634860648817977,53.10518437834238
Rickie Weeks Jr.,2019,-0.5539088597507573,-1.6338125960978445,-0.9193860343229573,0.8452773801346477,0.35530297979359515,-1.66453625608728,52.90442335736145
Ryan Braun,2019,0.21587820082624473,-0.0014018804452208128,0.11539146014118223,-0.4431654467133307,0.804099532702471,0.027715248444724772,52.7947526555944
Ji-Man Choi,2019,0.2063746568685041,-1.5281121855335307,-0.4694827758602879,0.613721544757604,1.1439231206877865,-1.5903472379140224,52.731602376070576
Kevin Pillar,2019,-0.05972457394823738,0.7986181020134304,0.7902463478351863,-0.7094546573969309,-0.1551493295851909,0.992172484697073,52.61679800316747
Russell Martin,2019,-1.605634391074068,-0.5160307543802244,-1.144337663554292,0.3920895308967196,-1.061345564212698,-0.6926601180176061,52.38698592824758
David Ross,2019,-0.8706936583421162,-1.6338125960978445,0.8802269995277201,0.8452773801346477,0.29794878772856304,-1.7684008815298407,52.234550289405
Ozzie Albies,2019,0.38060629609375146,0.6585650580157143,-0.15455049493641937,-0.802076991547748,0.4011863334456208,0.8015067079918009,52.13634256618914
Ryan Zimmerman,2019,0.4629703437275043,-0.2577253760636821,0.11539146014118223,-0.36212090433136523,1.079399654614625,-0.2349138758886069,51.90421530125286
Addison Russell,2019,-0.34799874066637393,0.013131926007372362,-0.5594634275528217,0.15391781450890304,-0.776008458689163,0.04255305207937628,51.87062669586855
Rene Rivera,2019,-0.3703594916814172,-0.9129035459239565,-0.4166606430549735,0.6560237508231737,-0.33741845594815106,-0.9030179202088657,51.827434306166644
Peter Bourjos,2019,-0.37035949168141713,-0.6314762027964705,-0.5516316205937744,0.3731948376126419,-0.33741845594815134,-0.591424043881184,51.38276950097459
Tyler Moore,2019,-0.8390151784829795,-1.6470251474183837,0.4303237410650508,1.06029351298476,-0.34728587300304786,-1.6126039433659998,51.21240884574282
Dexter Fowler,2019,-1.3205280723418447,-0.3270912704965132,0.4303237410650508,0.12249237970773295,-0.7932147163086731,-0.44041745622853046,50.931708288860015
Enrique Hernandez,2019,-0.6140979714831151,-0.31784248457213576,0.38533341521878384,-0.23311122462129807,0.22195448324239528,-0.3892270336889827,50.91374754737285
Anthony Rizzo,2019,0.7734194463470363,1.4638700610025812,1.7350431906067918,-1.4041221635280614,0.9073370784195287,1.2251260017611016,50.8961254278715
Seth Smith,2019,-0.056742541075972125,-0.18555259572827112,-0.14671868797737195,-0.04360566606603652,-0.010499561177468295,-0.22418840392355918,50.78323278453033
Johan Camargo,2019,0.7480766624597273,-0.057555223557512636,-0.2895214724752202,-0.13221903920701505,0.4341649938830143,-0.053892671545858584,50.74084624437894
Whit Merrifield,2019,1.2866108200650368,1.2821974803451668,1.2401496062978556,-0.8533500693812363,0.2119174996310144,1.350505442473907,50.729204871748045
Mikie Mahtook,2019,-1.0227503616659677,-1.080867323333277,-0.15455049493641937,0.583950080209127,-0.5279515780078994,-1.0673146597925565,50.70537110939663
Anthony Rendon,2019,1.4450032193607156,1.0047339026138427,1.9599948198381265,-1.1709123578983245,1.443598774227579,0.9061132236160941,50.637288273223184
Nick Ahmed,2019,-0.8643579623702886,0.23047839523024288,0.6102850444501184,-0.3373113505409678,-0.6856756061867373,0.31185918804830115,50.623026987210515
David Freese,2019,0.8557834939807898,-0.4294885432306923,-0.019579517397618595,0.4119371739290375,0.1416586143513507,-0.481221416223822,50.58902747004715
Dae-Ho Lee,2019,-0.11041014172285482,-0.8939097221476469,-1.3692892927856266,0.34908630432669724,0.03985492343591834,-0.8336192525467955,50.42281517729036
Chris Gimenez,2019,-1.1557999770743383,-1.501687082892452,-1.3692892927856266,0.9114361902423745,-0.6197182853119506,-1.6200228451833254,50.24588033578376
Starling Marte,2019,0.7385731185019859,0.4352729406986012,-0.2895214724752202,-0.4696289707564214,0.14452632395460224,0.5388775836584694,50.06263289831167
Nolan Reimold,2019,-1.0924430173560666,-1.4884745315719128,-0.9193860343229573,1.0106744054039647,-0.8634736015883372,-1.4939015142887877,50.02117830223782
Joey Votto,2019,1.3467999317973942,1.329762665099108,0.6102850444501186,-1.0237090054086326,0.7825917106780839,0.8957267610718381,49.88354351944317
Jeff Mathis,2019,-1.646816414890944,-1.5776592529855527,-0.7394247309378894,1.4919797489376763,-1.9775787824515858,-1.5732837637341732,49.577819272639246
Jedd Gyorko,2019,0.20954250485441767,-0.15202496549936823,0.7002656961426523,-0.15537462274471933,0.2219544832423958,-0.19262613552985014,49.5456699003208
Chase Utley,2019,-0.23730987627304645,0.02650885296638375,-0.4166606430549735,-0.2917012039700118,-0.21267308820670613,0.02731236768378395,49.5109536243119
Luke Maile,2019,-0.2688025410185343,-1.4620494289308343,-0.4694827758602879,1.2918493483618028,-0.8491350535720792,-1.5013204161061133,49.45892392753942
Tyler Flowers,2019,-0.2846417809481022,-0.8668239919405414,-0.6494440792453556,0.6104136042522177,-0.4921052079672543,-0.9686432656221242,49.33481986215651
Trevor Plouffe,2019,-0.5224161950052691,-0.49076253123272773,-0.28168966551617275,0.15487076425714372,-0.48367164571398297,-0.46010948171451815,49.327174635748584
Cheslor Cuthbert,2019,0.5548379353189972,0.38110148028439034,-0.4694827758602879,-0.39520030938522877,-0.17522329680795223,0.5240397800238178,49.27294400291875
Christian Bethancourt,2019,-0.9023721382012512,-1.640418871758114,-0.9193860343229573,1.0437538104578281,-0.8204579575395631,-1.568090532462045,48.686003528353574
Chris Coghlan,2019,-2.169511332566686,-1.0062164083722305,-0.9193860343229573,0.5144833295960137,-1.5373853583524641,-1.0636052088838939,48.43397268894743
Ryan Goins,2019,-0.617265819469029,0.044181421610639565,0.8802269995277201,-0.04786655631966354,-0.9925205337346588,0.10116237643624973,48.409283940333964
Adonis Garcia,2019,0.523159455459863,0.7312340902786802,-1.3692892927856266,-0.7756134675046574,-0.2755931329217577,0.9469171836113859,48.39308295246442
Paulo Orlando,2019,1.441835371374802,0.20933831311738013,-0.019579517397618578,0.08445106389579005,-0.28993168093801575,0.3904995473119542,48.384200277057886
Desmond Jennings,2019,-1.7893695742570552,-1.501687082892452,-0.9193860343229573,0.7625788674999893,-1.0785518218322079,-1.5161582197407648,48.30773667495342
Jose Martinez,2019,1.5748849867831727,0.34873072954906914,-0.15455049493641937,-0.49940043530489847,0.7180682446049232,0.37862930440423304,48.268118245610474
Sandy Leon,2019,-1.6404807189191168,-1.063030379050549,-0.6044537533990887,0.6815343251180239,-1.491502004700439,-1.0302201507059279,48.15855886765824
Manuel Margot,2019,-0.19277418935660812,0.46037678820762573,1.3751205838366565,-0.5440576321276137,-0.48350207915749943,0.5611342891104465,48.1062776225538
John Jaso,2019,-0.322841771892713,-0.3381575634804994,-0.5516316205937744,-0.1676534350180241,-0.15245118653842263,-0.3844366831777955,47.79779617598189
Matt Joyce,2019,-1.09561086534198,-0.7413047543954184,0.11539146014118223,0.03979386707307446,-0.3616244210193066,-0.8632948598160983,47.5503863870812
Daniel Robertson,2019,-0.3575022846241142,-0.9124072939964017,-0.46948277586028786,0.5359849428810249,-0.5293854328095253,-1.0502511856127075,47.497003477092235
Stephen Vogt,2019,-0.2753240521040095,-0.13798741097432984,-0.14671868797737195,-0.4107870621639199,-0.09222928487013886,-0.08842250066649782,47.37353098579602
Adam Lind,2019,0.27588149744495416,-0.34410321157474205,0.2581942446390305,-0.3016250254861709,0.40245062169076296,-0.31321522573146815,47.263304338856905
Kevin Plawecki,2019,-1.4725847756656973,-1.1581607485584318,-0.9193860343229573,0.38216570938056016,-0.7917808615070471,-1.2342399506823862,47.09482175509635
Jurickson Profar,2019,-0.22128482122983045,0.36722830139782403,-0.10956016909015243,-0.8037309618004413,-0.046176364661630276,0.32669699168295274,47.0174891895118
Chris Owings,2019,-0.7851617627224483,-0.6904364318113424,-0.1995408207826863,0.3325466017997653,-1.0011236625444142,-0.6192129900260811,46.99766769848492
Neil Walker,2019,-0.5507410117648439,-0.2200696048001453,0.11539146014118223,-0.17522226577703742,-0.48063436955424793,-0.29278131006374786,46.968265407917656
Howie Kendrick,2019,0.5419807282616956,-0.054748337654932616,-0.14671868797737195,-0.21231063184073984,-0.040610512011610145,-0.03723207812695012,46.93085499981642
Tyler White,2019,0.057485801530565706,-1.345118349744062,-0.7844150567841565,0.0629494506107787,0.8786599823870117,-1.3551680503047958,46.383226061005715
Caleb Joseph,2019,-0.8358473304970667,-1.1660882793507552,-1.054357011861758,0.65341683082224,-1.0986257890549687,-1.0584119776117658,46.365487906504455
Maikel Franco,2019,0.00046453778412097746,0.5059600902634862,0.29535276352624995,-1.1527186851186997,0.2922133685220599,0.6382908680106344,46.32829692524934
Michael Bourn,2019,0.23805313672763997,-0.25970725876176304,-0.4694827758602879,0.18368927905738025,-0.7774423134907891,-0.21785040170875775,46.144297556758794
Ehire Adrianza,2019,-0.1737671014411266,-0.5702022147944353,-0.4694827758602879,0.20022898158431193,-0.6627339293607247,-0.514606474401788,46.076644993221514
Ezequiel Carrera,2019,0.16183896995206498,-0.5343639505905071,-0.5516316205937744,0.16479458577330275,-0.37183097118717034,-0.5602646562484159,46.01794113207964
Austin Slater,2019,-0.1737671014411266,-1.501687082892452,-0.9193860343229573,1.5730242913196415,-1.6951093865313027,-1.5235771215580907,45.984767214950814
Chris Young,2019,-0.018728365245009065,-0.7959724667371842,-0.6866025981325752,-0.02375802303371847,0.14865832180299593,-0.8073140867653635,45.804188282166336
Lonnie Chisenhall,2019,0.5799949040926593,-0.42932416759222014,0.12322326710022966,-0.2619297394215348,0.4712756521688016,-0.41782174135576133,45.74603323977993
Jordy Mercer,2019,-0.11991368568059557,0.23179965036229683,-0.1995408207826863,-0.5010544055575914,-0.5365547068176539,0.25621742441835804,45.72747681221592
Coco Crisp,2019,-0.8073366986238435,0.30182617236115483,-0.4694827758602879,-0.907931087720111,-0.40464006506808003,0.3088916273213709,45.607759704790766
Nick Markakis,2019,0.9856652614032458,1.5860861607175694,1.8700141681455926,-1.3247315913987894,-0.09062586351202948,1.5374617682705158,45.51358551289593
Alejandro De Aza,2019,-1.6309771749613766,-1.2242235051611279,-0.9193860343229573,0.6468009498114674,-1.49436971430369,-1.2639155579516892,45.449829239216726
Adrian Gonzalez,2019,0.13332833807884267,-0.03889327607028553,0.5281361997166321,-0.3363584007927273,-0.2599902966603579,-0.021652384310566097,45.3556350546569
Troy Tulowitzki,2019,-0.09475671690693518,-0.19942577461483732,-0.14671868797737195,-0.4157489729219995,-0.1266418001091586,-0.16854664029361602,45.24520162973288
Austin Romine,2019,-0.6426086033563374,-1.2632005315567185,-0.019579517397618575,0.545908764397184,-0.651263090947718,-1.2334980605006536,45.16021328960466
Orlando Arcia,2019,-0.31315241282132456,-0.3085936986477583,-0.6944344050916226,0.12083840945503965,-1.191826351160646,-0.17556266135000093,45.0957385826885
Didi Gregorius,2019,0.5706771752485663,0.7913511987871338,2.2299367749157284,-1.4669730331304018,0.8499828863544967,0.8489876796226858,44.935704736133445
Alen Hanson,2019,-0.43669848427195423,-1.0907767368236816,-0.019579517397618575,0.24819411891241386,-0.3429843085981708,-0.9901580808923688,44.90100152499429
Logan Forsythe,2019,-0.7503154348773997,-0.09455036725502249,-0.33451179832148714,0.08114312339040386,-1.550290051567096,-0.16591808898747745,44.640144616284026
Renato Nunez,2019,0.047982257572824635,-1.2638611591227458,-0.4694827758602879,0.4317848169613553,-0.089192008710404,-1.2490777543170377,44.63446302425545
Brett Eibner,2019,-2.0111189332710064,-1.6139937691170356,-0.9193860343229573,0.46486422201521865,-1.0355361777834338,-1.6126039433659998,44.55146990772671
Adrian Beltre,2019,0.9793295654314191,0.11222606091141668,1.7350431906067918,-0.6846451036065331,0.6721848909528975,0.11674207025263386,44.45362751559007
Lorenzo Cain,2019,1.4893530911635058,1.034462143085056,-0.37950212416775403,-0.9062771174674178,-0.03183781664537137,0.9936562650605381,44.367401072297966
Blake Swihart,2019,-0.8706936583421162,-1.6206000447773052,-1.3692892927856266,1.0437538104578281,-1.3939998781898846,-1.575509434279371,44.189896516658926
Brandon Phillips,2019,0.5990019920081402,0.5616171814482231,0.12322326710022968,-0.9268257810041884,-0.07932459165550639,0.6972392017882996,44.05967324483536
Joey Wendle,2019,1.3784784116565303,0.6123211283938271,3.129743291841067,-0.5936767397084092,0.1402247595497246,0.6130666018317269,44.05541534313344
Albert Pujols,2019,-0.32899165275089215,0.6757413747324155,0.250362437679983,-1.289998216092233,-0.2454821820876159,0.8296985348976389,43.922082837835
Jose Pirela,2019,0.13351415319249152,-0.1189935871980201,-0.46948277586028786,-0.3058859157397977,-0.5265177232062738,-0.03089407591214871,43.86224099816491
Hernan Perez,2019,0.006800233755947974,-0.4724293350224449,-0.37950212416775403,-0.17522226577703748,-0.3816983882420675,-0.3321014896955743,43.85955174384503
Ian Kinsler,2019,-0.4081878523987319,0.7920118263531608,-0.42449245001402097,-1.339617323673028,-0.3616244210193061,0.8526971305313488,43.75435166677748
Hunter Pence,2019,-0.4430341802437814,-0.644853129755482,-0.15455049493641937,0.15060987400351672,-0.9380340512728785,-0.563571226396138,43.74085903576968
Jacoby Ellsbury,2019,0.1333283380788432,0.25838912864184743,-0.4166606430549735,-0.6737683323421337,-0.32021219832864145,0.21872003457078842,43.70660555812241
Cody Asche,2019,-1.3775493360882896,-1.5479310125143395,-0.9193860343229573,0.5971818422306723,-1.0785518218322079,-1.5384149251927421,43.49968304657383
Danny Valencia,2019,0.2158782008262447,-0.5378314640591142,1.1501689546053218,-0.06109831834120877,-0.17952486121282937,-0.5138645842200553,43.430908734377745
Bobby Wilson,2019,-0.617265819469029,-1.3299239157254419,0.4303237410650508,0.7129597599191941,-1.0068590817509175,-1.3084289688556439,43.38088982711437
Miguel Montero,2019,-0.7695083379065286,-0.8078637629256695,-0.28168966551617275,0.0060134415147584455,-0.634226399884692,-0.8518274976693181,43.232462376935096
Phillip Ervin,2019,-0.1420886215819907,-1.3563490183665203,0.4303237410650508,0.5144833295960137,-0.3042702289542746,-1.3826179870289013,43.14658466400677
Ender Inciarte,2019,0.7227338785724186,1.432820565399314,0.3403430893725169,-1.3693887882215048,-0.5222161588013962,1.518172623545469,43.00450378168266
Tyler Saladino,2019,-0.5034091070897879,-0.6037298450233383,-0.4166606430549735,0.04074681682131502,-0.9138280862017238,-0.5736186795196022,42.980657793042795
Mitch Garver,2019,0.36476705616418353,-0.7749967602627936,-0.9193860343229573,0.05137165884192665,-0.1608847487916942,-0.7594302343735378,42.90206898147159
Jose Altuve,2019,2.2401330638250263,1.171872676818664,-0.24453114662895326,-1.4024681932753682,0.8973000948081487,1.165032897040763,42.74601043825541
Delino DeShields,2019,-0.8010010026520167,-0.42420352270247663,-0.5144731017065549,0.25977191068126587,-1.652093742482528,-0.5413145209441607,42.62351269192847
Justin Morneau,2019,0.1430176971502323,-1.5479310125143395,-0.4694827758602879,0.44832451948828694,0.05419347145217637,-1.4939015142887877,42.61028733040222
Francisco Cervelli,2019,0.000464537784120804,-0.524618912738575,0.07040113429491529,-0.07598405061544738,-0.33581503459004186,-0.6904344474724082,42.5181308448271
Leury Garcia,2019,0.45029895178385043,-1.0702972822768457,-0.7844150567841565,0.4532864302463666,-0.5035760463802608,-0.9923837514375666,42.3045013713125
Tucker Barnhart,2019,-0.031213942075015128,0.19678638936286785,-0.019579517397618578,-0.5969846802137952,-0.6197182853119503,0.15086901861233232,42.23553739463459
DJ LeMahieu,2019,1.1694004445862343,1.085991093235159,1.4651012355291904,-1.242033078764131,0.05419347145217629,1.1375829603166578,42.21688060080084
Gregor Blanco,2019,-0.9530577059758686,-1.4950808072321822,-1.054357011861758,0.7824265105323069,-1.3882644589833806,-1.4812893811993337,42.03754199200362
Taylor Motter,2019,-1.852726533975327,-1.138341921577623,-0.9193860343229573,0.15060987400351686,-1.4226769742224,-1.0858619143358712,41.96833439603844
Austin Barnes,2019,-0.832679482511153,-1.3682403145550057,-1.3692892927856266,0.5740262586929676,-1.0957580794517174,-1.4760961499272058,41.60319029244562
Dioner Navarro,2019,-1.567620215243105,-0.7816030359230632,-0.019579517397618578,0.01829225378806325,-1.4800311662874321,-0.7445924307388864,41.514516964482745
Devon Travis,2019,-0.12941722963833685,-0.38390524117483193,-1.2343183152468258,-0.5506735131383864,-0.3200426317721581,-0.23343009552514182,41.47330066557601
Lourdes Gurriel Jr.,2019,0.7765872943329502,-1.2506486078022063,-0.4694827758602879,0.20022898158431193,0.29794878772856304,-1.152632030691803,41.46967930769126
Joey Rickard,2019,-0.3479987406663737,-1.3411545843479002,-1.144337663554292,0.3093910182620609,-0.5193484491981448,-1.2802371419498058,41.44146882245451
Denard Span,2019,0.2633959206149487,0.4927475389429469,0.7452560219889194,-1.1014456072852117,-0.10926597593316494,0.47581691821120037,40.88490904803474
Yairo Munoz,2019,0.6181948950372707,-0.8146344142244113,-0.4694827758602879,0.06791136136885835,-0.17522329680795223,-0.8262003507294696,40.75447239972651
Travis d'Arnaud,2019,-0.2087992443998244,-0.5006719447231321,-0.28168966551617275,-0.4256727944381585,-0.36322784237741607,-0.46678649335011135,40.51303903701088
J.J. Hardy,2019,-0.25631696418852845,-0.3936502790267642,-0.01174771043857109,-0.44552043747047654,-0.5180841609530024,-0.3332462606382478,40.47198965674602
Ben Gamel,2019,0.5199916074739495,-0.5431164845873299,-0.6494440792453557,0.005060491766517891,-0.6068135920973186,-0.5324118387633697,40.250124239185055
Wilmer Difo,2019,-0.44936987621560825,-0.15598873089553,0.29535276352624995,-0.41339398216485357,-0.9925205337346596,-0.142177603172035,40.24859772804988
Wilson Ramos,2019,1.1345541167411843,-0.5497227602475994,-0.24453114662895326,-0.5506735131383865,0.7266713734146782,-0.47899574567862435,40.189503996392276
Alcides Escobar,2019,-0.5317339238493616,0.8138125360320505,0.4753140669113177,-1.0882138452636663,-1.3667566369589936,0.9647225479729675,40.129331918034296
Robbie Grossman,2019,0.28873870450225764,0.01577443627148019,0.250362437679983,-0.47128294100911466,-0.5236500136030219,-0.14069382280856987,40.046070589243875
Shawn O'Malley,2019,-0.8706936583421162,-1.4554431532705647,-1.3692892927856266,0.6964200573922624,-1.5230468103362063,-1.4419692015675074,39.96206651633079
Elvis Andrus,2019,0.5199916074739487,0.44914611958516737,0.025410808448648348,-1.0435566484409509,-0.2841962617315124,0.5648437400191094,39.85246790112045
Mallex Smith,2019,0.8209371661357403,-0.1308848833865054,-0.6494440792453557,-0.2579207784116958,-0.5537609644371635,-0.1533059558980237,39.84468468426553
Yangervis Solarte,2019,-0.5000554439902257,0.32494813717209853,0.11539146014118223,-1.2701505730599152,-0.3859999526469451,0.42091704476298974,39.67164609965761
Josh Reddick,2019,0.34892781623461505,0.30248679992718175,0.8352366736814532,-1.0650582617259619,0.006876262998525118,0.28440925132419587,39.66913516744741
Cameron Maybin,2019,-0.22762051720165752,-0.31586060187405485,-0.6494440792453557,-0.2413810758847641,-1.0369700325850588,-0.33952039151290014,39.61192328908465
Bruce Maxwell,2019,-0.617265819469029,-1.3167113644049027,-0.4694827758602879,0.613721544757604,-1.3223071381085945,-1.3751990852115756,39.575582607774926
Colin Moran,2019,0.6498733748964048,0.0838190755722573,1.780033516453059,-0.5936767397084092,-0.2612545849054997,0.07890567098427247,39.49971674983124
Erick Aybar,2019,-0.3418488598081951,-0.14987870716281518,-0.011747710438571146,-0.5794920279386231,-0.7847811540554015,-0.1351615821156501,39.32222034124387
Dustin Pedroia,2019,0.9316260305290667,0.5081063486000392,0.12322326710022966,-1.0657592822304145,-0.04061051201160991,0.5125085465368884,39.123760853580734
Kelly Johnson,2019,-0.30048102087767015,-0.7882093115833329,-0.4694827758602879,-0.27942239169670685,-0.49067135316562827,-0.7445924307388864,38.94458854791242
Travis Jankowski,2019,-0.05338887797641022,-0.4393979567210968,-1.3692892927856266,-0.021403032276572642,-1.2778576392581937,-0.45228769913625155,38.93006998013387
Joe Mauer,2019,0.9603224775159367,0.7279309524485454,-0.06456984324388551,-0.9807057788386103,-0.48493593395912504,0.6983839727309731,38.90553707235251
Yadier Molina,2019,0.40278123199514637,0.4656618087358414,1.555081887221724,-1.3511951154418802,0.1545633075659827,0.5544572774748534,38.79151888496507
Jean Segura,2019,1.5146958750508146,1.0972217618576174,0.4753140669113177,-1.4520873008561634,0.025516375419660467,1.2473827072130788,38.71788643538871
Josh Harrison,2019,0.10817136930518284,-0.08662283646269892,0.7452560219889193,-0.6333720257730451,-0.5594963836436668,-0.025700844640020648,38.60494387572707
Jon Jay,2019,0.7037267906569376,0.43923670609476295,-0.2895214724752202,-0.633372025773045,-0.9409017608761301,0.44688320112362995,38.55353413197959
Manny Pina,2019,0.11450706527700946,-0.7181827895844749,0.29535276352624995,-0.2827303322020933,-0.3085717933591514,-0.6763385340194894,38.482329092236654
Devin Mesoraco,2019,-1.1241214972152025,-1.1779795755392406,-0.9193860343229573,-0.36212090433136535,-0.3903015170518228,-1.1897265397784318,38.43491886270931
Matt Szczur,2019,-0.26582050814626873,-0.9267767248105228,-0.6866025981325752,-0.2123106318407397,-0.41484661523594446,-0.9542083427484134,38.35462425049934
Jace Peterson,2019,-1.4757526236516103,-1.3173719919709295,-0.9643763601692241,0.22338456512201613,-1.4212431194207742,-1.3915206692096922,38.07946545409347
J.T. Riddle,2019,-0.6267693634267691,-0.9632756165804779,-0.3795021241677541,-0.163644474008185,-0.7860454423005439,-0.8929704670854014,38.055219011359746
Darwin Barney,2019,-0.11376380482241724,-0.4689618215538379,-0.4166606430549735,-0.44552043747047654,-0.6471310930993244,-0.43117576462694773,37.91423520614558
Yunel Escobar,2019,0.6180090799236213,0.08596533390881034,-0.2816896655161727,-0.8523971196329958,-0.26859342547011245,0.12969321276287937,37.680860150493146
Jefry Marte,2019,-0.9403863140322138,-1.4587462911006994,-0.9643763601692241,-0.2033397600728212,-0.304270228954274,-1.418228715752065,37.61180950970122
Cliff Pennington,2019,-0.11041014172285482,-1.5545372881746091,0.8802269995277201,0.9114361902423745,-1.3653227821573677,-1.5606716306447195,37.553315171027876
Pablo Sandoval,2019,-0.5349017718352754,-1.2698068072169884,-0.6494440792453557,-0.17687623602973063,-0.3329473249867896,-1.2290467194102581,37.54275308474091
Adam Eaton,2019,1.248596644234073,0.1221354744018211,-0.9643763601692241,-0.6929149548699992,-0.13077379795755173,0.03439226008031793,37.53855551313219
Dustin Fowler,2019,-1.0290860576377956,-1.6470251474183837,-0.4694827758602879,0.33254660179976553,-1.0211976297671757,-1.575509434279371,37.52028683192239
Brandon Guyer,2019,-1.0290860576377943,-1.2823587309715005,-1.2343183152468258,-0.20333976007282126,-0.5537609644371638,-1.3403302466701446,37.49341862147942
Ketel Marte,2019,0.10817136930518283,0.12411735709990196,-0.2895214724752202,-1.1378329528444613,-0.17522329680795146,0.13528932479594818,37.36315794657898
Brock Holt,2019,0.44079540782610843,-0.6488168951516438,-0.3345117983214871,-0.3125017967505702,-0.32434419617703525,-0.6874668867454781,36.79926317605872
Robinson Cano,2019,1.2390931002763328,0.14789994947687257,-0.1995408207826863,-1.2833823350814602,0.6678833265480199,0.18351218660856572,36.57925766386283
Steve Pearce,2019,0.5801807192063065,-1.1039892881442208,-0.3795021241677541,-0.6234482042568859,0.8973000948081483,-1.1504063601466052,36.46235098488083
Dee Gordon,2019,0.7449088144738136,0.9479199319355238,0.5652947186038515,-1.2271473464898923,-1.0011236625444142,1.1694842381311583,36.39674437143367
Zack Cozart,2019,-0.3416630446945473,-0.644853129755482,0.16038178598744918,-0.8202706643273731,-0.016065413827487718,-0.6837574358368151,36.11551610006069
Justin Turner,2019,1.7364452340647658,0.18753760343849035,0.4753140669113178,-1.4487793603507768,1.3460966477170246,0.05442329498709747,35.92533341417085
Rajai Davis,2019,-0.8453508744548075,-1.0795460682012232,-0.8743957084766903,0.17872736829930075,-1.6262843560532638,-1.0428322837953818,35.919100309120864
Angel Pagan,2019,0.6498733748964048,0.5991085770732878,-0.019579517397618578,-1.48682067616272,-0.10353055672666205,0.6724178163703329,35.887809234041036
Allen Cordoba,2019,-1.5359417353839682,-1.4884745315719128,-0.019579517397618578,0.4317848169613553,-1.838494866693883,-1.5013204161061133,35.85708914994351
Jorge Polanco,2019,0.675216158783715,-0.4116515989479643,-0.15455049493641937,-0.6681054010796017,-0.051911783868132624,-0.3877432533255175,35.85429414756999
Andrew Romine,2019,-0.7439797389055718,-0.6891151766792886,-0.4694827758602879,-0.31250179675057027,-1.2792914940598195,-0.6407278052963258,35.61034685436591
Tyler Goeddel,2019,-2.0427974131301423,-1.4422306019500255,-0.9193860343229573,0.16714957653044854,-1.9245261547914305,-1.41971249611553,35.50658682472459
Yuli Gurriel,2019,1.1694004445862345,0.7794599025986485,1.6450625389142581,-1.6852971064859,0.2893456589188079,0.9662063283364327,35.40542361897373
Matt Wieters,2019,-0.6932941711309544,-0.6858120388491536,-0.15455049493641937,-0.5523274833910796,-0.8132886835314341,-0.7008209100166645,35.1571019713894
Eduardo Nunez,2019,0.7987622302343447,0.36788892896385106,-0.019579517397618568,-1.3545030559472662,-0.1608847487916941,0.5863585552893542,34.938506929320354
Jose Peraza,2019,0.836776406065308,0.9148885536341756,0.250362437679983,-1.5298239027327423,-0.5351208520160279,1.076006075232854,34.857488495040315
Hyun Soo Kim,2019,0.19034960182528757,-0.6334580854945515,-0.4166606430549735,-0.420710883680079,-0.5955123202407958,-0.6492914780563249,34.82360814682124
Gregorio Petit,2019,-0.36383798059594197,-1.5148996342129912,-0.9193860343229573,0.28292749421897045,-1.1072289178647239,-1.4864826124714619,34.077969285798346
Albert Almora Jr.,2019,1.0490222211215183,-0.1328667660845863,0.7902463478351862,-0.6879530441119197,-0.388867662250197,-0.028668405366950978,34.03368386468519
Aledmys Diaz,2019,0.2855708565163436,-0.29604177489324596,0.11539146014118223,-1.2354171977533581,0.2176529188375177,-0.18520723371252443,33.999313010707624
Jose Osuna,2019,-0.7439797389055718,-1.4884745315719128,-0.9193860343229573,-0.5936767397084092,0.03985492343591834,-1.4048746924808786,33.899655242420536
Matt Duffy,2019,0.8462799500230478,0.32693001987017933,-0.19954082078268628,-0.8632738908973954,-0.8878491332159756,0.35340503822532543,33.86266287460853
Juan Lagares,2019,-0.2054455813002625,-1.1911921268597798,-0.9193860343229573,-0.09748566390045864,-0.8634736015883372,-1.1303753252398256,33.82238333013828
Prince Fielder,2019,-1.4092278159474254,-0.5437771121533568,0.8802269995277201,-0.6929149548699989,-1.3079685900923363,-0.5813765907577197,33.78497736683272
Gerardo Parra,2019,1.011008045290554,-0.13815178661280203,0.7452560219889193,-0.7259943599238623,-0.3802645334404412,-0.06947236536224263,33.48325376579156
Jhonny Peralta,2019,0.11133921729109642,-0.9203348247887253,-0.019579517397618578,-0.544057632127614,-0.2469160368892424,-0.8558759579987727,33.46069180251695
Jason Heyward,2019,0.19687111291076337,0.29455926913485825,-0.4694827758602879,-1.3346554129149484,-0.5594963836436668,0.31334296841176634,33.15249681104338
Ben Zobrist,2019,0.7385731185019859,0.47292871196213804,1.1051786287590548,-1.438855538834618,-0.05908105787626186,0.3815968651311633,33.11466451354791
Danny Santana,2019,-0.5222303798916214,-1.3497427427062507,-0.9193860343229573,0.16714957653044854,-1.4226769742224,-1.271334459769015,32.990472272051875
Brian McCann,2019,-1.0385896015955356,-1.0161258218626348,-0.06456984324388551,-0.6168323232461133,-0.7129188474176281,-1.0636052088838939,32.88071291361981
Nori Aoki,2019,0.44694528868428796,-0.12609611478584454,-0.011747710438571146,-1.040949728440017,-0.29870437630425484,-0.12403322938966146,32.865805857944096
Gordon Beckham,2019,-1.4092278159474254,-1.1449481972378925,0.4303237410650508,-0.4282797144390922,-1.121567465880981,-1.182307637961106,32.46758470773829
Pedro Severino,2019,-2.803080929749403,-1.5809623908156876,-0.9193860343229573,0.15060987400351686,-2.555422267506784,-1.5903472379140224,32.3976632335804
Jose Reyes,2019,-1.3490387042150673,-0.6970427074716121,-0.9193860343229572,-0.9757438680805309,-0.9322986320663758,-0.680789875109885,32.36467142805993
Michael Brantley,2019,1.5685492908113456,0.6730988644683077,1.0601883029127879,-1.744840035582854,0.5101592983691814,0.7124798861838919,32.336400856346884
Adeiny Hechavarria,2019,-0.2022777333143488,-0.6646719567362909,0.9252173253739872,-0.5308258701060686,-0.9366001964712531,-0.5709901282134637,32.24049543674212
Omar Narvaez,2019,0.6055235030936158,-0.9143891766944825,-1.3692892927856266,-0.40677810115408075,-0.3286457605819128,-0.982739179075043,32.020228752404236
Juan Uribe,2019,-1.5992986951022399,-1.277073710443285,-0.019579517397618578,-0.37866060685829706,-1.3366456861248517,-1.2342399506823862,31.802555981711986
Carlos Asuaje,2019,-1.2128212408207826,-1.3001956752542285,-0.2895214724752202,0.03979386707307446,-1.7295219017703214,-1.3351370153980164,31.724937359376714
Adam Frazier,2019,0.6403698309386645,-0.46053803883395955,-0.6494440792453557,-1.1312170718336887,0.19614509681313094,-0.4448687973189258,31.318171618891398
Alex Dickerson,2019,0.016303777713688745,-1.1053105432762746,-0.4694827758602879,-0.9575501953009061,0.4269957198748853,-1.1229564234224998,31.26311841345516
Alexei Ramirez,2019,-0.4905519000324846,0.35467637764331184,-0.4694827758602879,-1.4372015685819248,-1.3223071381085945,0.546296485475795,31.14936776345649
Daniel Murphy,2019,1.7174381461492843,-0.03707576901067677,0.2053721118337161,-1.5662112482919919,0.9976699309219539,0.04255305207937626,30.790245257470808
Andres Blanco,2019,-0.11041014172285482,-1.607387493456766,-0.9193860343229573,-0.2628826891697752,-0.28993168093801575,-1.5903472379140224,30.650418306836627
Ichiro Suzuki,2019,0.3138956732759177,-0.643367498984956,-0.5516316205937744,-0.7233874399229288,-0.6127185778603051,-0.6359374547851386,29.98215716643769
Kolten Wong,2019,0.07649288944604637,-0.32180624996829754,0.07040113429491529,-1.0832519345055869,-0.4777666599509965,-0.40851617841402965,29.879932209693052
Greg Allen,2019,0.016303777713688745,-1.065672889314657,-0.9193860343229573,-0.21326358158898007,-1.178921657946014,-1.033929601614591,29.701286269656794
Jonathan Lucroy,2019,-0.10090659776511365,0.124117357099902,0.970207651220254,-1.2552648407856766,-0.9882189693297819,0.15235279897579745,29.622575531436897
Ronny Rodriguez,2019,-1.1557999770743383,-1.6272063204375748,-0.4694827758602879,-0.13056506895432204,-1.2936300420760776,-1.5829283360966968,29.594812786033525
Rosell Herrera,2019,-0.7123012590464367,-0.9930038570516911,-0.4694827758602879,-0.37866060685829706,-1.5517239063687223,-0.937483877989356,28.95815023691059
Andrelton Simmons,2019,0.9571546295300236,0.9915213512933034,1.2401496062978556,-2.1335230449657487,-0.17378944200632562,1.1093911334108197,28.706317776350954
Isiah Kiner-Falefa,2019,0.1430176971502323,-0.37201394498634666,-0.9193860343229573,-0.907931087720111,-0.9781819857184008,-0.3588095362379471,28.7014588320508
Victor Martinez,2019,-0.015374702145447311,0.29059550373869647,0.9252173253739872,-1.587712861577003,-0.7774423134907888,0.36156583022438377,28.483278250397554
Tyler Holt,2019,-0.6806227791873009,-1.6139937691170356,-0.9193860343229573,0.3160068992728338,-1.8528334147101402,-1.6719551579046057,28.436571565577438
Carlos Perez,2019,-1.5042632555248332,-1.065672889314657,-0.4694827758602879,-0.7259943599238623,-1.437015522238658,-1.0116728961626136,28.418933890711486
Aaron Hill,2019,0.1746961770093682,-0.15400684819744911,0.4303237410650508,-1.2221854357318127,-0.6770724773769835,-0.19559369625678047,27.827032045132892
Melky Cabrera,2019,0.8431121020371349,-0.13947304174485597,1.015197977066521,-1.4173539255496066,-0.011763849422610599,-0.06873047518051001,27.596842104496755
Ramon Flores,2019,-1.6309771749613766,-1.0788854406351962,0.4303237410650508,-0.18018417653511667,-2.3546825952791717,-1.152632030691803,27.59678655622382
Wilmer Flores,2019,0.37110275213601074,-0.34889198017540296,2.0049851456843935,-1.556287426775833,0.2621024176879181,-0.30613533333493426,27.195811102290065
Victor Reyes,2019,-1.0924430173560666,-1.54132473685407,-0.9193860343229573,-0.03132685379273185,-1.9675417988402046,-1.427131397932856,26.95582304742735
Kurt Suzuki,2019,0.5326629994176038,-0.591342296907298,0.7002656961426524,-1.564557278039299,0.6062275700781106,-0.5850860416663826,26.81507401552955
Jose Iglesias,2019,0.2190460488121574,0.15913061809933102,-0.5594634275528219,-1.6819891659805137,-0.6813740417818601,0.29998894514058,26.668493238249404
Buster Posey,2019,1.226421708332678,0.31900248907785583,0.20537211183371612,-1.5744810995554577,-0.2010326832372162,0.2710552280530095,26.659067806488526
Guillermo Heredia,2019,-0.5253982278775343,-0.5853966488130555,-0.6044537533990887,-0.9773978383332241,-1.2147680279866582,-0.6244062212982091,26.372700436673004
Jett Bandy,2019,-0.7123012590464367,-1.4620494289308343,0.4303237410650508,-0.7756134675046574,-0.4763328051493702,-1.449388103384833,25.985150881892572
Chase d'Arnaud,2019,-0.36383798059594197,-1.2572548834624762,-0.019579517397618578,-0.3455812018044337,-1.2936300420760776,-1.271334459769015,25.895808243053626
Ben Revere,2019,-0.1992957004420833,-0.43923358108262467,-0.28168966551617275,-1.2493499802793564,-0.8880186997724595,-0.37330833045180684,25.740851312451866
Ivan De Jesus,2019,-0.11041014172285482,-1.3827741210075988,-0.9193860343229573,-0.03132685379273185,-1.6234166464500124,-1.3603612815769242,25.663377259567444
Erik Kratz,2019,-0.6489442993281641,-1.54132473685407,-0.4694827758602879,-0.47789882201988726,-1.0068590817509175,-1.4939015142887877,25.413573301101163
Cristhian Adames,2019,-1.21915693679261,-1.2968925374240938,-1.3692892927856266,-0.46135911949295555,-1.7668021266125928,-1.330685674307621,25.226435541951936
Victor Caratini,2019,-0.7756582187647085,-1.6668439743991927,-0.9193860343229573,-0.03132685379273185,-1.7381250305800768,-1.6571173542699542,24.954251486951108
Alex Presley,2019,1.8219771296844327,-1.2440423321419367,-1.3692892927856266,-0.4282797144390922,-0.1322076527591773,-1.182307637961106,24.137986260113095
Greg Garcia,2019,-0.6457764513422509,-1.4191086371390815,-0.6494440792453557,-0.3191176777613431,-1.524480665137832,-1.4990947455609156,23.967808657241022
Phil Gosselin,2019,0.6498733748964048,-1.4025929479884078,-0.4694827758602879,-0.329041499277502,-0.8204579575395631,-1.3677801833942498,23.599601525144838
Tony Wolters,2019,-1.792537422242969,-1.4528006430064568,-0.8294053826304233,-0.5787910074341704,-1.8485318503052632,-1.5280284626484861,23.569245319311456
Christian Vazquez,2019,-0.7788260667506219,-1.0603878687864412,-1.2343183152468258,-0.8219246345800663,-1.5187452459313284,-0.9753202772577173,23.364878774019516
Elias Diaz,2019,0.33625642429096153,-1.31076571631066,-0.2895214724752202,-0.8946993256985657,-0.20963581204697102,-1.2728182401324801,23.29207704995753
Dixon Machado,2019,-1.5992986951022399,-1.4488368776102951,-0.9193860343229573,-0.5936767397084092,-1.9388647028076893,-1.4122935942982044,22.53792197574449
Tony Kemp,2019,0.2063746568685041,-1.0392477866735785,-0.9193860343229573,-1.0402487079355647,-0.4763328051493702,-1.1081186197878483,22.46754923615702
Miguel Rojas,2019,0.2032068088825899,-0.14740057253717953,0.07040113429491529,-1.4752428843938676,-1.0412715969899362,-0.07837504754303354,22.34168738386113
Kelby Tomlinson,2019,0.047982257572824635,-1.5215059098732608,-0.019579517397618578,-0.08094596137352694,-1.5947395504174964,-1.5606716306447195,21.79986283869162
Billy Butler,2019,0.871622733910356,-1.1779795755392406,-0.019579517397618578,-0.9740898978278377,-0.1322076527591773,-1.1452131288744771,21.28329073185369
Jake Smolinski,2019,-0.5855873396098923,-0.8806971708271075,-0.4694827758602879,-1.2221854357318127,-1.150244561913498,-0.848457056181447,20.935255264524685
Jesse Winker,2019,1.3467999317973944,-0.7816030359230632,-0.9193860343229573,-1.2221854357318127,0.08287056748469245,-0.9152271725373787,20.86960448747697
Kevan Smith,2019,0.8399442540512219,-1.0458540623338481,-0.019579517397618578,-0.9244707902470427,-0.5336869972144032,-0.9523216816240075,20.83226148182146
Martin Prado,2019,0.18419972096710846,-0.717522162018448,-0.6944344050916226,-1.0501725294517232,-1.242011269217549,-0.6414696954780583,20.816880392280552
Daniel Nava,2019,1.4101568915156661,-1.574356115155418,-0.4694827758602879,-0.5605973346545458,-0.06051491267788713,-1.6422795506353027,19.824820498856447
Conor Gillaspie,2019,0.1746961770093682,-1.6338125960978445,-0.9193860343229573,-1.2387251382587445,0.21191749963101478,-1.5829283360966968,19.627386168619843
Clint Robinson,2019,-0.7123012590464367,-1.501687082892452,0.8802269995277201,-0.6432958472892043,-1.3653227821573677,-1.5384149251927421,19.5541883631023
James Loney,2019,0.26973161658677586,-0.5702022147944353,-0.9193860343229573,-1.8341544292282852,-0.40464006506808003,-0.45525525986318194,18.346145176513303
Johnny Giavotella,2019,0.11133921729109642,-0.5635959391341657,-0.019579517397618578,-1.751455916593627,-0.7057495734094988,-0.43299855441120466,17.530053627052382
Jarrod Dyson,2019,-1.266674656581314,-1.0531209655601448,-0.7844150567841565,-1.1940679414360291,-1.8241563186776248,-1.091055145607999,17.213738038200397
Joe Panik,2019,0.19687111291076329,0.04880581457282829,1.015197977066521,-2.126907163954976,-0.8864152784143495,0.07519622007560964,15.90619701281934
T.J. Rivera,2019,1.0616936130651713,-1.4620494289308343,-0.4694827758602879,-1.205645733204881,0.06853201946843442,-1.4122935942982044,15.897353045369229
Ronald Torreyes,2019,1.1250505727834432,-0.768390484602524,0.4303237410650508,-1.3875824610011298,-0.7200881214257568,-0.6629845107483031,14.339953151110592
Eric Sogard,2019,0.523159455459863,-1.0128226840325,-1.3692892927856266,-1.4537412711088566,-0.6770724773769835,-1.152632030691803,13.499933378739307
Carlos Ruiz,2019,0.23805313672763997,-1.4488368776102951,-1.3692892927856266,-1.1560266256240865,-1.1072289178647239,-1.5087393179234392,11.335733113493717
Billy Burns,2019,-0.6806227791873009,-0.7948155872436025,-0.4694827758602879,-1.6687574039589685,-1.8528334147101402,-0.6926601180176061,11.058819543452003
David Fletcher,2019,0.5865164151781348,-0.9599724787503431,-0.4694827758602879,-1.6687574039589685,-0.8921506976208533,-0.8929704670854015,10.011770648881274
A.J. Pierzynski,2019,-1.187478456933475,-1.277073710443285,-0.019579517397618578,-1.6522177014320367,-1.7381250305800768,-1.1674698343264545,9.233863643653464
Jeff McNeil,2019,2.2971543275714694,-1.3497427427062507,-1.3692892927856266,-1.900313239336012,0.656412488135014,-1.330685674307621,6.0955935869400335
JB Shuck,2019,-1.6309771749613766,-1.3959866723281382,-0.9193860343229573,-2.065710264605329,-1.809817770661367,-1.3381045761249468,4.10130679689037
Rafael Ortega,2019,-0.7756582187647085,-1.6536314230786533,-1.3692892927856266,-1.6191382963781733,-1.9101876067751733,-1.6274417470006513,2.1115922076799833
