,Name,Season,playerid,weightOBP,weightPA,weightSB,weightUBR,runsPredicted
399,Mookie Betts,2019,13611,2.1247406454775897,1.3390114510234854,2.8888648317734393,1.6537797923570863,102.6441676684438
313,Christian Yelich,2019,11477,1.7672771693002451,1.405074207626182,1.7216824278467233,1.7663529414700232,100.97618233303075
395,Jose Ramirez,2019,13510,1.5215210294283197,1.4651913161346353,2.445516476793524,1.2457021268226909,100.19856974841058
224,Paul Goldschmidt,2019,9218,1.9404235405736467,1.5305934451713044,0.2197267762821124,0.4952144660697796,98.56854797155239
369,Francisco Lindor,2019,12916,0.6111062385391417,1.8496765595623272,0.7173626849330379,0.3779507690771373,98.29566614379283
192,Charlie Blackmon,2019,7859,1.2953136734098418,1.6310088352074028,-0.440771793381843,0.8516961049274123,97.48268671950623
263,Mike Trout,2019,10155,3.532253082925892,0.8765721548046119,2.735050096372244,0.30759255088155185,96.33278967133958
132,Jose Altuve,2019,5417,1.898533289459114,1.171872676818664,1.7397782790703937,1.1706533607474,95.14152423742772
242,Nolan Arenado,2019,9777,1.2925209900022072,1.4869920258135252,-0.7303054129605633,0.5937159715435991,93.40112605727151
300,Whit Merrifield,2019,11281,0.65578917306131,1.2821974803451668,3.1964943025758297,1.2457021268226909,92.92668999678429
315,Manny Machado,2019,11493,0.5943501380933286,1.6495064070561578,0.6178355032028527,-0.05357963585578679,92.71161550759837
128,Freddie Freeman,2019,5361,1.8845698724209354,1.2907856387035173,-0.04266306646110282,0.25599652420478913,92.37231671695608
219,Lorenzo Cain,2019,9077,1.4963868787596,1.034462143085056,2.490756104852699,1.503682260206504,92.24980165899856
105,Ender Inciarte,2019,4922,0.24805739554652395,1.432820565399314,-0.268861206756978,1.949284308778545,91.62792993360922
494,Brian Anderson,2019,18289,0.8596550618187031,1.4381055859275298,-1.5627145692493838,1.3629658238153333,91.48389183928607
488,Andrew Benintendi,2019,17901,0.9937038653852068,1.3727034568908605,1.9388326425307634,0.044921869618032885,91.2041715053225
147,Nick Markakis,2019,5930,0.9546062976783093,1.5860861607175694,-0.8660242971380884,-0.3209408649990113,90.61674125105131
35,Carlos Santana,2019,2396,0.8512770115957959,1.4797251225872285,-0.23266950430963793,0.1903288538889094,90.32028089500255
87,Joey Votto,2019,4314,2.8927285825773588,1.329762665099108,-0.015519289625597787,-2.426996862986868,90.14761307841701
281,Cesar Hernandez,2019,10556,1.0160453326462915,1.3727034568908607,0.3011581067886274,0.33104529028008034,90.13940250961761
253,Brett Gardner,2019,9927,0.19778909420908458,1.1963158967616616,1.7035865766230538,2.2682415645985325,90.08395613990699
487,Alex Bregman,2019,17678,1.314862457263291,1.1903702486674188,0.19258299944660734,1.011174732837406,90.0060317965106
107,Giancarlo Stanton,2019,4949,0.6976794241758415,1.488313280945579,0.0659120408809172,-0.433514014111948,88.13004431763277
470,Trea Turner,2019,16252,0.5189476860871682,1.0450321841414874,4.273197450384195,1.0064841849577004,88.05173345970809
316,Bryce Harper,2019,11579,1.9767284248729078,1.156017615234017,0.32830188362413243,-0.7477807220522295,87.49490299306424
367,Anthony Rendon,2019,12861,1.504764928982506,1.0047339026138427,-0.2507653555333079,1.1706533607474,87.19681111908555
199,Matt Carpenter,2019,8090,1.4349478437916185,1.3020163073259756,-0.3412446116516581,-0.6258264771798816,87.12921302398271
69,Eric Hosmer,2019,3516,0.426789133635197,1.4658519437006623,-0.32314876042798807,-0.42882346623224227,85.78136504605989
68,Anthony Rizzo,2019,3473,1.5494478635046747,1.4638700610025812,-0.7303054129605633,-2.2112316605204065,85.57737214954705
246,Andrew McCutchen,2019,9847,1.0355941164997393,1.4493362545499882,-0.9926952557037785,-1.2121449621430935,85.3613071005183
245,Brian Dozier,2019,9810,-0.04238167884757005,1.3707215741927796,0.5816438007555127,0.44830898727272267,85.27283386490672
322,Nicholas Castellanos,2019,11737,0.42678913363519677,1.312586348382407,-0.7393533385723983,0.33104529028008034,84.52659111173254
339,Xander Bogaerts,2019,12161,0.7898379766278136,1.0443715565754603,0.8892732715579028,0.7297418600550643,84.32223698160128
48,Tommy Pham,2019,2967,1.5075576123901429,0.6982027119773321,0.28306225556495745,1.9539748566582507,84.14335152576247
364,George Springer,2019,12856,0.7647038259590953,1.20754656538412,-1.3636602057890137,0.5468104927465421,84.06196457107245
148,Jean Segura,2019,5933,0.5552525703864309,1.0972217618576174,-0.16028609941495792,1.0533896637547573,83.83554432293917
272,Marcell Ozuna,2019,10324,0.38210619911302884,1.2485054744777915,-0.458867644605513,0.43892789151331135,83.69117366526966
53,Shin-Soo Choo,2019,3174,1.1947770707349643,1.0470140668395682,0.3102060324004624,0.030850225978915777,83.59632852711212
116,Justin Upton,2019,5222,0.5440818367558881,1.1137374510082916,0.2649664043412874,0.32635474240037465,82.39099862525381
467,Cody Bellinger,2019,15998,0.5440818367558884,1.0205889641984898,1.350717477761488,0.18094775812949804,81.43595902724947
90,Jed Lowrie,2019,4418,0.6976794241758415,1.2293472750630097,-0.47696349582918307,-0.7149468868942896,81.35510761190477
404,Chris Taylor,2019,13757,0.3262525309603185,0.9307436152188228,-0.27790913236881293,1.7382096541917889,81.25942015268018
30,David Peralta,2019,2136,0.720020891436927,0.9948244891234382,0.09305581771642227,0.41078460423507707,80.96257904982699
461,Aaron Judge,2019,15640,2.0884357611783297,0.6585650580157145,-0.386484239710833,0.46707117879154536,80.92801182947201
287,Andrelton Simmons,2019,10847,0.21454519465489819,0.9915213512933034,0.7716502386040478,0.8939110358447637,80.604715370034
157,Adam Jones,2019,6368,-0.30210123575767284,1.1441263190455317,0.19258299944660728,0.8939110358447637,80.23965883731704
248,DJ LeMahieu,2019,9874,0.5636306206093374,1.085991093235159,-1.1827016935523136,0.3498074817989031,80.17782226901164
153,J.D. Martinez,2019,6184,1.8175454706376843,0.8950697266533669,0.2468705531176174,-1.1558583875866248,80.0362826397587
359,Eugenio Suarez,2019,12552,0.9825331317546648,1.0807060727069433,-0.8569763715262535,-0.6352075729392929,79.621006954505
220,Khris Davis,2019,9112,0.024642722935682877,1.299373797061868,-0.16028609941495792,-0.8556633232854605,79.20299954153487
4,David Ortiz,2019,745,2.08843576117833,1.1474294568756664,0.06591204088091727,-3.4682984922815328,79.13345223491315
423,Mitch Haniger,2019,14274,0.9937038653852068,0.9829331929349527,-0.015519289625597815,-0.6070642856610587,78.86116514290838
201,Dee Gordon,2019,8203,-0.5757842097059529,0.9479199319355238,1.9478805681425988,1.4567767814094472,78.81927789807304
360,Trevor Story,2019,12564,0.25364276236179456,0.9862363307650878,1.4140529570443332,-0.07234182737460948,78.51656994624263
81,Michael Brantley,2019,4106,0.9964965487928423,0.6730988644683077,0.8892732715579028,0.7860284346115325,78.10220177854131
264,Billy Hamilton,2019,10199,-0.6986622796419166,0.7741748820704328,3.61269888072024,1.8695449948235483,78.06120045156004
402,Corey Seager,2019,13624,0.7336223428867914,0.7835880436332825,-0.4218969816750349,1.000710861597722,77.95938867178668
447,Trey Mancini,2019,15149,-0.43335735591654273,1.1143980785743184,-0.5222031238883582,0.8610772006868239,77.94806372537461
163,Freddy Galvis,2019,6609,-0.7461378975717204,1.3383508234574586,-0.5312510495001932,-0.10986621041225503,77.79540771646863
401,Jeimer Candelario,2019,13621,-0.2574183012355046,1.1011855272537792,-0.5674427519475332,0.612478163062422,77.77508850606635
397,Jose Peraza,2019,13593,-0.1764304824140745,0.9148885536341756,1.1878548167484582,0.781337886731827,77.18972391317351
455,Kris Bryant,2019,15429,1.6583625164024596,0.6030723424694496,-1.2460371728351585,0.6781458333783018,77.12596775089754
374,Javier Baez,2019,12979,-0.11499144744609308,0.8726083894084502,0.3011581067886274,1.2550832225821023,77.00956763830136
459,Amed Rosario,2019,15518,-0.8718086509153188,0.9228160844264993,-0.0245672152374328,2.2072644421623586,76.59892206128725
462,Jose Abreu,2019,15676,0.2871549632534211,1.000770137217681,-0.024567215237432785,-0.2787259340816601,76.52628442110732
356,Marcus Semien,2019,12533,-0.2211134169362428,0.9736844070105755,0.46402076780165746,0.5515010406262479,76.51177908841603
464,Miguel Andujar,2019,15878,0.04977687360440101,1.015303943670274,-0.296004983592483,0.09651789629479554,76.39677335657396
37,Nelson Cruz,2019,2434,0.7674965093667304,1.0734391694806467,-0.241717429921473,-1.6342942713166058,76.0253661701935
330,Travis Shaw,2019,11982,0.4491306008962803,0.8897847061251511,0.33734980923596747,-0.22712990740489744,75.75713378911047
504,Juan Soto,2019,20123,2.228069931560106,0.27540106972007633,-0.20552572747413295,0.9408165146418207,75.6414739904929
273,Scooter Gennett,2019,10339,0.6222769721696839,0.8838390580309086,-0.29600498359248295,-0.28341648196136576,75.56939246728062
93,Starlin Castro,2019,4579,0.0721183408654853,0.9168704363322566,-0.386484239710833,0.4670711787915454,75.56691018303643
410,Joey Wendle,2019,13853,0.775874559589636,0.6123211283938271,1.061183858182768,0.612478163062422,75.40103996826355
317,Yolmer Sanchez,2019,11602,-0.4556988231776264,1.1315743952910193,-0.7031616361250582,-0.11924730617166651,74.90618270379781
336,Eddie Rosario,2019,12155,-0.12616218107663657,0.7596410756178397,-0.26886120675697794,1.5552782868832666,74.8870560533563
312,Odubel Herrera,2019,11476,-0.18480853263698122,0.927440477388688,-0.1964778018622979,0.34511693391919734,74.29546015187913
31,Edwin Encarnacion,2019,2151,0.6753379569147584,1.0965611342915904,0.05686411526908227,-2.3144237138739316,74.2750479136788
477,Ozzie Albies,2019,16556,-0.182015849229346,0.6585650580157143,1.0068963045117578,1.5130633559659155,74.04009205780808
472,Michael Conforto,2019,16376,0.8373135945576176,0.6427099964310673,-0.7755450410197382,0.5468104927465423,73.80991044447869
324,J.T. Realmuto,2019,11739,0.3262525309603188,0.6242124245823124,-0.1512381738031229,1.2644643183415134,73.77593133507607
149,Didi Gregorius,2019,6012,0.01626467271277629,0.7913511987871338,-0.42267594215817306,0.7860284346115327,73.69038666556722
24,Joe Mauer,2019,1857,1.002081915608114,0.7279309524485454,-0.5945865287830382,-0.4428951098713594,73.5469694310114
475,Matt Chapman,2019,16505,0.47147206815736586,0.506620717829513,-1.0379348837629534,2.043095266372659,73.4640310662725
375,Jackie Bradley Jr.,2019,12984,-0.16805243219116858,0.6248730521483394,1.4954842875508483,1.2832265098603362,73.33895865530911
154,Ian Kinsler,2019,6195,-0.47245492362343966,0.7920118263531608,0.10210374332825728,1.0721518552735803,72.69442074698996
449,Tim Anderson,2019,15172,-1.2348574939079349,0.8996941196155556,1.6131073205047033,1.0346274722359345,72.66211810775988
334,Max Kepler,2019,12144,-0.2881378187194953,0.8547714451257222,-0.7393533385723984,0.6406214503406561,72.52148650265612
243,Kyle Seager,2019,9785,-0.8271257163931501,1.2438810815156032,-0.5312510495001932,-1.0901907172707452,72.42644606010882
104,Mike Moustakas,2019,4892,-0.3216500196111215,1.1335562779891002,-0.042663066461102815,-1.4654345476472008,72.30571935413629
381,Josh Bell,2019,13145,0.6669599066918517,0.9366892633130655,-1.752721007097919,-1.1605489354663305,72.30503013909923
126,Brandon Crawford,2019,5343,-0.15408901515299034,0.9076216504078792,-1.2822288752824988,0.19032885388890944,72.2047522683644
473,Rhys Hoskins,2019,16472,1.1277526689517114,0.48415938058459634,-0.323148760427988,0.34980748179890303,72.09872887877223
119,Justin Turner,2019,5235,2.1163625952546847,0.18753760343849035,-0.015519289625597843,0.22316268904684927,71.29985408585291
47,Angel Pagan,2019,2918,0.13355737583346813,0.5991085770732878,0.9707046020644181,0.4717617266712511,71.21888459993386
501,Yuli Gurriel,2019,19198,-0.014454844771215468,0.7794599025986485,0.00257656159807218,-0.06296073161519812,71.19287553138835
184,Ben Zobrist,2019,7435,0.9657770313088507,0.47292871196213804,-1.0831745118221283,0.6359309024609505,70.95132474983633
124,Aaron Hicks,2019,5297,0.9238867801943191,0.2687947940598067,0.3011581067886274,1.4661578771688584,70.94645855388853
416,Joey Gallo,2019,14128,-0.22111341693624326,0.734537228108815,-0.7664971154079032,0.7954095303709441,70.89714823513224
389,Max Muncy,2019,13301,1.809167420414778,0.18951948613657127,0.24687055311761738,0.4717617266712511,70.83343932671298
171,Ian Desmond,2019,6885,-0.29930855235003734,0.6519587823554448,1.0521359325709332,0.5468104927465423,70.35132672304913
152,Eduardo Escobar,2019,6153,-0.142918281522449,0.7510529172594891,-0.8660242971380883,0.3873318648365486,70.24733142918453
295,Kole Calhoun,2019,11200,-0.606503727189944,0.9399924011432004,-0.051710992072937806,-0.40537072683371383,70.19312566397323
351,Kevin Pillar,2019,12434,-1.0254062383352722,0.7986181020134304,0.7083147593212028,0.8563866528071181,70.02718430107704
205,Denard Span,2019,8347,0.2843622798457857,0.4927475389429469,-0.3955321653226681,0.9689598019200549,69.68306612756373
108,Asdrubal Cabrera,2019,4962,0.06374029064258016,0.8039031225416461,-0.323148760427988,-0.7149468868942898,69.6599705788827
496,Ronald Acuna Jr.,2019,18401,1.1109965685058982,0.229157140098189,0.7897460898277178,0.7531945994535929,69.53347957809079
226,Starling Marte,2019,9241,0.16986226013272943,0.4352729406986012,1.3054778497023132,0.7860284346115328,69.50775644373591
155,Alcides Escobar,2019,6310,-1.3409794633980856,0.8138125360320505,-0.305052909204318,1.5130633559659152,69.43699129919061
213,Elvis Andrus,2019,8709,-0.11499144744609308,0.44914611958516737,-0.07885476890844284,1.6959947232744377,69.36905480216214
394,Stephen Piscotty,2019,13367,0.25922812917706634,0.6334612105066899,-0.6579220080658832,-0.020745800697846872,68.98255174686935
283,Corey Dickerson,2019,10762,-0.03958899543993408,0.7332159729767611,-0.277909132368813,-0.3443936043975398,68.90205643999143
232,Evan Longoria,2019,9368,-0.8913574347687665,0.8356132457109404,-0.05171099207293782,0.22785323692655496,68.56359435229206
218,Justin Smoak,2019,9054,0.6055208717238694,0.8541108175596952,-0.6760178592895533,-2.187778921121878,68.49315398691267
345,Rougned Odor,2019,12282,-0.7098330132724578,0.8402376386731291,-1.5174749411902086,0.43892789151331124,68.41028139050702
118,Jon Jay,2019,5227,0.4993989022337205,0.43923670609476295,-0.4407717933818431,0.4858333703103682,68.17555194986785
296,Adam Eaton,2019,11205,1.6248503155108331,0.1221354744018211,0.7535543873803778,0.14811392297155826,68.14674133335356
196,Jose Martinez,2019,7996,1.1808136536967861,0.34873072954906914,-0.8750722227499235,0.06368406113685567,68.06380514337313
407,Adonis Garcia,2019,13777,-0.42497930569363573,0.7312340902786802,-0.4769634958291832,0.0027069387006816315,67.66864392287036
206,Dustin Pedroia,2019,8370,0.7755125940013241,0.5081063486000392,-0.421896981675035,-0.6175281569007427,67.60909828972939
111,Melvin Upton Jr.,2019,5015,-0.983515987220738,0.5726834744322093,1.6945386510112184,1.0346274722359348,67.49585172307788
432,Nomar Mazara,2019,14553,-0.1987719496751591,0.7325553454107343,-0.3955321653226681,-0.4851100407887107,67.46949224579333
179,Carlos Gonzalez,2019,7287,0.22013056147016768,0.48548063571665034,-0.06075891768477283,0.2559965242047892,67.41087938395059
40,Yonder Alonso,2019,2530,0.1419354260563742,0.6711169817702267,-0.1693340250267929,-0.9119498978419289,66.97840497543069
241,Jason Kipnis,2019,9776,-0.43615003932417745,0.5878779084508294,0.4821166190253275,0.3169736466409632,66.91024552880809
97,Chase Headley,2019,4720,0.239317379735305,0.4169397444883184,0.25669743921259053,0.29712867964186784,66.65983507369795
371,Brandon Nimmo,2019,12927,1.9627650078347303,-0.08794409159475292,-0.6036344543948732,1.011174732837406,66.64905540692224
262,Jonathan Villar,2019,10071,-0.1792231658217102,0.3659070462657702,3.160302600128489,0.1434233750918525,66.63195005244535
420,Carlos Correa,2019,14162,0.5859720878704207,0.25624287030529447,0.1201995945519273,0.7860284346115327,66.58413546062181
115,Alex Gordon,2019,5209,-0.35516222050274776,0.6697957266381728,0.5454520983081725,-0.5648493547437075,66.32798179320416
495,Dansby Swanson,2019,18314,-0.5534427424448696,0.5687197090360476,-0.2326695043096379,0.73443240793477,66.30199631823497
285,Jurickson Profar,2019,10815,0.12797200901819708,0.36722830139782403,0.9978483788999227,0.3685696733177257,66.23368147811802
137,Marwin Gonzalez,2019,5497,0.2955330134763277,0.5627740609418049,-0.6488740824540483,-0.5226344238263563,66.20313527399829
7,Brandon Phillips,2019,791,-0.11256072962676994,0.5616171814482231,-0.639047196359075,0.11419731233334565,66.0304524108287
222,Buster Posey,2019,9166,1.2673868393334873,0.31900248907785583,-0.1512381738031229,-0.8509727754057549,65.99512020508766
197,Hanley Ramirez,2019,8001,0.23931737973530498,0.5318889409770098,-0.34046565116851985,-0.4205251459531036,65.99322900412265
484,Yoan Moncada,2019,17232,-0.12057681426136456,0.4755712222262458,-0.386484239710833,0.3826413169568429,65.407709964016
22,Miguel Cabrera,2019,1744,0.5828174388744729,0.6012548354098408,-0.3404656511685199,-1.6869730734736414,65.25987027559464
298,Jonathan Schoop,2019,11265,-0.9891013540360101,0.7629442134479745,-0.377436314098998,-0.19429607224695755,64.86634712060562
106,Jason Heyward,2019,4940,0.0888744413112998,0.29455926913485825,-0.6036344543948732,1.0815329510329914,64.75377275255906
426,Matt Olson,2019,14344,0.38769156592830034,0.4920869113769199,-0.305052909204318,-0.8697349669245776,64.61974432723046
98,Jacoby Ellsbury,2019,4727,0.21418322906658535,0.25838912864184743,0.8810043064292059,0.43784511603303855,64.56063619027296
474,Kyle Schwarber,2019,16478,0.48822816860317897,0.33353629553044906,-0.6036344543948733,0.06368406113685567,64.47243416039632
482,Yasmany Tomas,2019,17171,-0.3691256375409253,0.7312340902786802,-1.3817560570126837,-0.8884971584434004,64.05226427161323
57,Robinson Cano,2019,3269,0.9657770313088514,0.14789994947687257,-0.259813281145143,0.1387328272121468,63.90299744905439
77,Josh Reddick,2019,3892,0.22292324487780416,0.30248679992718175,0.09305581771642227,0.21378159328743798,63.80343874124054
280,Derek Dietrich,2019,10542,0.2620208125847014,0.3877077559446599,-0.1693340250267929,-0.5226344238263563,63.107804677486705
398,Mallex Smith,2019,13608,0.6781306403223939,-0.1308848833865054,1.6673948741757134,1.3582752759356274,63.00135753748522
6,Todd Frazier,2019,785,-0.30768660257294433,0.46434055360378756,-0.24171742992147294,-0.22712990740489747,62.49203312516095
332,Niko Goodrum,2019,12092,-0.31327196938821494,0.2621885183995371,0.42782906535431753,0.8001000782506498,62.425259268237255
368,Gregory Polanco,2019,12907,0.044191506789131335,0.33485755066250295,0.988800453288088,-0.5789209983828245,62.1912047478327
212,Paulo Orlando,2019,8628,0.0777037076807562,0.20933831311738013,1.1516631143011182,0.09651789629479554,62.14063336546436
377,Teoscar Hernandez,2019,13066,-0.6763208123808324,0.4669830638678954,-1.2007975447759835,0.612478163062422,62.007331575857464
260,Wil Myers,2019,10047,-0.09544266359264492,0.10429853011909318,1.6131073205047035,0.8376244612882955,62.000968634313615
268,Brandon Belt,2019,10264,0.6948867407682067,0.14591806677879177,-0.07885476890844284,-0.1333189498107836,61.828394578240776
342,Maikel Franco,2019,12179,-0.6400159280815703,0.5059600902634862,-0.1512381738031229,-0.30686922135989425,61.45610292995445
493,Harrison Bader,2019,18030,0.21733787806253216,-0.16721939951798834,1.3326216265378183,1.9258315693800165,61.19364177010086
26,Jose Bautista,2019,1887,0.32345984755268237,0.2945592691348583,-0.6036344543948733,-0.5038722323075333,61.06303777936583
409,Matt Duffy,2019,13836,0.5440818367558884,0.32693001987017933,-0.5312510495001932,-1.184001674864859,60.85175201119717
302,Jesus Aguilar,2019,11342,0.5440818367558894,0.24567282924886308,-0.268861206756978,-0.7712334614507579,60.82772531943294
435,Manuel Margot,2019,14712,-0.7796500984633465,0.46037678820762573,-1.3274685033416738,0.3826413169568429,60.459649538690094
49,Mike Napoli,2019,3057,-0.2717436838619946,0.4466679849595317,-0.2047467669909948,-0.8708177424048502,60.3736929005776
139,Matt Kemp,2019,5631,0.06653297405021472,0.387047128378633,-0.4950593470528532,-0.9635459245186916,60.29050011617272
10,Albert Pujols,2019,1177,-0.9695525701825616,0.6757413747324155,0.10210374332825728,-1.3481708506545584,60.23793687935042
2,Carlos Beltran,2019,589,-0.271743683861994,0.39117526941326686,-0.09617165964897473,-0.6597430878180941,60.04828722920276
160,Jordy Mercer,2019,6547,-0.18480853263698122,0.23179965036229683,-0.5041072726646881,0.32635474240037465,59.83837207427562
174,Yadier Molina,2019,7007,-0.22949146715914953,0.4656618087358414,-0.5131551982765232,-1.155858387586625,59.703298539386005
480,Gleyber Torres,2019,16997,0.38489888252066484,0.20933831311738013,0.06591204088091727,-0.7946862008492865,59.612316814610644
228,A.J. Pollock,2019,9256,-0.16805243219116792,0.06267899345939451,1.3145257753141482,0.5515010406262478,59.51713815323085
422,Yasiel Puig,2019,14225,0.16986226013272973,0.14459681164673782,0.3825894372951424,-0.2834164819613657,59.16862436880906
400,Ketel Marte,2019,13613,0.1447281094640097,0.12411735709990196,0.2378226275057824,-0.13331894981078357,58.90731111437608
320,Brandon Drury,2019,11615,-0.053914378066424504,0.1474036975493178,-0.2861780974975099,0.21269881780716524,58.74712650154204
17,Coco Crisp,2019,1572,-0.6763208123808324,0.30182617236115483,-0.296004983592483,0.19032885388890944,58.514594331086656
3,Adrian Beltre,2019,639,0.5943501380933267,0.11222606091141668,-0.1602860994149579,-0.8040672966086979,58.43881190183425
85,Howie Kendrick,2019,4229,0.34823203263309027,-0.054748337654932616,0.22955366237708547,0.5082033342286241,58.35140116672032
211,Kendrys Morales,2019,8610,-0.07030851292392476,0.4920869113769199,-0.7303054129605634,-1.9485609792568872,58.33515358834278
489,Ian Happ,2019,17919,0.5384964699406168,-0.033112003614515,-0.296004983592483,0.1762572102497923,58.089663122610816
167,Eduardo Nunez,2019,6848,-0.5031744411074303,0.36788892896385106,0.8711774203342328,-1.1605489354663308,58.035328605870895
88,Daniel Murphy,2019,4316,0.8261428609270762,-0.03707576901067677,0.1473433713874323,-0.5929926420219417,57.69001531406629
456,Ryon Healy,2019,15447,-0.9974794042589171,0.47491059466021895,-0.38648423971083307,-0.6539697644581157,57.58364896539185
14,Jayson Werth,2019,1327,0.03824417438554808,-0.01907444908947664,-0.12331543648447978,0.677063057898029,57.52390252861918
266,Jose Iglesias,2019,10231,-0.6483939783044768,0.15913061809933102,-0.04266306646110285,0.612478163062422,57.41719212388151
99,Curtis Granderson,2019,4747,0.41282571659701955,0.07192777938377201,-0.18742987625046292,-0.6117548335407642,57.23868470509383
279,Cheslor Cuthbert,2019,10473,-0.22949146715914936,0.38110148028439034,0.06591204088091727,-1.6389848191963117,57.232891247126325
288,Adam Duvall,2019,10950,-1.1678330921246838,0.38836838351068687,-0.6126823800067083,0.1715666623700866,57.22410770778299
492,Paul DeJong,2019,18015,-0.2685890348660466,0.15582748026919618,-0.34124461165165804,0.03085022597891579,57.15822476920482
83,Yunel Escobar,2019,4191,0.29796373129565046,0.08596533390881034,-0.9104849647141253,-0.26573706592281565,57.079585942406396
50,Mitch Moreland,2019,3086,-0.10102803040791548,0.30512931019128964,-0.16028609941495792,-1.3528613985342643,56.97784238381511
357,C.J. Cron,2019,12546,-0.23507683397442136,0.26483102866364494,-0.7484012641842334,-0.6633508602175271,56.86034876915667
303,Yasmani Grandal,2019,11368,0.2648134959923365,0.32230562690799064,-0.49505934705285315,-2.0283002932118843,56.72132835991147
318,Willson Contreras,2019,11609,0.5496672035711596,0.20339266502313752,-0.29600498359248295,-1.8688216653018905,56.56521461916422
18,Chase Utley,2019,1679,-0.07904852873514372,0.02650885296638375,-0.04188410597796474,0.1845555305289311,56.40205586027393
121,Robbie Grossman,2019,5254,1.1417160859898898,0.01577443627148019,-0.5583948263356981,-1.5967698882789603,56.40091587404664
414,Addison Russell,2019,14106,-0.3551622205027477,0.013131926007372362,0.2197267762821124,0.5890254236638935,56.27185296026548
379,Yoenis Cespedes,2019,13110,0.44876863530796895,-0.08051281272998415,-0.20474676699099484,-0.012447480418708107,56.19469998263923
419,Byron Buxton,2019,14161,-0.45606078876593886,-0.12411423208776362,1.6681738346588515,1.0288541488759562,56.17452815013533
65,Ryan Braun,2019,3410,-0.031210945217027636,-0.0014018804452208128,0.18353507383477236,0.09182734841508983,56.08769321813282
176,Logan Forsythe,2019,7185,0.0050939390822341,-0.09455036725502249,-0.16933402502679298,0.7578851473332985,56.02280200423765
229,Chris Davis,2019,9272,-1.5225038848943937,0.5588102955456431,-0.06980684329660783,-0.9588553766389858,55.97693122244449
180,Salvador Perez,2019,7304,-1.2264794436850297,0.5178513864519716,-0.25981328114514296,-1.1558583875866248,55.851419802276304
151,Aaron Hill,2019,6104,0.2731915462152441,-0.15400684819744911,-0.296004983592483,0.6593836418594788,55.76415194314401
265,Tucker Barnhart,2019,10200,0.19499641080144847,0.19678638936286785,-0.9745994044801085,-1.2355977015416217,55.681439249994256
0,Victor Martinez,2019,393,-0.4389427227318133,0.29059550373869647,-0.30505290920431805,-1.1980733185039762,55.21219636515763
378,Nori Aoki,2019,13075,0.2644515304040247,-0.12609611478584454,-0.47618453534604505,0.36748689783745314,55.14697847352154
441,Johan Camargo,2019,14950,0.48543548519554247,-0.057555223557512636,-0.36838838848716304,-0.5179438759466505,55.07372836723149
335,Nick Ahmed,2019,12147,-1.220894076869758,0.23047839523024288,-0.5945865287830382,0.5515010406262479,54.96810168019471
344,Scott Schebler,2019,12225,0.030228089750953924,-0.04500329980300036,-0.4498197189936781,0.1340422793324411,54.86200777044697
329,Joe Panik,2019,11936,-0.17922316582171,0.04880581457282829,-0.12409439696761788,-0.3631557959163626,54.522792251920606
193,Jonathan Lucroy,2019,7870,-0.3523695370951119,0.124117357099902,-0.1512381738031229,-0.5507777111045904,54.51593510871016
200,Josh Harrison,2019,8202,-0.4920037074768887,-0.08662283646269892,0.47306869341349256,0.6922174770174188,54.186298656362176
143,Avisail Garcia,2019,5760,-0.36074758731801826,-0.050948947897243,-0.31410083481615303,0.3920224127162544,53.66603865380448
84,Ryan Zimmerman,2019,4220,0.2955330134763279,-0.2577253760636821,-0.2507653555333079,0.5374293969871309,53.47105864610628
490,Scott Kingery,2019,17975,-1.6537600050532626,0.20933831311738013,0.42782906535431753,0.5186672054683081,53.464833741407716
437,JaCoby Jones,2019,14818,-1.6816868391296178,0.09703162689279654,0.33734980923596747,1.2691548662212195,53.271199111703126
127,Yangervis Solarte,2019,5352,-0.8857720679534964,0.32494813717209853,-0.6941137105132232,-1.137096196067802,53.26067405054435
207,Daniel Descalso,2019,8392,0.5608379372017015,-0.33171566345870196,-0.23266950430963795,0.43892789151331124,53.08802569391242
169,Mark Trumbo,2019,6876,-0.5618207926677761,0.0666427588555562,-0.15123817380312288,-0.3303219607584228,52.94520980378891
393,Tyler Naquin,2019,13359,1.278557572964031,-0.576808490454705,-0.20552572747413295,0.7531945994535929,52.921488006664966
250,Jay Bruce,2019,9892,-0.3384061200569346,0.05475146266707104,-0.7574491897960682,-0.4382045619916537,52.77527119015016
114,Alexei Ramirez,2019,5133,-1.3744916642897123,0.35467637764331184,-2.105590105959484,-0.09110401889343227,52.76105434422745
239,Justin Bour,2019,9744,0.6446184394307675,0.06003648319528668,-0.015519289625597787,-2.4598306981448084,52.69599103722092
479,Colin Moran,2019,16909,0.38489888252066484,0.0838190755722573,-1.0198390325392837,-1.8735122131815964,52.36447944299318
355,Kolten Wong,2019,12532,0.5161550026795337,-0.32180624996829754,-0.37743631409899814,0.27475871572361193,52.361115769207316
325,Leonys Martin,2019,11846,-0.23228415056678597,-0.21412395670590262,0.2649664043412875,0.5468104927465423,52.264883154831715
177,Matt Davidson,2019,7226,-0.6958695962342805,0.1835738380423286,-0.3774363140989981,-1.0432852384736884,52.099627781479455
286,Jedd Gyorko,2019,10816,0.39886229955884245,-0.15202496549936823,0.011624487209907226,-0.9166404457216346,51.96062890397652
267,Randal Grichuk,2019,10243,-0.8718086509153188,0.034932635686262106,-0.15123817380312293,0.06837460901656134,51.91977666552387
415,Albert Almora Jr.,2019,14109,0.03581345656622341,-0.1328667660845863,-0.8479284459144183,-0.1473905934499006,51.745263761906884
78,Melky Cabrera,2019,4022,0.18103299376327178,-0.13947304174485597,-0.5402989751120282,-0.48980058866841636,51.69924906431771
278,Enrique Hernandez,2019,10472,-0.10940608063082186,-0.31784248457213576,0.27401432995312236,0.8047906261303556,51.63173770814991
405,Travis Jankowski,2019,13768,0.16148420990982332,-0.4393979567210968,1.2692861472549728,0.7297418600550643,51.627741851766785
210,Gerardo Parra,2019,8553,0.23409397850834696,-0.13815178661280203,-0.4588676446055131,-0.64927921657841,51.61187199695286
328,Joc Pederson,2019,11899,0.024642722935682884,-0.277544203044491,-1.2912768008943336,0.9455070625215263,51.60405704680147
25,Matt Holliday,2019,1873,-0.12093877984967649,-0.1023135224088739,-0.06902788281346972,-0.44866843323133776,51.58885906211241
28,Adrian Gonzalez,2019,1908,-0.13769488029549007,-0.03889327607028553,-0.50332831218155,-0.7160296623745623,51.39982451698675
276,Tommy Joseph,2019,10349,-0.46443883898884536,-0.04880268956068995,-0.15045921331998477,-0.25166542228369854,51.375400386815244
182,Seth Smith,2019,7331,0.24769542995821203,-0.18555259572827112,-0.0418841059779647,-0.6315998005398598,51.31032950466436
187,Neil Walker,2019,7539,0.06932565745785119,-0.2200696048001453,-0.4679155702173481,0.03554077385862149,51.21250003822424
424,Wilmer Difo,2019,14320,-0.6120890940052155,-0.15598873089553,0.6449792800383577,0.26537761996420056,51.052887056557616
305,Delino DeShields,2019,11379,-0.2406622007896913,-0.42420352270247663,1.7126345022348883,0.9408165146418205,51.042235865545194
485,Rafael Devers,2019,17350,-0.45290613976999133,-0.24649470744122387,-0.0245672152374328,0.8141717218897668,50.920863737199085
117,Cameron Maybin,2019,5223,0.08608175790366401,-0.31586060187405485,0.6268834288146876,0.0636840611368556,50.842007439031676
453,Adam Frazier,2019,15223,0.45750865111918787,-0.46053803883395955,-0.9474556276446034,1.0111747328374059,50.824638977996074
309,Mark Canha,2019,11445,0.04977687360440101,-0.2729198100823023,-0.7484012641842334,0.37795076907713726,50.75375494290607
428,Ronald Guzman,2019,14388,-0.5646134760754117,-0.16061312385771873,-0.0245672152374328,0.37795076907713726,50.71163016541571
91,Brandon Moss,2019,4467,-0.6152437430011635,-0.07853093003190326,0.03954722452855036,-0.0968773422534106,50.70708039059047
225,Danny Espinosa,2019,9219,-0.8498291492425466,-0.01709256639139578,-0.23189054382649982,-0.012447480418708134,50.63441769472438
457,Hunter Renfroe,2019,15464,-0.8271257163931505,0.0005800022528600624,-0.04266306646110281,-0.31155976923959994,50.42024443813188
244,Ryan Goins,2019,9807,-1.123150157602514,0.044181421610639565,-0.4769634958291832,0.049612417497738585,50.319414795696076
338,Ben Gamel,2019,12160,0.5859720878704211,-0.5431164845873299,-0.0245672152374328,0.73443240793477,50.14211243649059
79,Dexter Fowler,2019,4062,-0.31327196938821467,-0.3270912704965132,-0.024567215237432813,0.8188622697694727,50.043750696666585
191,Miguel Rojas,2019,7802,-0.3048939191653087,-0.14740057253717953,-0.250765355533308,-0.3209408649990114,49.883762320031984
223,Logan Morrison,2019,9205,-0.6372232446739348,-0.11106605640569661,-0.042663066461102815,-0.08172292313402088,49.87980855173217
123,Francisco Cervelli,2019,5275,1.1417160859898885,-0.524618912738575,-0.9112639251972636,-0.0676512794949038,49.81657763819662
476,Isiah Kiner-Falefa,2019,16512,-0.034003628624663024,-0.37201394498634666,-0.8388805203025834,0.8939110358447636,49.80583821131545
425,Nick Williams,2019,14330,0.05536224041967312,-0.23658529395081937,-0.5855386031712032,-0.24120155104401453,49.799306061783604
158,Michael Bourn,2019,6387,-0.34119880346457016,-0.25970725876176304,0.6087875775910175,0.049612417497738585,49.66790146184764
252,Chris Carter,2019,9911,-0.39741443720559294,-0.10429540510695473,-0.06902788281346971,-0.5893848696225086,49.66384967560147
257,Michael Saunders,2019,9981,-0.48957298965756507,-0.223208366991808,-0.39475320483952997,0.40970182875480443,49.474791001156966
141,Steven Souza Jr.,2019,5667,-0.1457109649300838,-0.37795959308058924,0.48211661902532754,0.43423734363360555,49.343917702754474
439,Daniel Palka,2019,14897,-0.899735484991674,-0.021881334992056658,-0.20552572747413295,-0.32563141287871705,49.337988553458636
56,Welington Castillo,2019,3256,-0.06229242828933107,-0.1637518860493814,-0.01474032914245968,-0.8989610296830843,49.330039357972545
503,Shohei Ohtani,2019,19755,0.9713623981241223,-0.5635959391341657,0.15639129699926735,-0.1380094976904892,49.27008849586461
188,Lonnie Chisenhall,2019,7571,0.2979637312956504,-0.42932416759222014,0.09383477819956035,0.14234059961157983,49.23731875031028
80,Erick Aybar,2019,4082,-0.414170537651406,-0.14987870716281518,-0.3947532048395299,-0.2798087095619327,49.2070281442643
235,David Freese,2019,9549,0.9713623981241224,-0.4294885432306923,-0.377436314098998,-0.8556633232854605,49.069368509440565
195,Tim Beckham,2019,7949,-0.7154183800877302,-0.11304793910377745,-0.8207846690789133,0.05899351325714995,48.88350730873827
82,Gorkys Hernandez,2019,4146,-0.7991988823167953,-0.21280270157384876,-0.332196686039823,0.6218592588218333,48.79966351845505
390,Jake Lamb,2019,13329,-0.0479670456628406,-0.39381465466523635,-0.6579220080658832,0.6406214503406562,48.73632853066554
227,Keon Broxton,2019,9253,0.004731973493921404,-0.39166839632868333,1.016723190606731,-0.15316391680987895,48.708839312031806
145,John Jaso,2019,5887,0.23931737973530454,-0.3381575634804994,-0.639047196359075,-0.2235221350054643,48.70462197775067
110,Stephen Vogt,2019,5000,-0.5230851905491913,-0.13798741097432984,-0.2590343206620049,-0.43459678959222064,48.567116235460375
168,Derek Norris,2019,6867,-1.988882013969525,0.03757514595036995,0.6992668337093677,0.4717617266712511,48.44736501835743
103,Carlos Gomez,2019,4881,-0.43615003932417773,-0.2273365080264419,0.6359313544265226,-0.4428951098713594,48.328392955537325
112,Josh Donaldson,2019,5038,1.1417160859898896,-0.6745813702266954,-0.03361514084926781,0.06837460901656137,48.32763638145062
396,Jesse Winker,2019,13590,2.2001430974837506,-0.7816030359230632,-0.296004983592483,-0.9354026372404575,48.27080036609027
214,Jason Castro,2019,8722,-0.10418267940386383,-0.241045311274536,-0.1504592133199848,-0.6175281569007427,48.25570339586157
70,Troy Tulowitzki,2019,3531,-0.28849978430780765,-0.19942577461483732,-0.20474676699099484,-0.5893848696225086,48.147014511107415
314,Michael A. Taylor,2019,11489,-0.8438818168389635,-0.4493073702115012,1.3597654033733233,1.2034871959053397,47.74557337093451
198,Adam Lind,2019,8027,-0.03715827762061047,-0.34410321157474205,-0.1776029901554898,-0.25166542228369854,47.63228403561116
382,Jorge Polanco,2019,13152,0.22013056147016824,-0.4116515989479643,-0.9474556276446034,0.04023132173832719,47.55264032206201
135,Jose Pirela,2019,5485,-0.3384061200569346,-0.1189935871980201,-0.4045800909345031,-1.1464772918272135,47.524173332995076
292,Kevin Kiermaier,2019,11038,-0.628845194451029,-0.4255247778345306,0.11115166894009235,1.0862234989126973,47.40923038548402
217,Ezequiel Carrera,2019,9048,0.22256127928949188,-0.5343639505905071,0.22955366237708555,0.29712867964186773,47.378656346539046
120,Brett Lawrie,2019,5247,-0.4529061397699909,-0.4512892529095821,-0.0245672152374328,0.9408165146418207,47.18933182240062
308,Gary Sanchez,2019,11442,-0.29372318553476595,-0.313878719175974,-0.09695062013211285,-0.24589209892372027,47.016720541695065
96,Ben Revere,2019,4712,-0.7074022954531349,-0.43923358108262467,0.5552789844031457,0.8177794942891999,46.449855411580415
38,Pedro Alvarez,2019,2495,-0.1177841308537286,-0.5041394581917391,-0.0245672152374328,0.4717617266712511,46.425080213029474
347,Cory Spangenberg,2019,12294,-0.5869549433364958,-0.5034788306257121,0.5183083214726675,1.011174732837406,46.34038739149929
159,Kirk Nieuwenhuis,2019,6400,-0.061930462701018214,-0.39843904762742516,-2.105590105959484,0.4717617266712511,46.216487283143174
451,Jake Bauers,2019,15194,-0.28534513531185973,-0.4248641502685036,-1.3817560570126837,0.7062891206565358,46.15638665187685
255,Ryan Schimpf,2019,9953,0.2731915462152441,-0.8080281385641417,-0.38648423971083307,1.7851151329888457,45.971214324959526
483,Jung Ho Kang,2019,17182,0.775874559589636,-0.5437771121533568,-0.0245672152374328,-0.9823081160375143,45.796432308978055
13,Mark Teixeira,2019,1281,-0.9555891531443843,-0.0945503672550225,0.15639129699926735,-1.0761190736316282,45.710367714690065
293,Cameron Rupp,2019,11146,-0.4225485878743126,-0.3064474403112052,-0.01474032914245968,-0.5330982950660402,45.70413987351033
275,Domingo Santana,2019,10348,0.4575086511191868,-0.6679750945664258,-0.03361514084926781,0.28413981148302336,45.545723409579075
52,Robinson Chirinos,2019,3142,0.5133623192718971,-0.4057059508537217,0.03876826404541225,-1.5639360531210205,45.47706015632593
444,Adam Engel,2019,15082,-1.6872722059448897,-0.18109257840455456,0.05686411526908222,0.6593836418594788,45.393891511531265
386,Orlando Arcia,2019,13185,-1.142698941455963,-0.3085936986477583,-0.2417174299214729,0.5608821363856593,44.99600795311495
498,Hyun Soo Kim,2019,18718,0.30634178151855745,-0.6334580854945515,-0.4218969816750349,0.1845555305289311,44.64920629748393
469,Bradley Zimmer,2019,16221,-0.5366866419990565,-0.7948155872436025,2.6898104683130692,1.3629658238153333,44.5722602728183
36,Darwin Barney,2019,2430,-0.4644388389888449,-0.4689618215538379,-0.06902788281346973,0.24084210508539944,44.544693570816996
343,Jorge Alfaro,2019,12180,-0.061930462701018214,-0.4975331825314695,0.33734980923596747,-0.5132533280669449,44.25150847739613
291,Evan Gattis,2019,11003,-0.8550525504695057,-0.22667588046041492,-0.20552572747413295,-0.724327982653701,44.210347455519496
465,Aledmys Diaz,2019,15937,-0.5729915262983184,-0.29604177489324596,-0.7212574873487283,-0.5554682589842961,44.163237410558594
411,Devon Travis,2019,13862,-0.9527964697367477,-0.38390524117483193,-0.22362157869780291,0.33104529028008023,43.78378780860142
236,Yan Gomes,2019,9627,-0.7154183800877294,-0.330394408326648,-0.19647780186229793,-0.4382045619916537,43.75231800691263
8,Ichiro Suzuki,2019,1101,0.163914927729146,-0.643367498984956,0.12097855503506541,-0.08280569861429352,43.559899650711756
466,Willy Adames,2019,15986,0.6083135551315049,-0.8542720681860291,-1.0198390325392837,0.9877219934388777,43.5207043817414
95,Russell Martin,2019,4616,0.3625574152595793,-0.5160307543802244,-1.1103182886576335,-0.7571618178116409,43.516389714293936
251,Colby Rasmus,2019,9893,-1.123150157602514,-0.23328215612068456,0.15639129699926735,-0.6070642856610587,43.49403016337795
323,Christian Villanueva,2019,11738,-0.760101314609898,-0.4512892529095821,0.33734980923596747,0.0027069387006816315,43.12628030177592
231,Brock Holt,2019,9345,0.6641672232842167,-0.6488168951516438,-1.2641330240588287,-0.48511004078871056,43.07202946584956
190,Travis d'Arnaud,2019,7739,-0.4393046883201257,-0.5006719447231321,-0.12331543648447976,-0.06873405497517644,43.00847121225839
418,Daniel Robertson,2019,14145,0.9378501972324964,-0.9124072939964017,-0.5764906775593682,0.43423734363360555,42.91905874073343
194,Eric Sogard,2019,7927,1.865021088567487,-1.0128226840325,-0.8388805203025834,-0.37253689167577403,42.91895639343208
454,Jeff McNeil,2019,15362,1.5298990796512262,-1.3497427427062507,0.6992668337093677,1.691304175394732,42.72603123019769
74,J.J. Hardy,2019,3797,-0.7409144963447613,-0.3936502790267642,-0.2047467669909948,-0.33609528411840106,42.65119114067073
73,Eric Thames,2019,3711,-0.12057681426136457,-0.61050049632208,0.6902189080975328,-0.3490841522772455,42.62451569763292
142,Hernan Perez,2019,5751,-0.986308670628375,-0.4724293350224449,0.934512899617078,0.11528008781361834,42.61946266566382
43,Zack Cozart,2019,2616,-0.06472314610865326,-0.644853129755482,-0.006471364013762762,0.030850225978915735,42.52378001860189
203,Kurt Suzuki,2019,8259,0.2340939785083468,-0.591342296907298,-0.20552572747413295,-0.7665429135710523,42.44098344599744
144,Wilmer Flores,2019,5827,-0.30210123575767284,-0.34889198017540296,-0.277909132368813,-1.4419818082486726,42.327357520746276
39,Lucas Duda,2019,2502,-0.2937231855347663,-0.3178424845721357,-0.07885476890844284,-1.7890823513468939,42.171049386504166
366,James McCann,2019,12859,-1.2125160266468509,-0.15532810332950303,-0.8931680739735933,-1.0292135948345713,41.95941712746661
60,Matt Joyce,2019,3353,0.21733787806253335,-0.7413047543954184,-0.5764906775593681,0.19970994964832084,41.86255955756094
162,Sean Rodriguez,2019,6589,0.6362403892078601,-0.7287528306409062,-0.20552572747413295,-0.7477807220522297,41.8385937913083
247,Austin Jackson,2019,9848,0.030228089750953424,-0.7373409889992568,-0.49505934705285315,0.4483089872727227,41.836482274747404
189,Mark Reynolds,2019,7619,0.3290452143679536,-0.5900210417752443,-0.26886120675697794,-1.1511678397069192,41.69145305382197
221,Tyler Flowers,2019,9134,0.76749650936673,-0.8668239919405414,-0.34124461165165804,-0.1614622370890177,41.39340285881893
185,Trevor Plouffe,2019,7462,-0.6487559438927891,-0.49076253123272773,-0.23189054382649982,-0.29388035320104977,41.27487256331624
204,Chris Iannetta,2019,8267,0.4826428017879066,-0.7115765139242052,-0.20552572747413295,-0.8462822275260492,41.07417383374311
340,Miguel Sano,2019,12164,-0.5618207926677752,-0.5186732646443323,-0.1602860994149579,-0.4288234662322423,40.83994995956588
499,Guillermo Heredia,2019,18721,-0.254625617827869,-0.5853966488130555,-1.5084270155783737,0.012088034460093017,40.769948419783304
76,Chris Young,2019,3882,0.18067102817495956,-0.7959724667371842,-0.15045921331998477,0.08605402505511149,40.75519613260163
448,Mitch Garver,2019,15161,0.2452647121388889,-0.7749967602627936,-0.20552572747413295,-0.1380094976904892,40.75115445256131
284,Tyler Saladino,2019,10807,-0.6990242452302284,-0.6037298450233383,-0.23189054382649982,0.339343610559219,40.7013515644269
92,James Loney,2019,4556,-0.5366866419990565,-0.5702022147944353,-0.20552572747413295,-0.18491497648754618,40.63354628429056
391,Omar Narvaez,2019,13338,1.1696429200662442,-0.9143891766944825,-0.7122095617368932,-0.6492792165784099,40.559679786059895
387,Mike Zunino,2019,13265,-1.2739550616148323,-0.2531009831014934,-0.15123817380312288,-1.0714285257519225,40.47506589898294
41,Peter Bourjos,2019,2578,-0.7409144963447611,-0.6314762027964705,-0.39475320483952997,0.5785615524242095,40.45958246109416
208,Ehire Adrianza,2019,8418,-0.7042476464571876,-0.5702022147944353,0.33734980923596747,-0.23182045528460313,40.296239266003525
172,Martin Maldonado,2019,6887,-1.2460282275384769,-0.2861323614028416,-0.6398261568422133,-0.7993767487289922,40.18285985347285
156,Danny Valencia,2019,6364,-0.21832073352860729,-0.5378314640591142,-0.5041072726646881,-1.0432852384736884,39.91240477419457
238,Adam Rosales,2019,9682,-0.6152437430011629,-0.6830051529465737,-0.04188410597796474,0.36748689783745314,39.871142062351204
58,Charlie Culberson,2019,3298,-0.006076794548307829,-0.8608783438462987,-0.20552572747413295,0.4717617266712511,39.596952009235494
471,Yairo Munoz,2019,16313,0.6641672232842152,-0.8146344142244113,-1.472235313131034,-0.5601588068640018,39.23660852025266
256,Steve Pearce,2019,9957,0.9406428806401311,-1.1039892881442208,-0.31410083481615303,0.2653776199642005,38.88287661905801
307,Ronald Torreyes,2019,11400,-0.34119880346457016,-0.768390484602524,0.15639129699926735,0.049612417497738585,38.85137220824873
202,Hunter Pence,2019,8252,-1.1510769916788697,-0.644853129755482,-0.12409439696761787,0.673455285498596,38.67788997857562
491,David Fletcher,2019,17992,-0.28534513531185973,-0.9599724787503431,0.33734980923596747,1.0346274722359348,38.570876403628915
15,Wilson Ramos,2019,1433,0.3067037471068692,-0.5497227602475994,-0.24171742992147296,-2.5770943951374505,37.995485212879515
61,Miguel Montero,2019,3364,-0.12931683007258307,-0.8078637629256695,0.012403447693045341,-0.322023640479284,37.83121560126925
59,Martin Prado,2019,3312,-0.4920037074768886,-0.717522162018448,-0.4317238677700081,-0.12393785405137217,37.80398928386765
34,Kelly Johnson,2019,2234,-0.5646134760754117,-0.7882093115833329,0.5183083214726675,0.049612417497738585,37.73916295960073
86,Matt Wieters,2019,4298,-0.32444270301875655,-0.6858120388491536,-0.3774363140989981,-0.7290185305334067,37.51143244064829
427,Lewis Brinson,2019,14352,-2.407784525114853,-0.30595118838365043,-0.20552572747413295,0.23723433268596636,37.46296434952369
233,Matt Adams,2019,9393,-0.3970524716172805,-0.7089340036600974,-0.24171742992147296,-0.6117548335407643,37.200768437791325
45,Manny Pina,2019,2829,-0.36912563754092526,-0.7181827895844749,0.15639129699926735,-0.8087578444884037,37.05261037566848
350,Ryan Rua,2019,12409,0.13355737583346813,-1.2110109538405887,1.4231008826561684,0.9877219934388777,36.936219387041945
297,Matt Szczur,2019,11255,0.08013442550008039,-0.9267767248105228,-0.639047196359075,0.07198238141599438,36.93297505338779
446,Hunter Dozier,2019,15117,-1.3465648302133555,-0.4248641502685036,-0.9293597764209334,-0.7008752432551727,36.80187277238773
166,Johnny Giavotella,2019,6740,-1.0952233235261604,-0.5635959391341657,-0.5674427519475332,-0.37253689167577403,36.80086185124547
94,Prince Fielder,2019,4613,-0.9555891531443843,-0.5437771121533568,-0.20552572747413295,-0.8884971584434004,36.78784329300206
406,Adalberto Mondesi,2019,13769,-0.5646134760754117,-1.065672889314657,3.0517274927864695,0.4717617266712511,36.662808108325954
363,Brad Miller,2019,12775,-0.31047928598057944,-0.7776392705269015,-0.277909132368813,-0.5367060674654733,36.45775301503939
277,Adeiny Hechavarria,2019,10459,-1.223686760277394,-0.6646719567362909,0.12924752016376231,0.10589899205420694,36.457320882834736
438,Tony Kemp,2019,14894,0.692094057360572,-1.0392477866735785,0.33734980923596747,-0.7946862008492865,36.418424224224665
19,Jose Reyes,2019,1736,-1.2041379764239446,-0.6970427074716121,0.6178355032028526,0.012088034460092989,36.23416385745924
362,Billy Burns,2019,12701,-1.5420526687478417,-0.7948155872436025,1.061183858182768,0.9877219934388777,36.082543270802404
259,Chris Owings,2019,10030,-1.167833092124683,-0.6904364318113424,0.8621294947223977,-0.2552731946831316,36.03649477837338
102,Jarrod Dyson,2019,4866,-0.7210037469030006,-1.0531209655601448,1.8664492376360835,0.9126732273635865,35.9665356882276
100,Jeff Francoeur,2019,4792,-0.8159549827626084,-0.8014218629038721,-0.5674427519475332,0.4248562478741942,35.94856388061815
450,Chad Pinder,2019,15191,-0.17363779900643894,-0.8357744963372741,-0.7122095617368932,-0.4194423704728309,35.818836963311895
341,Jorge Bonifacio,2019,12174,-0.33002806983402805,-0.9031585080720241,-0.5402989751120282,0.17625721024979235,35.708208671907
433,Franmil Reyes,2019,14566,0.38489888252066484,-1.1053105432762746,-0.20552572747413295,0.09651789629479554,35.55799242920567
9,Andrew Romine,2019,1159,-1.03936965537345,-0.6891151766792886,-0.6579220080658833,-0.09110401889343227,35.324512847709514
299,Aaron Altherr,2019,11270,-0.469662240215804,-0.8919278394495659,-0.4407717933818431,0.16687611449038092,35.299531645664445
478,Greg Allen,2019,16623,-0.4529061397699909,-1.065672889314657,2.146934931602969,0.09651789629479554,34.94013021643828
55,Franklin Gutierrez,2019,3255,0.0777037076807562,-1.1185230945968139,-0.0245672152374328,0.4248562478741942,34.93009262071287
373,Austin Hedges,2019,12976,-1.402418498366067,-0.6541019156798595,0.34639773484780245,-0.5226344238263562,34.05785510680137
361,Alex Dickerson,2019,12649,0.18941104398617697,-1.1053105432762746,0.33734980923596747,-0.37253689167577403,33.76439717787257
429,Jake Cave,2019,14477,-0.3691256375409253,-0.9467599274298037,-0.20552572747413295,-0.2787259340816601,33.63647134044812
71,Rene Rivera,2019,3648,-0.47281688921175147,-0.9129035459239565,-0.1776029901554898,-0.39238185867486935,33.45770298116961
358,John Hicks,2019,12547,-0.3970524716172805,-0.9269411004489949,-0.5674427519475332,-0.32563141287871705,33.28636885422645
72,Rajai Davis,2019,3708,-1.1426989414559632,-1.0795460682012232,1.8664492376360835,0.6781458333783018,32.497343424361084
125,Alex Presley,2019,5305,0.775874559589636,-1.2440423321419367,0.6992668337093677,-1.0292135948345713,32.46243974367942
383,Nicky Delmonico,2019,13157,-0.843881816838962,-0.8873034464873772,-0.7484012641842334,-0.18491497648754618,31.951726302608897
403,David Dahl,2019,13744,0.25085007895415945,-1.2651824142547996,-0.03361514084926781,0.1246611835730297,31.94052224222589
133,Daniel Nava,2019,5450,1.865021088567487,-1.574356115155418,-0.0245672152374328,-0.6070642856610587,31.91113130554509
337,Austin Barnes,2019,12158,0.7395696752903737,-1.3682403145550057,-0.350292537263493,0.08244625265567843,31.894102662775975
42,Carlos Ruiz,2019,2579,1.083069734429543,-1.4488368776102951,-0.0245672152374328,-0.18491497648754618,31.652467550837223
436,Phillip Ervin,2019,14738,-0.061930462701018214,-1.3563490183665203,0.5183083214726675,0.8001000782506498,31.259301190206195
129,Juan Lagares,2019,5384,-0.843881816838962,-1.1911921268597798,-0.0245672152374328,1.2691548662212195,31.258401091104414
21,Jhonny Peralta,2019,1738,-0.5366866419990565,-0.9203348247887253,-0.20552572747413295,-0.9354026372404575,31.253080084029275
254,Trayce Thompson,2019,9952,-0.6763208123808324,-1.2572548834624762,0.42782906535431753,1.2222493874241624,31.23193172600458
421,Jorge Soler,2019,14221,0.5999355049085983,-1.276413082877258,-0.07885476890844284,-0.6117548335407643,31.200805184841194
170,Chris Coghlan,2019,6878,-1.0114428212970947,-1.0062164083722305,-0.20552572747413295,0.37795076907713726,31.11172884560254
319,Rosell Herrera,2019,11611,-1.123150157602514,-0.9930038570516911,-1.472235313131034,0.9877219934388777,31.083931606228457
130,Jake Smolinski,2019,5408,-0.760101314609898,-0.8806971708271075,-0.7484012641842334,-0.7008752432551727,30.92260611968452
146,Leury Garcia,2019,5913,-0.539479325406692,-1.0702972822768457,0.925464974005243,-0.5929926420219417,30.710116857405485
417,Greg Bird,2019,14131,-1.123150157602514,-0.9335473761092645,-0.11504647135578286,-0.09110401889343227,30.648856875321584
186,Alex Avila,2019,7476,0.1447281094640095,-1.1773189479732136,-0.277909132368813,-0.6023737377813531,30.589294461179616
101,Brian McCann,2019,4810,-0.4249793056936361,-1.0161258218626348,-0.305052909204318,-0.6774225038566442,30.583854075658415
164,Chase d'Arnaud,2019,6652,-0.2574183012355046,-1.2572548834624762,0.33734980923596747,0.2841398114830233,30.40111059179754
32,Ryan Howard,2019,2154,-1.9330283458168145,-0.5966273174355138,-0.4769634958291832,-0.8884971584434004,30.259680360338606
333,Kennys Vargas,2019,12101,-0.34119880346457016,-1.2440423321419367,-0.11504647135578286,0.4248562478741942,30.09321249657012
294,Ramon Flores,2019,11165,-0.899735484991674,-1.0788854406351962,0.33734980923596747,0.049612417497738585,29.900623681113284
376,Kelby Tomlinson,2019,13005,0.16148420990982332,-1.5215059098732608,1.061183858182768,0.7531945994535929,29.64405370989906
290,Phil Gosselin,2019,10953,-0.061930462701018214,-1.4025929479884078,0.42782906535431753,0.612478163062422,29.63139483858783
289,Greg Garcia,2019,10951,0.2229232448778039,-1.4191086371390815,-0.08790269452027785,0.41547515211478275,29.52799183117494
346,Kevan Smith,2019,12284,-0.4808329738463461,-1.0458540623338481,-0.20552572747413295,-0.7946862008492865,29.4544180443651
365,Brian Goodwin,2019,12858,-0.3691256375409253,-1.1515544728981622,0.9707046020644181,-0.7946862008492865,29.397374253137727
500,Dae-Ho Lee,2019,18722,-0.3970524716172805,-0.8939097221476469,-0.20552572747413295,-2.0142286495727673,29.169078201681504
63,Nick Hundley,2019,3376,-0.9444184195138416,-0.9692212646747205,-0.1783819506386279,-0.635207572939293,29.098288139698134
380,Mikie Mahtook,2019,13130,-0.9500037863291122,-1.080867323333277,0.4368769909661525,-0.1802244286078405,29.009927281009904
109,Luis Valbuena,2019,4969,-1.4107965485889729,-0.8258650828468697,-0.06075891768477276,-0.8556633232854606,29.006688877042066
460,Tyler White,2019,15564,0.20616714443199097,-1.345118349744062,-0.31410083481615303,-0.14270004557019492,28.912403557860692
183,Billy Butler,2019,7399,0.2731915462152441,-1.1779795755392406,-0.20552572747413295,-1.404457425211027,28.8515119735397
370,Alen Hanson,2019,12926,-1.5588087691936563,-1.0907767368236816,0.19258299944660734,0.8845299400853522,28.616199163238317
33,Ryan Raburn,2019,2218,-0.4808329738463461,-1.2968925374240938,-0.11504647135578286,0.5186672054683081,28.588393298164778
216,Gordon Beckham,2019,9015,-0.899735484991674,-1.1449481972378925,0.06591204088091727,0.1434233750918525,28.51819568131253
54,Dioner Navarro,2019,3179,-1.709613673205973,-0.7816030359230632,-0.7484012641842334,-0.6070642856610587,28.235031894110328
321,Elias Diaz,2019,11680,-0.26300366805077624,-1.31076571631066,-0.377436314098998,0.1903288538889094,28.099697729606117
44,Brandon Guyer,2019,2636,-0.12895486448427068,-1.2823587309715005,-0.323148760427988,-0.26465429044254296,28.0308198001037
140,Devin Mesoraco,2019,5666,-0.6483939783044772,-1.1779795755392406,-0.11504647135578286,-0.23182045528460313,27.776584344730093
348,Jace Peterson,2019,12325,-0.27417440168131785,-1.3173719919709295,0.6449792800383577,-0.28341648196136576,27.73016259716428
468,Austin Slater,2019,16153,0.18941104398617697,-1.501687082892452,1.061183858182768,-0.04419854009637532,27.715097895556838
392,Luke Maile,2019,13355,0.18941104398617697,-1.4620494289308343,0.24687055311761738,0.0027069387006816315,27.629818893761254
352,T.J. Rivera,2019,12495,0.10563054175711294,-1.4620494289308343,0.06591204088091727,0.19032885388890944,27.54441850517478
181,Chris Gimenez,2019,7324,0.6641672232842152,-1.501687082892452,-0.0245672152374328,-0.5132533280669449,27.374601914047975
412,Bruce Maxwell,2019,13866,0.0777037076807562,-1.3167113644049027,-0.20552572747413295,-0.6539697644581157,27.362189132158672
138,Jarrod Saltalamacchia,2019,5557,-1.179003825755226,-1.0590666136543874,-0.11504647135578286,-0.2787259340816601,27.246094259895685
408,Kevin Plawecki,2019,13807,-0.31327196938821494,-1.1581607485584318,-0.5674427519475332,-0.9354026372404575,27.17636896697275
134,Ji-Man Choi,2019,5452,0.8596550618187031,-1.5281121855335307,0.24687055311761738,-0.8884971584434004,27.04516464542841
209,Brett Wallace,2019,8434,-0.4808329738463461,-1.2968925374240938,-0.11504647135578286,-0.09110401889343227,26.696197414251234
430,Renato Nunez,2019,14503,-0.1177841308537286,-1.2638611591227458,-0.20552572747413295,-0.8884971584434004,26.67467013485146
388,Joey Rickard,2019,13277,-0.880186701138225,-1.3411545843479002,0.21067885067027736,0.659383641859479,26.45309268484763
502,Lourdes Gurriel Jr.,2019,19238,-0.4808329738463461,-1.2506486078022063,-0.7484012641842334,-0.2787259340816601,26.244895109877316
486,J.T. Riddle,2019,17642,-1.3326014131751793,-0.9632756165804779,-1.1827016935523134,-0.5460871632248847,26.191666434643356
301,Jake Marisnick,2019,11339,-1.1119794239719725,-1.3378514465177656,0.12019959455192727,0.8845299400853524,25.889583015950215
150,Cristhian Adames,2019,6013,-0.6204671442281221,-1.2968925374240938,-0.9293597764209334,0.1434233750918525,25.66330475340647
310,Tony Wolters,2019,11470,-0.4473207729547198,-1.4528006430064568,0.00257656159807218,0.4295467957538998,25.49609910352147
23,Rickie Weeks Jr.,2019,1849,0.021850039528047364,-1.6338125960978445,0.7897460898277178,0.4717617266712511,25.43432045652113
306,Tyler Holt,2019,11391,0.021850039528047364,-1.6139937691170356,-0.5674427519475332,0.8470055570477067,25.282683126206074
62,Alejandro De Aza,2019,3371,-0.8159549827626084,-1.2242235051611279,-0.5674427519475332,-0.2787259340816601,25.25010956827971
261,Max Stassi,2019,10059,-0.28534513531185973,-1.3365301913857115,-0.11504647135578286,-0.6539697644581157,25.175404889810206
16,David Ross,2019,1551,0.3290452143679529,-1.6338125960978445,-0.4769634958291832,0.37795076907713726,25.15171880277374
249,Ivan De Jesus,2019,9886,-0.42497930569363573,-1.3827741210075988,-0.0245672152374328,-0.18491497648754618,25.082410720272847
240,Christian Vazquez,2019,9774,-1.3214306795446362,-1.0603878687864412,0.24687055311761735,-0.8744255148042833,25.08218181365655
131,Pablo Sandoval,2019,5409,-0.8299183998007855,-1.2698068072169884,-0.250765355533308,-0.18491497648754618,24.950240070339472
452,Carlos Asuaje,2019,15197,-0.7210037469030002,-1.3001956752542285,-0.4045800909345031,-0.22243935952519175,24.597975125159973
326,Tyler Austin,2019,11850,-1.0952233235261604,-1.2176172295008583,-0.6579220080658833,-0.23182045528460313,23.951300112892962
349,Taylor Motter,2019,12399,-1.9330283458168145,-1.138341921577623,1.6040593948928685,-0.2787259340816601,23.871832259004158
230,Chris Herrmann,2019,9284,-1.4861990005951315,-1.2968925374240938,0.7897460898277178,0.19032885388890944,23.445961294762952
136,Austin Romine,2019,5491,-1.064503806042169,-1.2632005315567185,0.011624487209907233,-0.44289510987135944,23.385378475233743
440,Andrew Knapp,2019,14942,-0.2797597684965891,-1.5895505491740378,0.06591204088091726,0.21847214116714359,23.044871039886154
51,Gregor Blanco,2019,3123,-1.033784288558178,-1.4950808072321822,0.7716502386040478,0.504595561829191,22.77698799735267
64,Cliff Pennington,2019,3395,-0.5646134760754117,-1.5545372881746091,-0.0245672152374328,0.33104529028008023,22.492686965020944
11,Chris Johnson,2019,1191,-1.2627843279842899,-1.2440423321419367,-0.11504647135578286,-0.5132533280669449,22.3540284863618
434,David Bote,2019,14593,-0.20156463308279418,-1.6007812177964964,-1.0198390325392837,0.2841398114830233,22.059949751702675
497,Byung-ho Park,2019,18497,-1.4303453324424211,-1.3761678453473292,0.06591204088091727,0.4248562478741942,21.954970575448506
122,Sandy Leon,2019,5273,-1.7626746579510484,-1.063030379050549,-0.04266306646110282,-1.0245230469548656,21.885636472496913
20,Justin Morneau,2019,1737,-0.6483939783044772,-1.5479310125143395,-0.11504647135578286,0.23723433268596636,21.781362191857085
175,Caleb Joseph,2019,7087,-1.740333190689964,-1.1660882793507552,-0.11504647135578286,-0.4428951098713594,21.64049922424359
282,Carlos Perez,2019,10642,-2.296077188809432,-1.065672889314657,0.06591204088091727,-0.23182045528460313,21.63503496382524
27,Andres Blanco,2019,1907,-0.28534513531185973,-1.607387493456766,-0.8388805203025834,0.23723433268596636,21.57112268517976
237,Shawn O'Malley,2019,9629,-0.760101314609898,-1.4554431532705647,0.24687055311761738,-0.4663478492698879,21.332912951757557
161,Bobby Wilson,2019,6564,-1.569979502824197,-1.3299239157254419,-0.11504647135578286,0.049612417497738585,20.76165957898465
445,Ryan McMahon,2019,15112,-0.5366866419990565,-1.6536314230786533,0.06591204088091727,0.33104529028008023,20.757602382553877
113,Jefry Marte,2019,5107,-1.1762111423475892,-1.4587462911006994,-0.3774363140989981,0.23723433268596633,20.48072680046731
29,Desmond Jennings,2019,1965,-1.2627843279842899,-1.501687082892452,0.24687055311761738,0.2841398114830233,20.096908332566954
270,Danny Santana,2019,10322,-1.3186379961370018,-1.3497427427062507,-1.2912768008943336,-0.09110401889343227,19.75609129321434
66,Nolan Reimold,2019,3441,-0.7321744805335428,-1.4884745315719128,-0.6579220080658833,-0.4663478492698879,19.670497693613726
413,Patrick Kivlehan,2019,13910,-0.6204671442281221,-1.640418871758114,-0.7484012641842334,0.33104529028008023,19.555653488862127
442,Victor Caratini,2019,14968,-0.9276623190680292,-1.6668439743991927,-0.11504647135578286,0.7062891206565358,19.37894649194473
215,Conor Gillaspie,2019,9009,-0.5366866419990565,-1.6338125960978445,-0.6579220080658833,0.0027069387006816315,19.223094976532224
1,Juan Uribe,2019,454,-1.877174677664104,-1.277073710443285,-0.11504647135578286,-0.2787259340816601,19.197807653574763
385,Tyler Goeddel,2019,13180,-1.9051015117404593,-1.4422306019500255,0.42782906535431753,0.612478163062422,19.176872558566004
331,Cody Asche,2019,11997,-1.179003825755226,-1.5479310125143395,0.06591204088091727,0.09651789629479554,18.793573830260648
75,Gregorio Petit,2019,3812,-0.760101314609898,-1.5148996342129912,-0.296004983592483,-0.7008752432551727,18.72161682797873
234,Jeremy Hazelbaker,2019,9399,-0.8718086509153188,-1.5082933585527216,0.06591204088091727,-0.7477807220522297,18.581276879423037
311,Dixon Machado,2019,11472,-1.7654673413586834,-1.4488368776102951,-0.296004983592483,0.5186672054683081,18.56946817591713
384,Blake Swihart,2019,13176,-1.1510769916788708,-1.6206000447773052,0.6087875775910175,0.09651789629479554,18.162423970714784
463,Allen Cordoba,2019,15722,-1.2348574939079362,-1.4884745315719128,-0.5674427519475332,-0.23182045528460313,17.87909648306431
372,Jose Osuna,2019,12937,-1.5979063369005537,-1.4884745315719128,-0.11504647135578286,0.1434233750918525,17.713278407278032
271,Rafael Ortega,2019,10323,-1.2069306598315794,-1.6536314230786533,0.24687055311761738,0.37795076907713726,17.62049580278589
173,Clint Robinson,2019,6908,-0.6204671442281221,-1.501687082892452,-0.11504647135578286,-1.4513629040080838,17.61908627699554
89,Erik Kratz,2019,4403,-1.290711162060645,-1.54132473685407,0.06591204088091727,-0.23182045528460313,17.32252249464519
5,A.J. Pierzynski,2019,746,-2.324004022885787,-1.277073710443285,0.06591204088091727,-0.2787259340816601,17.08559928235303
165,JB Shuck,2019,6677,-2.184369852504011,-1.3959866723281382,-0.6579220080658833,0.4717617266712511,16.83632134879017
354,Curt Casali,2019,12510,-1.4861990005951315,-1.2968925374240938,-0.11504647135578286,-1.6389848191963117,16.625898118350086
443,Johnny Field,2019,15048,-2.01680884804588,-1.4488368776102951,0.6087875775910175,-0.09110401889343227,16.50398961133797
353,Jett Bandy,2019,12508,-1.2627843279842899,-1.4620494289308343,0.06591204088091727,-1.3575519464139698,15.57213513489674
269,Oswaldo Arcia,2019,10306,-1.569979502824197,-1.5215059098732608,-0.296004983592483,-0.32563141287871705,15.51010827355389
12,Alex Rodriguez,2019,1274,-2.2122966865803666,-1.3827741210075988,0.42782906535431753,-0.4663478492698879,15.417213400793415
46,Roberto Perez,2019,2900,-1.66772342209144,-1.5254696752694228,-0.1240943969676179,-0.2740353862019544,15.295575326229674
178,Tyler Moore,2019,7244,-1.6537600050532626,-1.6470251474183837,-0.11504647135578286,0.37795076907713726,14.955251356907091
67,Jeff Mathis,2019,3448,-1.472235583556954,-1.5776592529855527,-0.06075891768477282,-0.6727319559769385,14.111469885599135
304,Brett Eibner,2019,11369,-1.6816868391296178,-1.6139937691170356,-0.8388805203025834,0.1434233750918525,13.831643022981837
258,Christian Bethancourt,2019,10028,-1.709613673205973,-1.640418871758114,-0.6579220080658833,0.2841398114830233,13.818495288666874
274,John Ryan Murphy,2019,10346,-2.296077188809432,-1.5148996342129912,-0.11504647135578286,0.09651789629479554,13.377866235667128
327,Ronny Rodriguez,2019,11875,-1.9609551798931697,-1.6272063204375748,0.24687055311761738,0.0027069387006816315,13.03798991110294
458,Victor Reyes,2019,15487,-2.435711359191208,-1.54132473685407,1.1516631143011182,-0.23182045528460313,12.696127966601686
431,Pedro Severino,2019,14523,-2.01680884804588,-1.5809623908156876,0.06591204088091727,-0.37253689167577403,12.283598316418363
481,Dustin Fowler,2019,17098,-1.9609551798931697,-1.6470251474183837,-0.4769634958291832,-0.41944237047283095,10.414080005140043
